INTV-QRT_1,0.927424
INTV-QRT_2,0.0965351
INTV-QRT_3,0.985618
INTV-QRT_4,0.124632
INTV-MON_1,0.441172
INTV-MON_10,0.767609
INTV-MON_11,0.11381
INTV-MON_12,0.330738
INTV-MON_2,0.5632
INTV-MON_3,0.991936
INTV-MON_4,0.561365
INTV-MON_5,0.560205
INTV-MON_6,0.142162
INTV-MON_7,0.574874
INTV-MON_8,0.533908
INTV-MON_9,0.248111
LIVQRT_1.0,0.000169446
LIVQRT_11.0,0.00146555
LIVQRT_12.0,
LIVQRT_2.0,
LIVQRT_4.0,
LIVQRT_5.0,0.00683926
LIVQRT_6.0,0.544862
LIVQRT_7.0,
LIVQRT_8.0,
LIVQRT_nan,
NON-INTV_nan,
RECTYPE_10,
REGION_1,0.66591
REGION_2,0.827222
REGION_3,0.152812
REGION_4,0.0947804
FINT-M-P_1,0.441172
FINT-M-P_10,0.767609
FINT-M-P_11,0.11381
FINT-M-P_12,0.330738
FINT-M-P_2,0.471374
FINT-M-P_3,0.413642
FINT-M-P_4,0.697392
FINT-M-P_5,0.560205
FINT-M-P_6,0.142162
FINT-M-P_7,0.529425
FINT-M-P_8,0.578637
FINT-M-P_9,0.248111
FM-SIZE_1,0.742967
FM-SIZE_10,
FM-SIZE_2,0.00823337
FM-SIZE_3,0.052075
FM-SIZE_4,0.574478
FM-SIZE_5,0.964453
FM-SIZE_6,0.665529
FM-SIZE_7,0.508704
FM-SIZE_8,0.501661
FM-SIZE_9,
FM-STRCP_11.0,0.835279
FM-STRCP_12.0,0.748712
FM-STRCP_21.0,0.000170011
FM-STRCP_22.0,0.820637
FM-STRCP_23.0,0.191846
FM-STRCP_31.0,0.269722
FM-STRCP_32.0,0.504474
FM-STRCP_33.0,
FM-STRCP_41.0,0.538864
FM-STRCP_42.0,0.297337
FM-STRCP_43.0,0.779123
FM-STRCP_44.0,0.910165
FM-STRCP_45.0,0.623152
FM-STRCP_nan,
FM-TYPE_1,0.742967
FM-TYPE_2,0.0507441
FM-TYPE_3,0.199678
FM-TYPE_4,0.299167
FM-STRP_11.0,0.835279
FM-STRP_12.0,0.748712
FM-STRP_21.0,0.000170011
FM-STRP_22.0,0.820637
FM-STRP_23.0,0.191846
FM-STRP_31.0,0.269722
FM-STRP_32.0,0.504474
FM-STRP_33.0,
FM-STRP_41.0,0.595801
FM-STRP_42.0,0.652953
FM-STRP_43.0,0.297337
FM-STRP_44.0,0.910165
FM-STRP_45.0,0.623152
FM-STRP_nan,
TELN-FLG_1.0,0.734101
TELN-FLG_2.0,0.477782
TELN-FLG_nan,0.281438
CURWRKN_1.0,0.637538
CURWRKN_2.0,0.512638
CURWRKN_nan,0.477782
TELCELN_1.0,0.900131
TELCELN_2.0,0.900131
TELCELN_nan,
PHONEUSE_1.0,0.263769
PHONEUSE_2.0,0.962854
PHONEUSE_3.0,0.233198
PHONEUSE_nan,0.690827
FLNGINTV_1,0.81267
FLNGINTV_2,0.983508
FLNGINTV_3,0.465354
FLNGINTV_4,0.512099
FM-EDUC1_1.0,0.822766
FM-EDUC1_2.0,0.97381
FM-EDUC1_3.0,0.983198
FM-EDUC1_4.0,0.461283
FM-EDUC1_5.0,0.74604
FM-EDUC1_6.0,0.453829
FM-EDUC1_nan,0.237204
F10DVYN_1.0,0.389223
F10DVYN_2.0,0.389223
F10DVYN_nan,
FDMEDYN_1.0,0.160164
FDMEDYN_2.0,0.160164
FDMEDYN_nan,
FHCDVYN_1.0,0.501736
FHCDVYN_2.0,0.501736
FHCDVYN_nan,
FHCHMYN_1,0.813749
FHCHMYN_2,0.813749
FHCPHRYN_1.0,0.247032
FHCPHRYN_2.0,0.247032
FHCPHRYN_nan,
FHOSP2YN_1.0,0.160187
FHOSP2YN_2.0,0.160187
FHOSP2YN_nan,
FNMEDYN_1,0.557799
FNMEDYN_2,0.557799
FSRUNOUT_1.0,0.438137
FSRUNOUT_2.0,0.311652
FSRUNOUT_3.0,0.585025
FSRUNOUT_nan,
FSLAST_1.0,0.275316
FSLAST_2.0,0.829653
FSLAST_3.0,0.66634
FSLAST_nan,
FSBALANC_1.0,0.47431
FSBALANC_2.0,0.575012
FSBALANC_3.0,0.981988
FSBALANC_nan,
FSSKIP_1.0,0.988822
FSSKIP_2.0,0.887459
FSSKIP_nan,0.901535
FSLESS_1.0,0.975343
FSLESS_2.0,0.953014
FSLESS_nan,0.978993
FSHUNGRY_1.0,0.493747
FSHUNGRY_2.0,0.750919
FSHUNGRY_nan,0.901535
FSWEIGHT_1.0,0.817814
FSWEIGHT_2.0,0.702325
FSWEIGHT_nan,0.772676
FSNOTEAT_1.0,0.410972
FSNOTEAT_2.0,0.510284
FSNOTEAT_nan,0.73826
FCHLMYN_1.0,0.616884
FCHLMYN_2.0,0.988428
FCHLMYN_nan,0.918806
FSPEDYN_1.0,0.272879
FSPEDYN_2.0,0.259497
FSPEDYN_nan,0.110062
FLAADLYN_1,0.631966
FLAADLYN_2,0.631966
FLIADLYN_1.0,0.561887
FLIADLYN_2.0,0.561887
FLIADLYN_nan,
FWKLIMYN_1.0,0.4039
FWKLIMYN_2.0,0.4039
FWKLIMYN_nan,
FWALKYN_1,0.609628
FWALKYN_2,0.609628
FREMEMYN_1,0.593173
FREMEMYN_2,0.593173
FANYLYN_1.0,0.91228
FANYLYN_2.0,0.91228
FANYLYN_nan,
FGAH_1.0,0.572154
FGAH_2.0,0.221282
FGAH_nan,0.175793
HOUSEOWN_1.0,0.4619
HOUSEOWN_2.0,0.175793
HOUSEOWN_3.0,0.0639845
HOUSEOWN_nan,
FSNAP_1.0,0.249285
FSNAP_2.0,0.311697
FSNAP_nan,0.501661
INCGRP4_1.0,0.207475
INCGRP4_2.0,0.258842
INCGRP4_3.0,0.0385677
INCGRP4_4.0,0.326362
INCGRP4_5.0,0.391071
INCGRP4_6.0,0.939902
INCGRP4_7.0,0.788355
INCGRP4_96.0,0.439227
INCGRP4_nan,0.171027
INCGRP5_1.0,0.207475
INCGRP5_2.0,0.00972317
INCGRP5_3.0,0.326362
INCGRP5_4.0,0.391071
INCGRP5_96.0,0.458726
INCGRP5_nan,0.171027
RAT-CAT4_1.0,0.296528
RAT-CAT4_10.0,0.418959
RAT-CAT4_11.0,0.699562
RAT-CAT4_12.0,0.449567
RAT-CAT4_13.0,0.120623
RAT-CAT4_14.0,0.27973
RAT-CAT4_15.0,0.959247
RAT-CAT4_16.0,0.607388
RAT-CAT4_17.0,0.70788
RAT-CAT4_2.0,0.94672
RAT-CAT4_3.0,0.970855
RAT-CAT4_4.0,0.392862
RAT-CAT4_5.0,0.288391
RAT-CAT4_6.0,0.895637
RAT-CAT4_7.0,0.505102
RAT-CAT4_8.0,0.426483
RAT-CAT4_9.0,0.390954
RAT-CAT4_96.0,0.763869
RAT-CAT4_nan,0.171027
RAT-CAT5_1.0,0.296528
RAT-CAT5_10.0,0.418959
RAT-CAT5_11.0,0.699562
RAT-CAT5_12.0,0.449567
RAT-CAT5_13.0,0.120623
RAT-CAT5_14.0,0.27973
RAT-CAT5_15.0,0.959247
RAT-CAT5_16.0,0.607388
RAT-CAT5_17.0,0.676128
RAT-CAT5_18.0,0.546003
RAT-CAT5_2.0,0.94672
RAT-CAT5_3.0,0.970855
RAT-CAT5_4.0,0.392862
RAT-CAT5_5.0,0.288391
RAT-CAT5_6.0,0.895637
RAT-CAT5_7.0,0.505102
RAT-CAT5_8.0,0.426483
RAT-CAT5_9.0,0.390954
RAT-CAT5_96.0,0.655192
RAT-CAT5_nan,0.171027
FSALYN_1.0,0.108619
FSALYN_2.0,0.108619
FSALYN_nan,
FSEINCYN_1.0,0.0164082
FSEINCYN_2.0,0.0164082
FSEINCYN_nan,
FSSRRYN_1.0,0.998588
FSSRRYN_2.0,0.998588
FSSRRYN_nan,
FPENSYN_1.0,0.748204
FPENSYN_2.0,0.748204
FPENSYN_nan,
FOPENSYN_1.0,0.598605
FOPENSYN_2.0,0.598605
FOPENSYN_nan,
FSSIYN_1.0,0.373451
FSSIYN_2.0,0.373451
FSSIYN_nan,
FTANFYN_1.0,0.33909
FTANFYN_2.0,0.359401
FTANFYN_nan,0.893037
FOWBENYN_1.0,0.825508
FOWBENYN_2.0,0.825508
FOWBENYN_nan,
FINTR1YN_1.0,0.513956
FINTR1YN_2.0,0.523939
FINTR1YN_nan,0.902913
FDIVDYN_1.0,0.117036
FDIVDYN_2.0,0.379768
FDIVDYN_nan,0.00167054
FCHSPYN_1.0,0.119104
FCHSPYN_2.0,0.119104
FCHSPYN_nan,
FINCOTYN_1.0,0.215258
FINCOTYN_2.0,0.277119
FINCOTYN_nan,0.501661
FSSAPLYN_1.0,0.318612
FSSAPLYN_2.0,0.269127
FSSAPLYN_nan,0.565511
FSDAPLYN_1.0,0.399645
FSDAPLYN_2.0,0.310224
FSDAPLYN_nan,0.439416
FWICYN_1.0,0.338067
FWICYN_2.0,0.878349
FWICYN_nan,0.946102
COVCONF_1.0,0.393023
COVCONF_2.0,0.701171
COVCONF_3.0,0.566663
COVCONF_4.0,0.573217
COVCONF_nan,0.741252
FHICOST_0.0,0.775868
FHICOST_1.0,0.451379
FHICOST_2.0,0.19102
FHICOST_3.0,0.966424
FHICOST_4.0,0.170414
FHICOST_5.0,0.844271
FHICOST_nan,0.297882
FMEDBILL_1.0,0.667248
FMEDBILL_2.0,0.560405
FMEDBILL_nan,0.312354
FMEDBPAY_1.0,0.222431
FMEDBPAY_2.0,0.182499
FMEDBPAY_nan,0.312354
FMEDBNOP_1.0,0.445632
FMEDBNOP_2.0,0.949351
FMEDBNOP_nan,0.667248
FSAF_1.0,0.284467
FSAF_2.0,0.275852
FSAF_nan,0.873422
FHICOVYN_1.0,0.796181
FHICOVYN_2.0,0.669782
FHICOVYN_nan,0.570203
FPRCOOH_1.0,0.185046
FPRCOOH_2.0,0.298535
FPRCOOH_nan,0.825782
AGE-CHG_nan,
SEX_1,0.406709
SEX_2,0.406709
NOWAF_2.0,0.521372
NOWAF_nan,0.521372
COHAB1_1.0,0.591374
COHAB1_2.0,0.633006
COHAB1_nan,0.499019
COHAB2_1.0,
COHAB2_2.0,
COHAB2_3.0,0.591374
COHAB2_4.0,
COHAB2_nan,0.591374
ASTATFLG_1.0,
CSTATFLG_nan,
RRP_1.0,0.18656
RRP_10.0,0.576258
RRP_11.0,
RRP_12.0,
RRP_13.0,0.478245
RRP_14.0,0.65885
RRP_15.0,0.713294
RRP_2.0,0.00933202
RRP_3.0,0.477827
RRP_4.0,0.566292
RRP_6.0,0.760346
RRP_7.0,0.81652
RRP_8.0,0.775119
RRP_9.0,
RRP_nan,
FRRP_1.0,0.111437
FRRP_10.0,0.576258
FRRP_11.0,
FRRP_12.0,
FRRP_2.0,0.00933202
FRRP_3.0,0.477827
FRRP_4.0,0.566292
FRRP_6.0,0.760346
FRRP_7.0,0.81652
FRRP_8.0,0.775119
FRRP_9.0,
FRRP_nan,
ORIGIN-I_1,0.415352
ORIGIN-I_2,0.415352
HISPAN-I_0,0.543204
HISPAN-I_1,0.615765
HISPAN-I_12,0.415352
HISPAN-I_2,0.740305
HISPAN-I_3,0.912454
HISPAN-I_4,0.991656
HISPAN-I_5,0.902913
HISPAN-I_6,0.614819
HISPAN-I_7,
HISPAN-I_8,
RACRECI3_1,0.731251
RACRECI3_2,0.287891
RACRECI3_3,0.251179
RACRECI3_4,0.447061
QCADULT_nan,
QCCHILD_nan,
R-MARITL_1.0,0.120447
R-MARITL_2.0,0.812709
R-MARITL_4.0,0.635323
R-MARITL_5.0,0.586039
R-MARITL_6.0,0.216601
R-MARITL_nan,0.566173
MRACRPI2_1,0.731251
MRACRPI2_10,0.760891
MRACRPI2_11,0.0566384
MRACRPI2_15,0.573363
MRACRPI2_16,0.556233
MRACRPI2_17,0.565511
MRACRPI2_2,0.329209
MRACRPI2_3,0.616292
MRACRPI2_9,0.427991
RACERPI2_1,0.79174
RACERPI2_2,0.329209
RACERPI2_3,0.616292
RACERPI2_4,0.251179
RACERPI2_5,0.734733
RACERPI2_6,0.845545
HISCODI3_1,0.415352
HISCODI3_2,0.455473
HISCODI3_3,0.346727
HISCODI3_4,0.251179
HISCODI3_5,0.342772
MRACBPI2_1,0.46747
MRACBPI2_12,0.427991
MRACBPI2_16,0.327316
MRACBPI2_17,0.565511
MRACBPI2_2,0.394538
MRACBPI2_3,0.614709
MRACBPI2_6,0.760891
MRACBPI2_7,0.0566384
HHREFLG_P,0.18656
HHREFLG_nan,0.18656
FMREFLG_P,0.111437
FMREFLG_nan,0.111437
FMRPFLG_B,0.260221
FMRPFLG_nan,0.260221
PARENTS_1,0.61481
PARENTS_2,0.893524
PARENTS_3,0.548433
PARENTS_4,0.423691
DAD-DEGP_1.0,0.559064
DAD-DEGP_2.0,0.851094
DAD-DEGP_3.0,
DAD-DEGP_nan,0.542025
MOM-DEGP_1.0,0.427888
MOM-DEGP_2.0,
MOM-DEGP_3.0,
MOM-DEGP_nan,0.427888
SIB-DEGP_1.0,0.775119
SIB-DEGP_2.0,
SIB-DEGP_3.0,
SIB-DEGP_4.0,
SIB-DEGP_nan,0.775119
CDCMSTAT_1.0,0.216601
CDCMSTAT_2.0,0.478735
CDCMSTAT_3.0,0.132161
CDCMSTAT_4.0,0.57352
CDCMSTAT_5.0,0.635323
CDCMSTAT_nan,0.259824
DAD-ED_nan,
MOM-ED_nan,
FDRN-FLG_1,0.106324
FDRN-FLG_2,0.106324
PDMED12M_1.0,0.443959
PDMED12M_2.0,0.443959
PDMED12M_nan,
PNMED12M_1,0.752525
PNMED12M_2,0.752525
PHOSPYR2_1.0,0.129319
PHOSPYR2_2.0,0.129319
PHOSPYR2_nan,
HOSPNO_1.0,0.19923
HOSPNO_12.0,
HOSPNO_2.0,0.349078
HOSPNO_3.0,0.688625
HOSPNO_30.0,
HOSPNO_4.0,0.588961
HOSPNO_5.0,
HOSPNO_7.0,
HOSPNO_nan,0.129319
HPNITE_1.0,0.283843
HPNITE_10.0,
HPNITE_11.0,
HPNITE_12.0,
HPNITE_13.0,0.901097
HPNITE_14.0,0.710813
HPNITE_15.0,
HPNITE_17.0,
HPNITE_2.0,0.521656
HPNITE_20.0,0.688625
HPNITE_21.0,
HPNITE_26.0,
HPNITE_3.0,0.801392
HPNITE_30.0,
HPNITE_38.0,
HPNITE_4.0,0.549295
HPNITE_45.0,
HPNITE_5.0,0.866803
HPNITE_6.0,0.366193
HPNITE_60.0,
HPNITE_68.0,
HPNITE_7.0,0.714536
HPNITE_8.0,
HPNITE_9.0,
HPNITE_999.0,
HPNITE_nan,0.129319
PHCHM2W_1,0.788587
PHCHM2W_2,0.788587
PHCHMN2W_1.0,
PHCHMN2W_2.0,0.901097
PHCHMN2W_3.0,
PHCHMN2W_4.0,0.614901
PHCHMN2W_5.0,
PHCHMN2W_6.0,
PHCHMN2W_nan,0.788587
PHCPH2WR_1.0,0.518399
PHCPH2WR_2.0,0.518399
PHCPH2WR_nan,
PHCPHN2W_1.0,0.385992
PHCPHN2W_10.0,
PHCPHN2W_11.0,
PHCPHN2W_12.0,
PHCPHN2W_15.0,
PHCPHN2W_2.0,0.764533
PHCPHN2W_20.0,
PHCPHN2W_3.0,0.800729
PHCPHN2W_4.0,
PHCPHN2W_5.0,
PHCPHN2W_50.0,
PHCPHN2W_6.0,
PHCPHN2W_7.0,
PHCPHN2W_9.0,0.803145
PHCPHN2W_nan,0.518399
PHCDV2W_1.0,0.839616
PHCDV2W_2.0,0.839616
PHCDV2W_nan,
PHCDVN2W_1.0,0.476041
PHCDVN2W_11.0,
PHCDVN2W_12.0,
PHCDVN2W_2.0,0.577642
PHCDVN2W_3.0,0.336388
PHCDVN2W_4.0,0.614901
PHCDVN2W_5.0,0.739676
PHCDVN2W_6.0,
PHCDVN2W_8.0,
PHCDVN2W_9.0,
PHCDVN2W_nan,0.839616
P10DVYR_1.0,0.476596
P10DVYR_2.0,0.476596
P10DVYR_nan,
PLAPLYLM_nan,
PLAPLYUN_nan,
PSPEDEIS_nan,
PSPEDEM_nan,
PLAADL_1.0,0.719695
PLAADL_2.0,0.719695
LABATH_1.0,
LABATH_2.0,0.719695
LABATH_nan,0.719695
LADRESS_1.0,0.901097
LADRESS_2.0,0.527854
LADRESS_nan,0.719695
LAEAT_1.0,0.901097
LAEAT_2.0,0.527854
LAEAT_nan,0.719695
LABED_1.0,0.901097
LABED_2.0,0.527854
LABED_nan,0.719695
LATOILT_1.0,0.901097
LATOILT_2.0,0.527854
LATOILT_nan,0.719695
LAHOME_1.0,0.901097
LAHOME_2.0,0.527854
LAHOME_nan,0.719695
PLAIADL_1.0,0.613764
PLAIADL_2.0,0.613764
PLAIADL_nan,
PLAWKNOW_1.0,0.291395
PLAWKNOW_2.0,0.291395
PLAWKNOW_nan,
PLAWKLIM_0.0,0.291395
PLAWKLIM_1.0,0.186226
PLAWKLIM_2.0,0.657329
PLAWKLIM_nan,
PLAWALK_1,0.883806
PLAWALK_2,0.883806
PLAREMEM_1,0.486305
PLAREMEM_2,0.486305
PLIMANY_0.0,0.808865
PLIMANY_1.0,0.864705
PLIMANY_2.0,0.862416
PLIMANY_nan,
LAHCC1_nan,
LAHCC2_nan,
LAHCC3_nan,
LAHCC4_nan,
LAHCC5_nan,
LAHCC6_nan,
LAHCC8_nan,
LAHCC9_nan,
LAHCC10_nan,
LAHCC11_nan,
LAHCC12_nan,
LAHCC13_nan,
LAHCC90_nan,
LAHCC91_nan,
LAHCA1_1.0,0.967303
LAHCA1_2.0,0.697086
LAHCA1_nan,0.70209
LAHCA2_1.0,0.230739
LAHCA2_2.0,0.401422
LAHCA2_nan,0.70209
LAHCA3_1.0,0.393103
LAHCA3_2.0,0.475127
LAHCA3_nan,0.70209
LAHCA4_1.0,0.0887325
LAHCA4_2.0,0.620485
LAHCA4_nan,0.70209
LAHCA5_1.0,
LAHCA5_2.0,0.70209
LAHCA5_nan,0.70209
LAHCA6_1.0,2.07657e-09
LAHCA6_2.0,0.425187
LAHCA6_nan,0.70209
LAHCA7_1.0,0.59342
LAHCA7_2.0,0.618952
LAHCA7_nan,0.70209
LAHCA8_1.0,
LAHCA8_2.0,0.70209
LAHCA8_nan,0.70209
LAHCA9_1.0,0.885969
LAHCA9_2.0,0.635807
LAHCA9_nan,0.70209
LAHCA10_1.0,0.594254
LAHCA10_2.0,0.581232
LAHCA10_nan,0.70209
LAHCA11_1.0,0.949835
LAHCA11_2.0,0.687671
LAHCA11_nan,0.70209
LAHCA12_1.0,
LAHCA12_2.0,0.70209
LAHCA12_nan,0.70209
LAHCA13_1.0,0.59342
LAHCA13_2.0,0.618952
LAHCA13_nan,0.70209
LAHCA15_1.0,
LAHCA15_2.0,0.70209
LAHCA15_nan,0.70209
LAHCA16_1.0,0.755069
LAHCA16_2.0,0.60487
LAHCA16_nan,0.70209
LAHCA17_1.0,0.386224
LAHCA17_2.0,0.433962
LAHCA17_nan,0.70209
LAHCA18_1.0,
LAHCA18_2.0,0.70209
LAHCA18_nan,0.70209
PHSTAT_1.0,0.749246
PHSTAT_2.0,0.41176
PHSTAT_3.0,0.511569
PHSTAT_4.0,0.366474
PHSTAT_5.0,0.625097
PHSTAT_nan,
LAUNIT1_3.0,
LAUNIT1_4.0,0.925741
LAUNIT1_6.0,0.83954
LAUNIT1_nan,0.967303
LAUNIT2_4.0,0.230739
LAUNIT2_6.0,
LAUNIT2_nan,0.230739
LAUNIT3_3.0,
LAUNIT3_4.0,0.393103
LAUNIT3_nan,0.393103
LAUNIT4_2.0,
LAUNIT4_3.0,2.07657e-09
LAUNIT4_4.0,0.437678
LAUNIT4_6.0,
LAUNIT4_nan,0.0887325
LAUNIT5_2.0,
LAUNIT5_3.0,
LAUNIT5_4.0,
LAUNIT5_nan,
LAUNIT6_2.0,
LAUNIT6_3.0,
LAUNIT6_4.0,2.07657e-09
LAUNIT6_nan,2.07657e-09
LAUNIT7_3.0,
LAUNIT7_4.0,0.59342
LAUNIT7_6.0,
LAUNIT7_nan,0.59342
LAUNIT8_2.0,
LAUNIT8_3.0,
LAUNIT8_4.0,
LAUNIT8_nan,
LAUNIT9_3.0,0.468223
LAUNIT9_4.0,0.799262
LAUNIT9_nan,0.885969
LAUNIT10_4.0,0.594254
LAUNIT10_nan,0.594254
LAUNIT11_2.0,
LAUNIT11_3.0,
LAUNIT11_4.0,0.949835
LAUNIT11_nan,0.949835
LAUNIT12_3.0,
LAUNIT12_4.0,
LAUNIT12_nan,
LAUNIT13_6.0,0.59342
LAUNIT13_nan,0.59342
LAUNIT15_4.0,
LAUNIT15_6.0,
LAUNIT15_nan,
LAUNIT16_3.0,0.610674
LAUNIT16_4.0,0.857139
LAUNIT16_nan,0.755069
LAUNIT17_1.0,
LAUNIT17_2.0,
LAUNIT17_3.0,
LAUNIT17_4.0,0.386224
LAUNIT17_6.0,
LAUNIT17_nan,0.386224
LAUNIT18_4.0,
LAUNIT18_6.0,
LAUNIT18_nan,
LCUNIT1_nan,
LCUNIT2_nan,
LCUNIT3_nan,
LCUNIT4_nan,
LCUNIT5_nan,
LCUNIT6_nan,
LCUNIT8_nan,
LCUNIT9_nan,
LCUNIT10_nan,
LCUNIT11_nan,
LCUNIT12_nan,
LCUNIT13_nan,
LCUNIT90_nan,
LCUNIT91_nan,
LAUNIT19_3.0,
LAUNIT19_6.0,
LAUNIT19_nan,
LAUNIT20_2.0,
LAUNIT20_3.0,
LAUNIT20_4.0,0.985547
LAUNIT20_6.0,0.501661
LAUNIT20_nan,0.68651
LAUNIT21_4.0,
LAUNIT21_nan,
LAUNIT22_4.0,
LAUNIT22_nan,
LAUNIT23_4.0,0.185885
LAUNIT23_6.0,0.760346
LAUNIT23_nan,0.471631
LAUNIT25_3.0,
LAUNIT25_4.0,
LAUNIT25_6.0,
LAUNIT25_nan,
LAUNIT26_3.0,
LAUNIT26_nan,
LAUNIT27_nan,
LAUNIT28_4.0,
LAUNIT28_nan,
LAUNIT29_nan,
LAUNIT30_4.0,0.592844
LAUNIT30_6.0,
LAUNIT30_nan,0.592844
LAUNIT31_3.0,
LAUNIT31_4.0,
LAUNIT31_nan,
LAUNIT33_4.0,
LAUNIT33_nan,
LAUNIT34_3.0,
LAUNIT34_nan,
LAHCA90_1.0,0.672155
LAHCA90_2.0,0.634832
LAHCA90_nan,0.70209
LAUNIT90_3.0,
LAUNIT90_4.0,0.672155
LAUNIT90_6.0,
LAUNIT90_nan,0.672155
LAHCA91_2.0,0.70209
LAHCA91_nan,0.70209
LAUNIT91_nan,
LCDURA1_nan,
LA1AR_1,0.862416
LA1AR_2,0.862416
LA1AR_3,
LCDURB1_nan,
LCDURB2_nan,
LCDURB3_nan,
LCDURB4_nan,
LCDURB5_nan,
LCDURB6_nan,
LCDURB8_nan,
LCDURB9_nan,
LCDURB10_nan,
LCDURB11_nan,
LCDURB12_nan,
LCDURB13_nan,
LCDURB90_nan,
LCDURB91_nan,
LCCHRC1_nan,
LCCHRC2_nan,
LCCHRC3_nan,
LCCHRC4_nan,
LCCHRC5_nan,
LCCHRC6_nan,
LCCHRC8_nan,
LCCHRC9_nan,
LCCHRC10_nan,
LCCHRC11_nan,
LCCHRC12_nan,
LCCHRC13_nan,
LCCHRC90_nan,
LCCHRC91_nan,
LADURB1_2.0,
LADURB1_3.0,
LADURB1_4.0,0.967303
LADURB1_nan,0.967303
LADURB2_3.0,0.366193
LADURB2_4.0,0.408997
LADURB2_nan,0.230739
LADURB3_1.0,
LADURB3_2.0,
LADURB3_3.0,
LADURB3_4.0,0.393103
LADURB3_nan,0.393103
LADURB4_1.0,
LADURB4_3.0,2.07657e-09
LADURB4_4.0,0.437678
LADURB4_nan,0.0887325
LADURB5_1.0,
LADURB5_2.0,
LADURB5_3.0,
LADURB5_4.0,
LADURB5_nan,
LADURB6_1.0,
LADURB6_3.0,
LADURB6_4.0,2.07657e-09
LADURB6_nan,2.07657e-09
LADURB7_1.0,
LADURB7_2.0,
LADURB7_3.0,
LADURB7_4.0,0.59342
LADURB7_nan,0.59342
LADURB8_1.0,
LADURB8_3.0,
LADURB8_4.0,
LADURB8_nan,
LADURB9_1.0,
LADURB9_2.0,
LADURB9_3.0,
LADURB9_4.0,0.885969
LADURB9_nan,0.885969
LADURB10_3.0,
LADURB10_4.0,0.594254
LADURB10_nan,0.594254
LADURB11_1.0,
LADURB11_3.0,
LADURB11_4.0,0.949835
LADURB11_nan,0.949835
LADURB12_1.0,
LADURB12_3.0,
LADURB12_4.0,
LADURB12_nan,
LADURB13_4.0,0.59342
LADURB13_nan,0.59342
LADURB15_4.0,
LADURB15_nan,
LADURB16_2.0,0.872681
LADURB16_3.0,0.576258
LADURB16_4.0,0.857139
LADURB16_nan,0.755069
LADURB17_1.0,
LADURB17_3.0,
LADURB17_4.0,0.386224
LADURB17_nan,0.386224
LADURB18_4.0,
LADURB18_nan,
LADURB19_3.0,
LADURB19_4.0,
LADURB19_nan,
LADURB20_1.0,
LADURB20_2.0,
LADURB20_3.0,
LADURB20_4.0,0.68651
LADURB20_nan,0.68651
LADURB21_3.0,
LADURB21_4.0,
LADURB21_nan,
LADURB22_3.0,
LADURB22_4.0,
LADURB22_nan,
LADURB23_4.0,0.471631
LADURB23_nan,0.471631
LADURB24_1.0,0.901097
LADURB24_3.0,0.710813
LADURB24_4.0,
LADURB24_nan,0.861482
LADURB25_1.0,
LADURB25_4.0,
LADURB25_nan,
LADURB26_3.0,
LADURB26_nan,
LADURB27_nan,
LADURB28_3.0,
LADURB28_4.0,
LADURB28_nan,
LADURB29_nan,
LADURB30_3.0,
LADURB30_4.0,0.592844
LADURB30_nan,0.592844
LADURB31_1.0,
LADURB31_3.0,
LADURB31_4.0,
LADURB31_nan,
LADURB32_2.0,
LADURB32_4.0,
LADURB32_nan,
LADURB33_4.0,
LADURB33_nan,
LADURB34_1.0,
LADURB34_2.0,
LADURB34_3.0,
LADURB34_nan,
LADURB90_2.0,
LADURB90_3.0,
LADURB90_4.0,0.672155
LADURB90_nan,0.672155
LADURB91_nan,
LACHRC1_1.0,0.967303
LACHRC1_nan,0.967303
LACHRC2_1.0,0.230739
LACHRC2_nan,0.230739
LACHRC3_1.0,0.393103
LACHRC3_nan,0.393103
LACHRC4_1.0,0.0887325
LACHRC4_2.0,
LACHRC4_nan,0.0887325
LACHRC5_1.0,
LACHRC5_2.0,
LACHRC5_nan,
LACHRC6_1.0,2.07657e-09
LACHRC6_2.0,
LACHRC6_nan,2.07657e-09
LACHRC7_1.0,0.59342
LACHRC7_nan,0.59342
LACHRC8_1.0,
LACHRC8_nan,
LACHRC9_1.0,0.885969
LACHRC9_nan,0.885969
LACHRC10_1.0,0.594254
LACHRC10_nan,0.594254
LACHRC11_1.0,0.949835
LACHRC11_2.0,
LACHRC11_nan,0.949835
LACHRC12_1.0,
LACHRC12_nan,
LACHRC13_1.0,0.59342
LACHRC13_nan,0.59342
LACHRC15_1.0,
LACHRC15_nan,
LACHRC16_1.0,0.755069
LACHRC16_nan,0.755069
LACHRC17_1.0,0.386224
LACHRC17_2.0,
LACHRC17_nan,0.386224
LACHRC18_1.0,
LACHRC18_nan,
LACHRC19_1.0,
LACHRC19_nan,
LACHRC20_1.0,0.68651
LACHRC20_2.0,
LACHRC20_nan,0.68651
LACHRC21_1.0,
LACHRC21_nan,
LACHRC22_1.0,
LACHRC22_nan,
LACHRC23_1.0,0.471631
LACHRC23_nan,0.471631
LACHRC24_1.0,0.710813
LACHRC24_2.0,0.901097
LACHRC24_nan,0.861482
LACHRC25_1.0,
LACHRC25_2.0,
LACHRC25_nan,
LACHRC26_1.0,
LACHRC26_nan,
LACHRC27_nan,
LACHRC28_1.0,
LACHRC28_nan,
LACHRC29_nan,
LACHRC30_1.0,0.592844
LACHRC30_nan,0.592844
LACHRC31_1.0,
LACHRC31_2.0,
LACHRC31_nan,
LACHRC32_1.0,
LACHRC32_nan,
LACHRC33_1.0,
LACHRC33_nan,
LACHRC34_2.0,
LACHRC34_nan,
LACHRC90_1.0,0.672155
LACHRC90_nan,0.672155
LACHRC91_nan,
LCONDRT_1.0,0.62997
LCONDRT_2.0,0.901097
LCONDRT_nan,0.618358
LACHRONR_0,0.862416
LACHRONR_1,0.62997
LACHRONR_2,0.901097
LACHRONR_3,0.366172
LAHCA19-_1.0,
LAHCA19-_2.0,0.70209
LAHCA19-_nan,0.70209
LAHCA20-_1.0,0.68651
LAHCA20-_2.0,0.796692
LAHCA20-_nan,0.70209
LAHCA21-_1.0,
LAHCA21-_2.0,0.70209
LAHCA21-_nan,0.70209
LAHCA22-_1.0,
LAHCA22-_2.0,0.70209
LAHCA22-_nan,0.70209
LAHCA23-_1.0,0.471631
LAHCA23-_2.0,0.851685
LAHCA23-_nan,0.70209
LAHCA24-_1.0,0.861482
LAHCA24-_2.0,0.654664
LAHCA24-_nan,0.70209
LAHCA25-_1.0,
LAHCA25-_2.0,0.70209
LAHCA25-_nan,0.70209
LAHCA26-_1.0,
LAHCA26-_2.0,0.70209
LAHCA26-_nan,0.70209
LAHCA27-_2.0,0.70209
LAHCA27-_nan,0.70209
LAHCA28-_1.0,
LAHCA28-_2.0,0.70209
LAHCA28-_nan,0.70209
LAHCA29-_2.0,0.70209
LAHCA29-_nan,0.70209
LAHCA30-_1.0,0.592844
LAHCA30-_2.0,0.618833
LAHCA30-_nan,0.70209
LAHCA31-_1.0,
LAHCA31-_2.0,0.70209
LAHCA31-_nan,0.70209
LAHCA32-_1.0,
LAHCA32-_2.0,0.70209
LAHCA32-_nan,0.70209
LAHCA33-_1.0,
LAHCA33-_2.0,0.70209
LAHCA33-_nan,0.70209
LAHCA34-_1.0,
LAHCA34-_2.0,0.70209
LAHCA34-_nan,0.70209
LAHCA14A_1.0,
LAHCA14A_2.0,0.70209
LAHCA14A_nan,0.70209
LUNIT14A_4.0,
LUNIT14A_6.0,
LUNIT14A_nan,
LDURB14A_4.0,
LDURB14A_nan,
LCHRC14A_1.0,
LCHRC14A_nan,
LAHCC7A_nan,
LCUNIT7A_nan,
LCDURB7A_nan,
LCCHRC7A_nan,
FINCINT_1,
PSAL_1.0,0.547385
PSAL_2.0,0.547385
PSAL_nan,
PSEINC_1.0,0.021504
PSEINC_2.0,0.021504
PSEINC_nan,
PSSRR_1.0,0.62682
PSSRR_2.0,0.62682
PSSRR_nan,
PSSRRDB_1.0,0.410972
PSSRRDB_2.0,0.627769
PSSRRDB_nan,0.353499
PSSRRD_1.0,0.410972
PSSRRD_2.0,
PSSRRD_nan,0.410972
PPENS_1.0,0.938605
PPENS_2.0,0.938605
PPENS_nan,
POPENS_1.0,0.814943
POPENS_2.0,0.814943
POPENS_nan,
PSSI_1.0,0.639039
PSSI_2.0,0.639039
PSSI_nan,
PSSID_1.0,0.592844
PSSID_2.0,0.898302
PSSID_nan,0.639039
PTANF_1.0,0.354524
PTANF_2.0,0.384165
PTANF_nan,0.893037
POWBEN_1.0,0.861482
POWBEN_2.0,0.861482
POWBEN_nan,
PINTRSTR_1.0,0.400859
PINTRSTR_2.0,0.410451
PINTRSTR_nan,0.902913
PDIVD_1.0,0.176254
PDIVD_2.0,0.54108
PDIVD_nan,0.00167054
PCHLDSP_1.0,0.122572
PCHLDSP_2.0,0.122572
PCHLDSP_nan,
PINCOT_1.0,0.285442
PINCOT_2.0,0.367163
PINCOT_nan,0.501661
PSSAPL_1.0,0.518592
PSSAPL_2.0,0.418155
PSSAPL_nan,0.565511
PSDAPL_1.0,0.481939
PSDAPL_2.0,0.358088
PSDAPL_nan,0.439416
PWIC_1.0,0.699298
PWIC_2.0,0.991446
PWIC_nan,0.946102
ELIGPWIC_0,0.946102
ELIGPWIC_1,0.946102
WIC-FLAG_1.0,0.699298
WIC-FLAG_nan,0.699298
HIKINDNA_1.0,0.916566
HIKINDNA_2.0,0.842413
HIKINDNA_nan,0.570203
HIKINDNB_1.0,0.498604
HIKINDNB_2.0,0.614603
HIKINDNB_nan,0.570203
HIKINDNC_1.0,0.59342
HIKINDNC_2.0,0.876737
HIKINDNC_nan,0.570203
HIKINDND_1.0,0.341005
HIKINDND_2.0,0.439179
HIKINDND_nan,0.570203
HIKINDNE_1.0,
HIKINDNE_2.0,0.570203
HIKINDNE_nan,0.570203
HIKINDNF_1.0,0.789854
HIKINDNF_2.0,0.95805
HIKINDNF_nan,0.570203
HIKINDNG_1.0,0.203411
HIKINDNG_2.0,0.477143
HIKINDNG_nan,0.570203
HIKINDNH_1.0,0.797798
HIKINDNH_2.0,0.991575
HIKINDNH_nan,0.570203
HIKINDNI_1.0,0.681435
HIKINDNI_2.0,0.482797
HIKINDNI_nan,0.570203
HIKINDNJ_1.0,0.933875
HIKINDNJ_2.0,0.946704
HIKINDNJ_nan,0.570203
HIKINDNK_1.0,0.897896
HIKINDNK_2.0,0.796966
HIKINDNK_nan,0.570203
MCAREPRB_1.0,0.000278477
MCAREPRB_2.0,0.568827
MCAREPRB_nan,0.0518717
MCAIDPRB_1.0,
MCAIDPRB_2.0,0.409373
MCAIDPRB_nan,0.409373
SINCOV_1.0,0.600781
SINCOV_2.0,0.600567
SINCOV_nan,0.99484
MCPART_1.0,0.558359
MCPART_2.0,0.327859
MCPART_3.0,0.251646
MCPART_nan,0.605417
MCCHOICE_1.0,0.37279
MCCHOICE_2.0,0.457415
MCCHOICE_nan,0.302765
MCHMO_1.0,0.495127
MCHMO_2.0,0.422705
MCHMO_nan,0.307026
MCPREM_1.0,0.723758
MCPREM_2.0,0.562623
MCPREM_nan,0.53181
MCREF_1.0,0.9404
MCREF_2.0,0.230245
MCREF_nan,0.311317
MCPARTD_1.0,0.306477
MCPARTD_2.0,0.805784
MCPARTD_nan,0.605417
MACHMD_1.0,0.331781
MACHMD_2.0,0.886054
MACHMD_3.0,0.816311
MACHMD_nan,0.477058
MXCHNG_1.0,0.572704
MXCHNG_2.0,0.539879
MXCHNG_nan,0.39786
MEDPREM_1.0,0.714536
MEDPREM_2.0,0.43862
MEDPREM_nan,0.40585
MDPRINC_1.0,0.714536
MDPRINC_2.0,
MDPRINC_nan,0.714536
SSTYPEA_1.0,0.585092
SSTYPEA_2.0,0.675303
SSTYPEA_nan,0.569892
SSTYPEB_1.0,0.990447
SSTYPEB_2.0,0.570678
SSTYPEB_nan,0.569892
SSTYPEC_1.0,0.630577
SSTYPEC_2.0,0.642841
SSTYPEC_nan,0.569892
SSTYPED_1.0,0.799562
SSTYPED_2.0,0.607411
SSTYPED_nan,0.569892
SSTYPEE_1.0,0.74195
SSTYPEE_2.0,0.563272
SSTYPEE_nan,0.569892
SSTYPEF_1.0,0.0620756
SSTYPEF_2.0,0.290942
SSTYPEF_nan,0.569892
SSTYPEG_1.0,0.641784
SSTYPEG_2.0,0.640362
SSTYPEG_nan,0.569892
SSTYPEH_1.0,0.519078
SSTYPEH_2.0,0.668926
SSTYPEH_nan,0.569892
SSTYPEI_1.0,0.894861
SSTYPEI_2.0,0.590431
SSTYPEI_nan,0.569892
SSTYPEJ_1.0,0.896789
SSTYPEJ_2.0,0.503025
SSTYPEJ_nan,0.569892
SSTYPEK_1.0,0.741791
SSTYPEK_2.0,0.711334
SSTYPEK_nan,0.569892
SSTYPEL_1.0,0.746443
SSTYPEL_2.0,0.591597
SSTYPEL_nan,0.569892
PRPOLH1_1.0,0.567327
PRPOLH1_2.0,0.529515
PRPOLH1_3.0,
PRPOLH1_4.0,0.695377
PRPOLH1_nan,0.828946
PRPOLH2_1.0,
PRPOLH2_2.0,
PRPOLH2_4.0,
PRPOLH2_nan,
PRCOOH1_1.0,0.646292
PRCOOH1_2.0,0.862105
PRCOOH1_nan,0.910001
PRCOOH2_1.0,
PRCOOH2_2.0,0.183439
PRCOOH2_nan,0.183439
PLNWRKS1_1.0,0.434485
PLNWRKS1_10.0,0.695377
PLNWRKS1_2.0,0.659813
PLNWRKS1_3.0,0.721378
PLNWRKS1_4.0,0.43863
PLNWRKS1_5.0,0.644611
PLNWRKS1_6.0,0.625105
PLNWRKS1_7.0,
PLNWRKS1_8.0,
PLNWRKS1_9.0,0.964418
PLNWRKS1_nan,0.834848
PLNWRKS2_1.0,0.232147
PLNWRKS2_2.0,
PLNWRKS2_4.0,
PLNWRKS2_5.0,0.776371
PLNWRKS2_6.0,
PLNWRKS2_nan,0.220732
PLNEXCH1_1.0,0.606847
PLNEXCH1_2.0,0.737082
PLNEXCH1_nan,0.590422
PLNEXCH2_1.0,0.809587
PLNEXCH2_2.0,0.602849
PLNEXCH2_nan,0.572184
PLNPAY11_1.0,0.678746
PLNPAY11_2.0,0.720338
PLNPAY11_nan,0.840585
PLNPAY21_1.0,0.572754
PLNPAY21_2.0,0.370686
PLNPAY21_nan,0.840585
PLNPAY31_1.0,0.507157
PLNPAY31_2.0,0.695773
PLNPAY31_nan,0.840585
PLNPAY41_1.0,0.59342
PLNPAY41_2.0,0.793992
PLNPAY41_nan,0.840585
PLNPAY51_1.0,
PLNPAY51_2.0,0.840585
PLNPAY51_nan,0.840585
PLNPAY61_2.0,0.840585
PLNPAY61_nan,0.840585
PLNPAY71_1.0,0.862861
PLNPAY71_2.0,0.825784
PLNPAY71_nan,0.840585
PLNPAY12_1.0,0.209956
PLNPAY12_2.0,0.647446
PLNPAY12_nan,0.183439
PLNPAY22_1.0,0.324914
PLNPAY22_2.0,0.375211
PLNPAY22_nan,0.183439
PLNPAY32_1.0,
PLNPAY32_2.0,0.183439
PLNPAY32_nan,0.183439
PLNPAY42_1.0,
PLNPAY42_2.0,0.183439
PLNPAY42_nan,0.183439
PLNPAY52_1.0,
PLNPAY52_2.0,0.183439
PLNPAY52_nan,0.183439
PLNPAY62_1.0,
PLNPAY62_2.0,0.183439
PLNPAY62_nan,0.183439
PLNPAY72_2.0,0.183439
PLNPAY72_nan,0.183439
PLNPRE1_1.0,0.60121
PLNPRE1_2.0,0.582204
PLNPRE1_nan,0.763115
PLNPRE2_1.0,0.565511
PLNPRE2_2.0,0.252628
PLNPRE2_nan,0.209956
PLNMGD1_1.0,0.141895
PLNMGD1_2.0,0.940682
PLNMGD1_3.0,0.852428
PLNMGD1_4.0,
PLNMGD1_5.0,0.000219158
PLNMGD1_nan,0.769962
PLNMGD2_1.0,
PLNMGD2_2.0,0.37429
PLNMGD2_3.0,
PLNMGD2_4.0,0.371913
PLNMGD2_5.0,0.879331
PLNMGD2_nan,0.304687
HDHP1_1.0,0.535765
HDHP1_2.0,0.30653
HDHP1_nan,0.723785
HDHP2_1.0,0.251384
HDHP2_2.0,0.741845
HDHP2_nan,0.232919
HSAHRA1_1.0,0.788245
HSAHRA1_2.0,0.369639
HSAHRA1_nan,0.358387
HSAHRA2_1.0,
HSAHRA2_2.0,0.741845
HSAHRA2_nan,0.741845
MGCHMD1_1.0,0.807928
MGCHMD1_2.0,0.74331
MGCHMD1_nan,0.945528
MGCHMD2_1.0,0.244022
MGCHMD2_2.0,0.575181
MGCHMD2_nan,0.199783
MGPRMD1_1.0,0.450128
MGPRMD1_2.0,0.447268
MGPRMD1_nan,0.861391
MGPRMD2_1.0,0.235264
MGPRMD2_2.0,0.660644
MGPRMD2_nan,0.260528
MGPYMD1_1.0,0.72469
MGPYMD1_2.0,0.679583
MGPYMD1_nan,0.563341
MGPYMD2_1.0,0.814654
MGPYMD2_2.0,0.872681
MGPYMD2_nan,0.777976
PCPREQ1_1.0,0.656993
PCPREQ1_2.0,0.274414
PCPREQ1_nan,0.446534
PCPREQ2_1.0,0.565511
PCPREQ2_2.0,0.261537
PCPREQ2_nan,0.216785
PRRXCOV1_1.0,0.30955
PRRXCOV1_2.0,0.152976
PRRXCOV1_nan,0.752539
PRRXCOV2_1.0,0.705224
PRRXCOV2_2.0,0.272258
PRRXCOV2_nan,0.29171
PRDNCOV1_1.0,0.958736
PRDNCOV1_2.0,0.735003
PRDNCOV1_nan,0.659112
PRDNCOV2_1.0,0.132475
PRDNCOV2_2.0,0.984456
PRDNCOV2_nan,0.199783
FCOVCONF_1.0,0.393023
FCOVCONF_2.0,0.701171
FCOVCONF_3.0,0.566663
FCOVCONF_4.0,0.573217
FCOVCONF_nan,0.741252
CHXCHNG_1.0,
CHXCHNG_nan,
STRFPRM1_2.0,
STRFPRM1_nan,
CHPRINC_nan,
STDOC1_1.0,
STDOC1_nan,
OPXCHNG_1.0,0.775119
OPXCHNG_2.0,0.538796
OPXCHNG_nan,0.815915
STRFPRM2_1.0,0.815915
STRFPRM2_2.0,
STRFPRM2_nan,0.815915
SSPRINC_1.0,0.775119
SSPRINC_2.0,0.538796
SSPRINC_nan,0.815915
STDOC2_1.0,0.815915
STDOC2_2.0,
STDOC2_3.0,
STDOC2_nan,0.815915
OGXCHNG_1.0,
OGXCHNG_2.0,
OGXCHNG_nan,
STRFPRM3_1.0,
STRFPRM3_2.0,
STRFPRM3_nan,
OGPRINC_2.0,
OGPRINC_nan,
STDOC3_1.0,
STDOC3_2.0,
STDOC3_nan,
MILSPC1_1.0,0.921373
MILSPC1_2.0,0.695126
MILSPC1_nan,0.789854
MILSPC2_1.0,0.493614
MILSPC2_2.0,0.928579
MILSPC2_nan,0.789854
MILSPC3_1.0,0.995885
MILSPC3_2.0,0.773651
MILSPC3_nan,0.789854
MILSPC4_2.0,0.789854
MILSPC4_nan,0.789854
HILAST2_1.0,0.668582
HILAST2_2.0,0.928314
HILAST2_3.0,0.777282
HILAST2_4.0,0.365671
HILAST2_5.0,0.708357
HILAST2_6.0,0.560048
HILAST2_nan,0.379959
HISTOP1_1.0,0.271295
HISTOP1_2.0,0.751431
HISTOP1_nan,0.379959
HISTOP2_1.0,
HISTOP2_2.0,0.379959
HISTOP2_nan,0.379959
HISTOP3_1.0,0.316783
HISTOP3_2.0,0.542723
HISTOP3_nan,0.379959
HISTOP4_1.0,0.822509
HISTOP4_2.0,0.399459
HISTOP4_nan,0.379959
HISTOP5_1.0,0.390154
HISTOP5_2.0,0.739357
HISTOP5_nan,0.379959
HISTOP6_1.0,
HISTOP6_2.0,0.379959
HISTOP6_nan,0.379959
HISTOP7_1.0,0.629588
HISTOP7_2.0,0.309427
HISTOP7_nan,0.379959
HISTOP8_1.0,0.715157
HISTOP8_2.0,0.408724
HISTOP8_nan,0.379959
HISTOP9_1.0,0.494059
HISTOP9_2.0,0.286656
HISTOP9_nan,0.379959
HISTOP10_1.0,0.604904
HISTOP10_2.0,0.439457
HISTOP10_nan,0.379959
HINOTYR_1.0,0.622019
HINOTYR_2.0,0.69723
HINOTYR_nan,0.467446
FHICHNG_1.0,0.897634
FHICHNG_2.0,0.288132
FHICHNG_nan,0.69723
FHIKDBA_1.0,0.261752
FHIKDBA_2.0,0.206064
FHIKDBA_nan,0.97876
FHIKDBB_1.0,0.37279
FHIKDBB_2.0,0.807721
FHIKDBB_nan,0.97876
FHIKDBC_1.0,2.07657e-09
FHIKDBC_2.0,0.401296
FHIKDBC_nan,0.97876
FHIKDBD_1.0,0.344544
FHIKDBD_2.0,0.659294
FHIKDBD_nan,0.97876
FHIKDBE_1.0,
FHIKDBE_2.0,0.97876
FHIKDBE_nan,0.97876
FHIKDBF_1.0,0.861482
FHIKDBF_2.0,0.994106
FHIKDBF_nan,0.97876
FHIKDBG_1.0,0.371966
FHIKDBG_2.0,0.922879
FHIKDBG_nan,0.97876
FHIKDBH_1.0,
FHIKDBH_2.0,0.97876
FHIKDBH_nan,0.97876
FHIKDBI_1.0,0.329319
FHIKDBI_2.0,0.868882
FHIKDBI_nan,0.97876
FHIKDBJ_1.0,
FHIKDBJ_2.0,0.97876
FHIKDBJ_nan,0.97876
FHIKDBK_1.0,0.605037
FHIKDBK_2.0,0.85465
FHIKDBK_nan,0.97876
HCSPFYR_0.0,0.775868
HCSPFYR_1.0,0.451379
HCSPFYR_2.0,0.19102
HCSPFYR_3.0,0.966424
HCSPFYR_4.0,0.170414
HCSPFYR_5.0,0.844271
HCSPFYR_nan,0.297882
MEDBILL_1.0,0.667248
MEDBILL_2.0,0.560405
MEDBILL_nan,0.312354
MEDBPAY_1.0,0.222431
MEDBPAY_2.0,0.182499
MEDBPAY_nan,0.312354
MEDBNOP_1.0,0.445632
MEDBNOP_2.0,0.949351
MEDBNOP_nan,0.667248
FSA_1.0,0.284467
FSA_2.0,0.275852
FSA_nan,0.873422
EXCHPR1_1.0,0.738842
EXCHPR1_2.0,0.528183
EXCHPR1_3.0,0.731996
EXCHPR1_nan,0.793916
EXCHPR2_1.0,0.461177
EXCHPR2_2.0,0.644345
EXCHPR2_nan,0.407097
PLEXCHOP_1.0,0.538796
PLEXCHOP_2.0,0.775119
PLEXCHOP_nan,0.815915
PLEXCHOG_1.0,
PLEXCHOG_2.0,
PLEXCHOG_nan,
PRIVATE_1.0,0.834848
PRIVATE_2.0,0.702343
PRIVATE_3.0,0.848099
PRIVATE_nan,0.570203
MEDICARE_1.0,0.605417
MEDICARE_2.0,
MEDICARE_3.0,0.517335
MEDICARE_nan,0.570203
MEDICAID_1.0,0.40585
MEDICAID_2.0,
MEDICAID_3.0,0.507805
MEDICAID_nan,0.570203
SCHIP_1.0,
SCHIP_3.0,0.570203
SCHIP_nan,0.570203
MILCARE_1.0,0.789854
MILCARE_2.0,0.41632
MILCARE_3.0,0.80508
MILCARE_nan,0.570203
IHS_1.0,0.203411
IHS_2.0,0.477143
IHS_nan,0.570203
OTHPUB_1.0,0.815915
OTHPUB_3.0,0.812378
OTHPUB_nan,0.570203
OTHGOV_1.0,
OTHGOV_3.0,0.570203
OTHGOV_nan,0.570203
SINGLE_1.0,0.569892
SINGLE_2.0,
SINGLE_3.0,0.605474
SINGLE_nan,0.602809
MCADVR_1.0,0.53181
MCADVR_2.0,
MCADVR_nan,0.53181
PXCHNG_1.0,0.7019
PXCHNG_2.0,0.863596
PXCHNG_nan,0.702343
PSTDOC_1.0,0.854544
PSTDOC_2.0,0.84885
PSTDOC_3.0,0.715157
PSTDOC_nan,0.702343
PSTRFPRM_1.0,0.556214
PSTRFPRM_2.0,0.668059
PSTRFPRM_nan,0.702343
PSSPRINC_1.0,0.457694
PSSPRINC_2.0,0.930985
PSSPRINC_nan,0.556214
PLEXCHPR_1.0,0.974213
PLEXCHPR_2.0,0.773664
PLEXCHPR_3.0,0.643679
PLEXCHPR_nan,0.702343
PRFLG_1.0,0.702343
PRFLG_nan,0.702343
HISTOP11_2.0,0.379959
HISTOP11_nan,0.379959
HISTOP12_1.0,
HISTOP12_2.0,0.379959
HISTOP12_nan,0.379959
HISTOP13_1.0,
HISTOP13_2.0,0.379959
HISTOP13_nan,0.379959
HISTOP14_1.0,
HISTOP14_2.0,0.379959
HISTOP14_nan,0.379959
HISTOP15_1.0,
HISTOP15_2.0,0.379959
HISTOP15_nan,0.379959
EXCHANGE_1.0,0.478792
EXCHANGE_2.0,0.70117
EXCHANGE_nan,0.923741
MAFLG_1.0,
MAFLG_nan,
CHFLG_nan,
OPFLG_nan,
OGFLG_nan,
WHONAM1_1.0,0.144961
WHONAM1_2.0,0.0458981
WHONAM1_3.0,0.828946
WHONAM1_nan,0.834848
WHONAM2_1.0,0.727544
WHONAM2_2.0,0.0949081
WHONAM2_3.0,
WHONAM2_nan,0.183439
NOTCOV_1.0,0.3765
NOTCOV_2.0,0.462445
NOTCOV_nan,0.570203
PRPLPLUS_1.0,0.278072
PRPLPLUS_2.0,0.702757
PRPLPLUS_nan,0.834848
PWRKBR1_1.0,0.442451
PWRKBR1_10.0,
PWRKBR1_2.0,
PWRKBR1_4.0,
PWRKBR1_5.0,0.461458
PWRKBR1_6.0,
PWRKBR1_7.0,0.457061
PWRKBR1_8.0,
PWRKBR1_9.0,
PWRKBR1_nan,0.261752
COVER_1.0,0.605909
COVER_2.0,0.491555
COVER_3.0,0.959121
COVER_4.0,0.399402
COVER_5.0,0.570203
COVER_nan,0.521372
COVER65O_1.0,0.375918
COVER65O_2.0,0.576258
COVER65O_3.0,0.00361967
COVER65O_4.0,
COVER65O_5.0,0.758445
COVER65O_nan,0.521372
COVER65_1.0,0.29199
COVER65_2.0,0.576258
COVER65_3.0,0.349519
COVER65_4.0,0.00801269
COVER65_5.0,
COVER65_6.0,0.758445
COVER65_nan,0.521372
MILMANR_1.0,0.918691
MILMANR_2.0,0.617059
MILMANR_4.0,0.777274
MILMANR_5.0,0.544865
MILMANR_nan,0.921373
REGIONBR_1.0,0.994284
REGIONBR_10.0,0.623162
REGIONBR_11.0,0.219904
REGIONBR_2.0,0.592771
REGIONBR_3.0,0.546097
REGIONBR_4.0,0.00753096
REGIONBR_5.0,0.911106
REGIONBR_6.0,0.764873
REGIONBR_7.0,0.897644
REGIONBR_8.0,0.787166
REGIONBR_9.0,0.765168
REGIONBR_nan,
WHYNOWKP_1.0,0.345446
WHYNOWKP_10.0,0.806245
WHYNOWKP_2.0,0.250057
WHYNOWKP_3.0,0.805587
WHYNOWKP_4.0,0.0942953
WHYNOWKP_5.0,
WHYNOWKP_6.0,0.300523
WHYNOWKP_7.0,0.809587
WHYNOWKP_8.0,0.898302
WHYNOWKP_9.0,0.314946
WHYNOWKP_nan,0.853703
GEOBRTH_1.0,0.994284
GEOBRTH_2.0,
GEOBRTH_3.0,0.994284
GEOBRTH_nan,
YRSINUS_1.0,
YRSINUS_2.0,0.761666
YRSINUS_3.0,0.4401
YRSINUS_4.0,0.501122
YRSINUS_5.0,0.746227
YRSINUS_nan,0.869339
CITIZENP_1.0,0.321262
CITIZENP_2.0,0.321262
CITIZENP_nan,
DOINGLWP_1.0,0.723411
DOINGLWP_2.0,0.601585
DOINGLWP_3.0,0.466635
DOINGLWP_4.0,0.422674
DOINGLWP_5.0,0.938392
DOINGLWP_nan,
WRKLYR1_1.0,
PLBORN_1.0,0.994284
PLBORN_2.0,0.994284
PLBORN_nan,
HEADST_nan,
HEADSTV1_nan,
ARMFVER_nan,
ARMFEV_1.0,0.687786
ARMFEV_2.0,0.687786
ARMFEV_nan,
ARMFFC_1.0,0.557472
ARMFFC_2.0,0.93432
ARMFFC_nan,0.687786
WRKFTALL_1.0,0.479629
WRKFTALL_2.0,0.214759
WRKFTALL_nan,0.46534
HIEMPOF_1.0,0.770079
HIEMPOF_2.0,0.634836
HIEMPOF_nan,0.853429
EDUC1_0.0,
EDUC1_1.0,
EDUC1_10.0,0.910824
EDUC1_11.0,0.917063
EDUC1_12.0,0.762176
EDUC1_13.0,0.91919
EDUC1_14.0,0.390474
EDUC1_15.0,0.803983
EDUC1_16.0,0.11269
EDUC1_17.0,0.799679
EDUC1_18.0,0.436503
EDUC1_19.0,0.971397
EDUC1_2.0,
EDUC1_20.0,0.327502
EDUC1_21.0,0.754012
EDUC1_3.0,
EDUC1_4.0,0.693422
EDUC1_5.0,
EDUC1_6.0,0.907275
EDUC1_7.0,
EDUC1_8.0,0.998514
EDUC1_9.0,
EDUC1_nan,
ERNYR-P_1.0,0.947287
ERNYR-P_10.0,0.416827
ERNYR-P_11.0,0.183755
ERNYR-P_2.0,0.488807
ERNYR-P_3.0,0.486601
ERNYR-P_4.0,0.365308
ERNYR-P_5.0,0.973755
ERNYR-P_6.0,0.898515
ERNYR-P_7.0,0.0386542
ERNYR-P_8.0,0.778601
ERNYR-P_9.0,0.552324
ERNYR-P_nan,0.440411
ARMFTM7P_1.0,
ARMFTM7P_2.0,
ARMFTM7P_nan,
ARMFTM1P_1.0,0.962266
ARMFTM1P_2.0,0.667162
ARMFTM1P_nan,0.687786
ARMFTM2P_1.0,0.563574
ARMFTM2P_2.0,0.892477
ARMFTM2P_nan,0.630008
ARMFTM3P_1.0,0.51886
ARMFTM3P_2.0,0.777627
ARMFTM3P_nan,0.75059
ARMFTM4P_1.0,0.670817
ARMFTM4P_2.0,0.675887
ARMFTM4P_nan,0.565559
ARMFTM5P_1.0,
ARMFTM5P_2.0,0.662469
ARMFTM5P_nan,0.662469
ARMFTM6P_1.0,
ARMFTM6P_2.0,
ARMFTM6P_nan,
ENGLANG_1.0,0.0306703
ENGLANG_2.0,0.0116123
ENGLANG_3.0,0.65456
ENGLANG_4.0,0.868493
PROX1_1.0,0.471453
PROX1_nan,0.471453
PROX2_1.0,0.471453
PROX2_2.0,
PROX2_3.0,
PROX2_4.0,
PROX2_nan,0.471453
LATEINTA_1.0,0.116468
LATEINTA_2.0,0.116468
PROXYSA_1.0,0.471453
PROXYSA_2.0,0.532824
PROXYSA_3.0,0.750364
PAR-STAT_1.0,0.180342
PAR-STAT_2.0,0.445746
PAR-STAT_3.0,0.110062
DOINGLWA_1.0,0.723411
DOINGLWA_2.0,0.486453
DOINGLWA_3.0,0.475573
DOINGLWA_4.0,0.422674
DOINGLWA_5.0,0.841022
DOINGLWA_nan,
WHYNOWKA_1.0,0.345446
WHYNOWKA_10.0,0.812299
WHYNOWKA_2.0,0.334129
WHYNOWKA_3.0,0.805587
WHYNOWKA_4.0,0.0942953
WHYNOWKA_5.0,
WHYNOWKA_6.0,0.2217
WHYNOWKA_7.0,0.809587
WHYNOWKA_8.0,0.898302
WHYNOWKA_9.0,0.314946
WHYNOWKA_nan,0.860368
EVERWRK_1.0,0.885009
EVERWRK_2.0,
EVERWRK_nan,0.885009
SUPERVIS_1.0,0.823643
SUPERVIS_2.0,0.866231
SUPERVIS_nan,0.602809
WRKCATA_1.0,0.00702285
WRKCATA_2.0,0.674073
WRKCATA_3.0,0.569946
WRKCATA_4.0,0.156125
WRKCATA_5.0,0.0125262
WRKCATA_6.0,
WRKCATA_nan,0.602809
BUSINC1A_1.0,0.0025134
BUSINC1A_2.0,0.199127
BUSINC1A_nan,0.0125262
WRKLONGH_1.0,0.617364
WRKLONGH_2.0,0.737904
WRKLONGH_nan,0.632789
HOURPDA_1.0,0.636323
HOURPDA_2.0,0.608896
HOURPDA_nan,0.695377
PDSICKA_1.0,0.827045
PDSICKA_2.0,0.834515
PDSICKA_nan,0.963005
ONEJOB_1.0,0.0659298
ONEJOB_2.0,0.162081
ONEJOB_nan,0.885009
WRKLYR4_0.0,0.885009
WRKLYR4_1.0,0.391854
WRKLYR4_2.0,0.240509
WRKLYR4_3.0,
WRKLYR4_nan,
INDSTRN1_1.0,0.848496
INDSTRN1_10.0,0.149693
INDSTRN1_11.0,0.804781
INDSTRN1_12.0,
INDSTRN1_13.0,0.588961
INDSTRN1_14.0,
INDSTRN1_15.0,0.819433
INDSTRN1_17.0,0.446547
INDSTRN1_18.0,0.457061
INDSTRN1_19.0,0.777726
INDSTRN1_2.0,0.849925
INDSTRN1_20.0,
INDSTRN1_21.0,0.634276
INDSTRN1_22.0,2.07657e-09
INDSTRN1_23.0,0.744554
INDSTRN1_24.0,0.722721
INDSTRN1_25.0,0.513052
INDSTRN1_26.0,0.861059
INDSTRN1_27.0,0.356268
INDSTRN1_28.0,
INDSTRN1_29.0,0.458731
INDSTRN1_3.0,
INDSTRN1_30.0,0.750858
INDSTRN1_31.0,0.700731
INDSTRN1_32.0,0.465482
INDSTRN1_33.0,0.189017
INDSTRN1_34.0,
INDSTRN1_35.0,0.284377
INDSTRN1_36.0,
INDSTRN1_37.0,0.927495
INDSTRN1_38.0,0.530265
INDSTRN1_39.0,0.697262
INDSTRN1_4.0,
INDSTRN1_40.0,0.944294
INDSTRN1_41.0,
INDSTRN1_42.0,0.0069087
INDSTRN1_43.0,
INDSTRN1_44.0,0.583078
INDSTRN1_45.0,0.912914
INDSTRN1_46.0,0.535041
INDSTRN1_47.0,0.812479
INDSTRN1_48.0,0.508482
INDSTRN1_49.0,0.999749
INDSTRN1_5.0,0.422674
INDSTRN1_50.0,0.885309
INDSTRN1_51.0,0.579672
INDSTRN1_52.0,0.483843
INDSTRN1_53.0,0.385614
INDSTRN1_54.0,0.831603
INDSTRN1_55.0,0.874075
INDSTRN1_56.0,0.797516
INDSTRN1_57.0,0.588141
INDSTRN1_58.0,0.136697
INDSTRN1_59.0,0.739676
INDSTRN1_6.0,
INDSTRN1_60.0,
INDSTRN1_61.0,0.73872
INDSTRN1_62.0,
INDSTRN1_63.0,0.25894
INDSTRN1_64.0,0.00306787
INDSTRN1_65.0,0.3463
INDSTRN1_66.0,0.480609
INDSTRN1_67.0,0.615853
INDSTRN1_68.0,0.0230377
INDSTRN1_69.0,0.708697
INDSTRN1_7.0,0.59342
INDSTRN1_70.0,
INDSTRN1_71.0,0.529296
INDSTRN1_72.0,0.058784
INDSTRN1_73.0,0.363505
INDSTRN1_74.0,0.866512
INDSTRN1_75.0,0.000399035
INDSTRN1_76.0,0.648759
INDSTRN1_77.0,0.681284
INDSTRN1_78.0,0.510991
INDSTRN1_79.0,0.967733
INDSTRN1_8.0,0.933699
INDSTRN1_9.0,0.968173
INDSTRN1_nan,0.962209
INDSTRN2_1.0,0.863261
INDSTRN2_10.0,0.869587
INDSTRN2_11.0,0.221325
INDSTRN2_12.0,0.73872
INDSTRN2_13.0,
INDSTRN2_14.0,0.25894
INDSTRN2_15.0,0.00306787
INDSTRN2_16.0,0.699308
INDSTRN2_17.0,0.461963
INDSTRN2_18.0,0.863585
INDSTRN2_19.0,0.12118
INDSTRN2_2.0,0.70619
INDSTRN2_20.0,0.510991
INDSTRN2_21.0,0.967733
INDSTRN2_3.0,0.968173
INDSTRN2_4.0,0.149693
INDSTRN2_5.0,0.738622
INDSTRN2_6.0,0.14976
INDSTRN2_7.0,0.190713
INDSTRN2_8.0,0.92368
INDSTRN2_9.0,0.721232
INDSTRN2_nan,0.962209
OCCUPN1_1.0,0.791463
OCCUPN1_10.0,0.867925
OCCUPN1_11.0,0.586026
OCCUPN1_12.0,0.695377
OCCUPN1_13.0,0.453541
OCCUPN1_14.0,
OCCUPN1_15.0,
OCCUPN1_16.0,0.269821
OCCUPN1_17.0,
OCCUPN1_18.0,0.431433
OCCUPN1_19.0,0.520262
OCCUPN1_2.0,0.610463
OCCUPN1_20.0,0.791077
OCCUPN1_21.0,0.25242
OCCUPN1_22.0,0.000253358
OCCUPN1_23.0,2.07657e-09
OCCUPN1_24.0,0.106449
OCCUPN1_25.0,0.859987
OCCUPN1_26.0,0.27524
OCCUPN1_27.0,0.818863
OCCUPN1_28.0,0.899619
OCCUPN1_29.0,0.716448
OCCUPN1_3.0,0.921674
OCCUPN1_30.0,0.385076
OCCUPN1_31.0,
OCCUPN1_32.0,0.972187
OCCUPN1_33.0,
OCCUPN1_34.0,0.401708
OCCUPN1_35.0,
OCCUPN1_36.0,
OCCUPN1_37.0,0.652238
OCCUPN1_38.0,0.932034
OCCUPN1_39.0,0.758445
OCCUPN1_4.0,0.761177
OCCUPN1_40.0,0.888238
OCCUPN1_41.0,0.669037
OCCUPN1_42.0,0.344757
OCCUPN1_43.0,0.993613
OCCUPN1_44.0,0.550918
OCCUPN1_45.0,0.920275
OCCUPN1_46.0,2.07657e-09
OCCUPN1_47.0,
OCCUPN1_48.0,
OCCUPN1_5.0,0.35085
OCCUPN1_50.0,0.638385
OCCUPN1_51.0,
OCCUPN1_52.0,0.131467
OCCUPN1_53.0,0.436396
OCCUPN1_54.0,0.0751035
OCCUPN1_55.0,0.632754
OCCUPN1_56.0,0.872139
OCCUPN1_57.0,0.212328
OCCUPN1_58.0,0.582041
OCCUPN1_59.0,
OCCUPN1_6.0,0.594989
OCCUPN1_60.0,0.731401
OCCUPN1_61.0,0.507835
OCCUPN1_62.0,0.672798
OCCUPN1_63.0,0.723878
OCCUPN1_64.0,0.329863
OCCUPN1_65.0,0.817493
OCCUPN1_66.0,0.885804
OCCUPN1_67.0,
OCCUPN1_68.0,
OCCUPN1_69.0,0.411796
OCCUPN1_7.0,0.339318
OCCUPN1_70.0,0.210189
OCCUPN1_72.0,0.754171
OCCUPN1_73.0,
OCCUPN1_74.0,
OCCUPN1_75.0,0.931462
OCCUPN1_76.0,0.75032
OCCUPN1_77.0,0.597468
OCCUPN1_78.0,0.893037
OCCUPN1_79.0,0.7219
OCCUPN1_8.0,0.352326
OCCUPN1_80.0,0.679125
OCCUPN1_81.0,0.53222
OCCUPN1_82.0,0.65885
OCCUPN1_83.0,0.550955
OCCUPN1_84.0,0.445019
OCCUPN1_85.0,0.950572
OCCUPN1_86.0,0.818386
OCCUPN1_87.0,
OCCUPN1_88.0,0.527854
OCCUPN1_89.0,0.945655
OCCUPN1_9.0,0.416736
OCCUPN1_90.0,
OCCUPN1_91.0,
OCCUPN1_92.0,0.627678
OCCUPN1_93.0,0.0575827
OCCUPN1_94.0,0.967733
OCCUPN1_nan,0.681911
OCCUPN2_1.0,0.835986
OCCUPN2_10.0,0.464606
OCCUPN2_11.0,0.599532
OCCUPN2_12.0,0.792516
OCCUPN2_13.0,0.397162
OCCUPN2_14.0,0.593805
OCCUPN2_15.0,0.00296387
OCCUPN2_16.0,0.430365
OCCUPN2_17.0,0.273299
OCCUPN2_18.0,0.825098
OCCUPN2_19.0,0.169932
OCCUPN2_2.0,0.278638
OCCUPN2_20.0,0.583257
OCCUPN2_21.0,0.255018
OCCUPN2_22.0,0.174079
OCCUPN2_23.0,0.967733
OCCUPN2_3.0,0.496666
OCCUPN2_4.0,0.502501
OCCUPN2_5.0,0.419108
OCCUPN2_6.0,0.269821
OCCUPN2_7.0,0.309838
OCCUPN2_8.0,8.87619e-05
OCCUPN2_9.0,0.536783
OCCUPN2_nan,0.681911
HYPEV_1.0,0.0366533
HYPEV_2.0,0.0366533
HYPEV_nan,
HYPDIFV_1.0,0.102613
HYPDIFV_2.0,0.10846
HYPDIFV_nan,0.0287431
HYBPCKTP_0.0,0.82499
HYBPCKTP_1.0,0.327883
HYBPCKTP_2.0,0.657016
HYBPCKTP_3.0,0.238625
HYBPCKTP_4.0,0.908041
HYBPCKTP_nan,0.325978
HYBPLEV_1.0,0.507984
HYBPLEV_2.0,0.167262
HYBPLEV_3.0,0.676967
HYBPLEV_4.0,0.067722
HYBPLEV_5.0,0.617404
HYBPLEV_nan,0.423291
HYPMDEV2_1.0,0.0845612
HYPMDEV2_2.0,0.300939
HYPMDEV2_nan,0.0366533
HYPMED2_1.0,0.278259
HYPMED2_2.0,0.0864338
HYPMED2_nan,0.0845612
CHLEV_1.0,0.714842
CHLEV_2.0,0.749591
CHLEV_nan,0.695377
CHLYR_1.0,0.352506
CHLYR_2.0,0.571332
CHLYR_nan,0.65652
CLCKTP_0.0,0.806471
CLCKTP_1.0,0.643929
CLCKTP_2.0,0.894422
CLCKTP_3.0,0.740392
CLCKTP_4.0,0.439558
CLCKTP_nan,0.374306
CHLMDEV2_1.0,0.308946
CHLMDEV2_2.0,0.0880109
CHLMDEV2_nan,0.714842
CHLMDNW2_1.0,0.501325
CHLMDNW2_2.0,0.436519
CHLMDNW2_nan,0.308946
CHDEV_1.0,0.313406
CHDEV_2.0,0.313406
CHDEV_nan,
ANGEV_1.0,0.78292
ANGEV_2.0,0.78292
ANGEV_nan,
MIEV_1.0,0.304642
MIEV_2.0,0.304642
MIEV_nan,
HRTEV_1.0,0.577568
HRTEV_2.0,0.577568
HRTEV_nan,
STREV_1.0,0.770817
STREV_2.0,0.770817
STREV_nan,
EPHEV_1.0,0.5848
EPHEV_2.0,0.5848
EPHEV_nan,
JAWP_1.0,0.474056
JAWP_2.0,0.679673
JAWP_nan,0.257439
WEA_1.0,0.906351
WEA_2.0,0.689691
WEA_nan,0.460391
CHE_1.0,0.341998
CHE_2.0,0.45501
CHE_nan,0.299846
ARM_1.0,0.0317521
ARM_2.0,0.0375997
ARM_nan,0.635214
BRTH_1.0,0.0711833
BRTH_2.0,0.070893
BRTH_nan,0.824709
AHADO_1.0,0.840928
AHADO_2.0,
AHADO_3.0,0.442789
AHADO_4.0,0.556536
AHADO_5.0,0.417091
AHADO_nan,
FACE_1.0,0.438526
FACE_2.0,0.428101
FACE_nan,0.945199
SPEAKING_1.0,0.694866
SPEAKING_2.0,0.744909
SPEAKING_nan,0.816596
EYE_1.0,0.463844
EYE_2.0,0.362824
EYE_nan,0.94378
WALKING_1.0,0.302035
WALKING_2.0,0.328544
WALKING_nan,0.746406
HEADACHE_1.0,0.456537
HEADACHE_2.0,0.535245
HEADACHE_nan,0.711005
ASTDO_1.0,0.628453
ASTDO_2.0,
ASTDO_3.0,0.249213
ASTDO_4.0,0.556536
ASTDO_5.0,0.370987
ASTDO_nan,
COPDEV_1.0,0.59026
COPDEV_2.0,0.59026
COPDEV_nan,
ASPMEDEV_1.0,0.237943
ASPMEDEV_2.0,0.265049
ASPMEDEV_nan,0.725973
ASPMEDAD_1.0,0.338261
ASPMEDAD_2.0,0.523731
ASPMEDAD_nan,0.237943
ASPMDMED_1.0,0.765465
ASPMDMED_2.0,0.57389
ASPMDMED_nan,0.523731
ASPONOWN_1.0,0.443647
ASPONOWN_2.0,0.166473
ASPONOWN_nan,0.265049
AASMEV_1.0,0.426387
AASMEV_2.0,0.426387
AASMEV_nan,
AASSTILL_1.0,0.435625
AASSTILL_2.0,0.811157
AASSTILL_nan,0.438444
AASMYR_1.0,0.19733
AASMYR_2.0,0.891436
AASMYR_nan,0.426387
AASERYR1_1.0,0.807083
AASERYR1_2.0,0.452343
AASERYR1_nan,0.426387
ULCEV_1.0,0.639681
ULCEV_2.0,0.644912
ULCEV_nan,0.975694
ULCYR_1.0,0.576258
ULCYR_2.0,0.742996
ULCYR_nan,0.639681
CANEV_1.0,0.840928
CANEV_2.0,0.840928
CANEV_nan,
CNKIND1_1.0,
CNKIND1_2.0,0.840928
CNKIND1_nan,0.840928
CNKIND2_1.0,
CNKIND2_2.0,0.840928
CNKIND2_nan,0.840928
CNKIND3_2.0,0.840928
CNKIND3_nan,0.840928
CNKIND4_1.0,
CNKIND4_2.0,0.840928
CNKIND4_nan,0.840928
CNKIND5_1.0,0.963005
CNKIND5_2.0,0.839937
CNKIND5_nan,0.840928
CNKIND6_1.0,0.542328
CNKIND6_2.0,0.613724
CNKIND6_nan,0.493757
CNKIND7_1.0,0.896488
CNKIND7_2.0,0.816605
CNKIND7_nan,0.840928
CNKIND8_2.0,0.840928
CNKIND8_nan,0.840928
CNKIND9_2.0,0.840928
CNKIND9_nan,0.840928
CNKIND10_1.0,
CNKIND10_2.0,0.840928
CNKIND10_nan,0.840928
CNKIND11_1.0,
CNKIND11_2.0,0.840928
CNKIND11_nan,0.840928
CNKIND12_1.0,0.352326
CNKIND12_2.0,0.689232
CNKIND12_nan,0.840928
CNKIND13_1.0,0.710813
CNKIND13_2.0,0.89918
CNKIND13_nan,0.840928
CNKIND14_1.0,
CNKIND14_2.0,0.840928
CNKIND14_nan,0.840928
CNKIND15_1.0,0.363108
CNKIND15_2.0,0.989133
CNKIND15_nan,0.840928
CNKIND16_1.0,0.438022
CNKIND16_2.0,0.979277
CNKIND16_nan,0.840928
CNKIND17_1.0,
CNKIND17_2.0,0.840928
CNKIND17_nan,0.840928
CNKIND18_1.0,0.69
CNKIND18_2.0,0.422511
CNKIND18_nan,0.493757
CNKIND19_1.0,
CNKIND19_2.0,0.840928
CNKIND19_nan,0.840928
CNKIND20_1.0,0.379059
CNKIND20_2.0,0.778326
CNKIND20_nan,0.476743
CNKIND21_1.0,
CNKIND21_2.0,0.840928
CNKIND21_nan,0.840928
CNKIND22_1.0,0.955126
CNKIND22_2.0,0.847858
CNKIND22_nan,0.840928
CNKIND23_1.0,0.96906
CNKIND23_2.0,0.844271
CNKIND23_nan,0.840928
CNKIND24_1.0,
CNKIND24_2.0,0.840928
CNKIND24_nan,0.840928
CNKIND25_1.0,
CNKIND25_2.0,0.840928
CNKIND25_nan,0.840928
CNKIND26_1.0,
CNKIND26_2.0,0.476743
CNKIND26_nan,0.476743
CNKIND27_1.0,
CNKIND27_2.0,0.840928
CNKIND27_nan,0.840928
CNKIND28_1.0,0.751214
CNKIND28_2.0,0.910236
CNKIND28_nan,0.840928
CNKIND29_1.0,0.448661
CNKIND29_2.0,0.372986
CNKIND29_nan,0.493757
CNKIND30_1.0,0.617244
CNKIND30_2.0,0.920656
CNKIND30_nan,0.840928
CNKIND31_2.0,
CNKIND31_nan,
PREGEVER_1.0,0.959807
PREGEVER_2.0,0.277684
PREGEVER_nan,0.406709
DBHVPAY_1.0,0.300691
DBHVPAY_2.0,0.300691
DBHVPAY_nan,
DBHVCLY_1.0,0.651762
DBHVCLY_2.0,0.651762
DBHVCLY_nan,
DBHVWLY_1.0,0.811863
DBHVWLY_2.0,0.811863
DBHVWLY_nan,
DBHVPAN_1.0,0.745475
DBHVPAN_2.0,0.745475
DBHVPAN_nan,
DBHVCLN_1.0,0.36884
DBHVCLN_2.0,0.36884
DBHVCLN_nan,
DBHVWLN_1.0,0.444014
DBHVWLN_2.0,0.444014
DBHVWLN_nan,
DIBREL_1.0,0.173943
DIBREL_2.0,0.129634
DIBREL_nan,0.501855
DIBEV1_1.0,0.917663
DIBEV1_2.0,0.741184
DIBEV1_3.0,0.617345
DIBEV1_nan,
DIBPRE2_1.0,0.441974
DIBPRE2_2.0,0.603813
DIBPRE2_nan,0.917663
DIBTEST_1.0,0.722761
DIBTEST_2.0,0.742285
DIBTEST_3.0,0.397896
DIBTEST_4.0,0.937779
DIBTEST_5.0,0.816423
DIBTEST_nan,0.475233
DIBTYPE_1.0,0.564816
DIBTYPE_2.0,0.65707
DIBTYPE_3.0,0.569394
DIBTYPE_nan,0.917663
DIBPILL1_1.0,0.72462
DIBPILL1_2.0,0.335633
DIBPILL1_nan,0.603813
INSLN1_1.0,0.997172
INSLN1_2.0,0.586052
INSLN1_nan,0.603813
DIBINS2_1.0,
DIBINS2_2.0,0.662469
DIBINS2_3.0,
DIBINS2_4.0,0.803729
DIBINS2_nan,0.997172
DIBINS3_1.0,0.485243
DIBINS3_2.0,0.689346
DIBINS3_nan,0.997172
DIBINS4_1.0,
DIBINS4_2.0,
DIBINS4_nan,
EPILEP1_1.0,0.408328
EPILEP1_2.0,0.408328
EPILEP1_nan,
EPILEP2_1.0,0.408328
EPILEP2_2.0,
EPILEP2_nan,0.408328
EPILEP3_0.0,0.408328
EPILEP3_1.0,
EPILEP3_2.0,
EPILEP3_3.0,
EPILEP3_4.0,
EPILEP3_nan,0.408328
EPILEP4_1.0,0.528943
EPILEP4_2.0,0.590543
EPILEP4_nan,0.408328
EPILEP5_1.0,0.408328
EPILEP5_2.0,
EPILEP5_3.0,
EPILEP5_nan,0.408328
DIBGDM_1.0,0.541611
DIBGDM_2.0,0.820038
DIBGDM_nan,0.959807
DIBBABY_1.0,0.30498
DIBBABY_2.0,0.591787
DIBBABY_nan,0.959807
DIBPRGM_1.0,0.575332
DIBPRGM_2.0,0.719463
DIBPRGM_nan,0.917663
DIBREFER_1.0,0.485243
DIBREFER_2.0,0.791445
DIBREFER_nan,0.917663
DIBBEGIN_1.0,0.151184
DIBBEGIN_2.0,0.433011
DIBBEGIN_3.0,0.162757
DIBBEGIN_nan,0.719463
AHAYFYR_1.0,0.398669
AHAYFYR_2.0,0.398669
AHAYFYR_nan,
SINYR_1.0,0.333461
SINYR_2.0,0.333461
SINYR_nan,
CBRCHYR_1.0,0.395146
CBRCHYR_2.0,0.395146
CBRCHYR_nan,
KIDWKYR_1.0,0.720577
KIDWKYR_2.0,0.720577
KIDWKYR_nan,
LIVYR_1.0,0.243284
LIVYR_2.0,0.243284
LIVYR_nan,
JNTSYMP_1.0,0.843743
JNTSYMP_2.0,0.843743
JNTSYMP_nan,
JMTHP1_1.0,0.479044
JMTHP1_2.0,0.549132
JMTHP1_nan,0.843743
JMTHP2_1.0,0.14028
JMTHP2_2.0,0.317572
JMTHP2_nan,0.843743
JMTHP3_1.0,0.526767
JMTHP3_2.0,0.683019
JMTHP3_nan,0.843743
JMTHP4_1.0,0.328474
JMTHP4_2.0,0.616049
JMTHP4_nan,0.843743
JMTHP5_1.0,0.390819
JMTHP5_2.0,0.534078
JMTHP5_nan,0.843743
JMTHP6_1.0,0.138636
JMTHP6_2.0,0.345887
JMTHP6_nan,0.843743
JMTHP7_1.0,0.206759
JMTHP7_2.0,0.713357
JMTHP7_nan,0.843743
JMTHP8_1.0,0.883337
JMTHP8_2.0,0.798027
JMTHP8_nan,0.843743
JMTHP9_1.0,0.784089
JMTHP9_2.0,0.588499
JMTHP9_nan,0.843743
JMTHP10_1.0,0.521513
JMTHP10_2.0,0.695679
JMTHP10_nan,0.843743
JMTHP11_1.0,0.328192
JMTHP11_2.0,0.496829
JMTHP11_nan,0.843743
JMTHP12_1.0,0.84607
JMTHP12_2.0,0.781869
JMTHP12_nan,0.843743
JMTHP13_1.0,0.610686
JMTHP13_2.0,0.712942
JMTHP13_nan,0.843743
JMTHP14_1.0,0.768152
JMTHP14_2.0,0.765762
JMTHP14_nan,0.843743
JMTHP15_1.0,0.450969
JMTHP15_2.0,0.546149
JMTHP15_nan,0.843743
JMTHP16_1.0,0.617724
JMTHP16_2.0,0.638011
JMTHP16_nan,0.843743
JMTHP17_1.0,0.84318
JMTHP17_2.0,0.804582
JMTHP17_nan,0.843743
JNTCHR_1.0,0.780314
JNTCHR_2.0,0.313107
JNTCHR_nan,0.843743
JNTHP_1.0,0.710247
JNTHP_2.0,0.865425
JNTHP_nan,0.843743
ARTH1_1.0,0.997825
ARTH1_2.0,0.946019
ARTH1_nan,0.611978
ARTHLMT_1.0,0.201701
ARTHLMT_2.0,0.695502
ARTHLMT_nan,0.741198
PAINECK_1.0,0.146008
PAINECK_2.0,0.146008
PAINECK_nan,
PAINLB_1.0,0.080541
PAINLB_2.0,0.080541
PAINLB_nan,
PAINLEG_1.0,0.732836
PAINLEG_2.0,0.0242588
PAINLEG_nan,0.080541
PAINFACE_1.0,0.323828
PAINFACE_2.0,0.323828
PAINFACE_nan,
AMIGR_1.0,0.665808
AMIGR_2.0,0.665808
AMIGR_nan,
ACOLD2W_1.0,0.470665
ACOLD2W_2.0,0.470665
ACOLD2W_nan,
AINTIL2W_1.0,0.168826
AINTIL2W_2.0,0.168826
AINTIL2W_nan,
PREGNOW_1.0,0.54649
PREGNOW_2.0,0.898385
PREGNOW_nan,0.813197
PREGFLYR_1.0,0.38783
PREGFLYR_2.0,0.712157
PREGFLYR_nan,0.853219
HRAIDNOW_1.0,0.546727
HRAIDNOW_2.0,0.546727
HRAIDNOW_nan,
HRAIDEV_1.0,0.613488
HRAIDEV_2.0,0.803036
HRAIDEV_nan,0.546727
AHEARST1_1.0,0.269573
AHEARST1_2.0,0.195309
AHEARST1_3.0,0.251999
AHEARST1_4.0,0.129673
AHEARST1_5.0,0.98804
AHEARST1_6.0,
AHEARST1_nan,
AVISION_1.0,0.0472348
AVISION_2.0,0.0472348
AVISION_nan,
ABLIND_1.0,0.924566
ABLIND_2.0,0.0436973
ABLIND_nan,0.0472348
VIM-DREV_1.0,0.863261
VIM-DREV_2.0,0.934479
VIM-DREV_nan,0.872681
VIMLS-DR_1.0,0.476185
VIMLS-DR_2.0,0.33921
VIMLS-DR_nan,0.863261
VIM-CAEV_1.0,0.361177
VIM-CAEV_2.0,0.361177
VIM-CAEV_nan,
VIMLS-CA_1.0,0.538346
VIMLS-CA_2.0,0.178461
VIMLS-CA_nan,0.361177
VIMCSURG_1.0,0.591116
VIMCSURG_2.0,0.060236
VIMCSURG_nan,0.361177
VIM-GLEV_1.0,0.130294
VIM-GLEV_2.0,0.130294
VIM-GLEV_nan,
VIMLS-GL_1.0,0.597021
VIMLS-GL_2.0,0.156428
VIMLS-GL_nan,0.130294
VIM-MDEV_1.0,0.956325
VIM-MDEV_2.0,0.956325
VIM-MDEV_nan,
VIMLS-MD_1.0,
VIMLS-MD_2.0,0.956325
VIMLS-MD_nan,0.956325
VIMGLASS_1.0,0.00985012
VIMGLASS_2.0,0.00924875
VIMGLASS_nan,0.924566
VIMREAD_1.0,0.258915
VIMREAD_2.0,0.0790571
VIMREAD_nan,0.00985012
VIMDRIVE_1.0,0.0303891
VIMDRIVE_2.0,0.665457
VIMDRIVE_nan,0.00985012
AVISREH_1.0,0.980579
AVISREH_2.0,0.0314318
AVISREH_nan,0.0472348
AVISDEV_1.0,0.647688
AVISDEV_2.0,0.0192072
AVISDEV_nan,0.0472348
AVDF-NWS_0.0,0.526889
AVDF-NWS_1.0,0.762862
AVDF-NWS_2.0,0.495635
AVDF-NWS_3.0,0.979519
AVDF-NWS_4.0,0.872681
AVDF-NWS_6.0,
AVDF-NWS_nan,0.924566
AVDF-CLS_0.0,0.543346
AVDF-CLS_1.0,0.952527
AVDF-CLS_2.0,0.490523
AVDF-CLS_3.0,0.884491
AVDF-CLS_4.0,
AVDF-CLS_6.0,2.07657e-09
AVDF-CLS_nan,0.924566
AVDF-NIT_0.0,0.421234
AVDF-NIT_1.0,0.589888
AVDF-NIT_2.0,0.503075
AVDF-NIT_3.0,
AVDF-NIT_4.0,
AVDF-NIT_6.0,0.872681
AVDF-NIT_nan,0.924566
AVDF-DRV_0.0,0.459308
AVDF-DRV_1.0,0.567971
AVDF-DRV_2.0,0.525854
AVDF-DRV_3.0,
AVDF-DRV_4.0,
AVDF-DRV_6.0,0.895862
AVDF-DRV_nan,0.924566
AVDF-PER_0.0,0.965368
AVDF-PER_1.0,0.685626
AVDF-PER_2.0,0.525854
AVDF-PER_3.0,
AVDF-PER_4.0,0.576258
AVDF-PER_6.0,
AVDF-PER_nan,0.924566
AVDF-CRD_0.0,0.879901
AVDF-CRD_1.0,0.471439
AVDF-CRD_2.0,0.530688
AVDF-CRD_3.0,
AVDF-CRD_4.0,
AVDF-CRD_6.0,0.629606
AVDF-CRD_nan,0.924566
AVISEXAM_1.0,0.923311
AVISEXAM_2.0,0.0849619
AVISEXAM_3.0,0.840733
AVISEXAM_4.0,0.241226
AVISEXAM_5.0,0.512267
AVISEXAM_nan,0.274589
AVISACT_1.0,0.194778
AVISACT_2.0,0.194778
AVISACT_nan,
AVISPROT_1.0,0.749221
AVISPROT_2.0,0.223237
AVISPROT_3.0,0.218315
AVISPROT_4.0,0.745758
AVISPROT_nan,0.194778
LUPPRT_1.0,0.577561
LUPPRT_2.0,0.577561
LUPPRT_nan,
CHPAIN6M_1.0,0.383308
CHPAIN6M_2.0,0.295664
CHPAIN6M_3.0,0.899026
CHPAIN6M_4.0,0.588306
CHPAIN6M_nan,
PAINLMT_1.0,0.855435
PAINLMT_2.0,0.105165
PAINLMT_3.0,0.38921
PAINLMT_4.0,0.791303
PAINLMT_nan,0.383308
HYPYR1_1.0,0.140462
HYPYR1_2.0,0.574763
HYPYR1_nan,0.102613
ACHRC14A_1.0,
ACHRC14A_nan,
ADURB14A_4.0,
ADURB14A_nan,
AFLHC19-_1.0,
AFLHC19-_2.0,0.581657
AFLHC19-_nan,0.581657
AFLHC20-_1.0,0.481246
AFLHC20-_2.0,0.275104
AFLHC20-_nan,0.581657
AFLHC21-_1.0,0.56402
AFLHC21-_2.0,0.644502
AFLHC21-_nan,0.581657
AFLHC22-_1.0,
AFLHC22-_2.0,0.581657
AFLHC22-_nan,0.581657
AFLHC23-_1.0,0.787859
AFLHC23-_2.0,0.535148
AFLHC23-_nan,0.581657
AFLHC24-_1.0,
AFLHC24-_2.0,0.581657
AFLHC24-_nan,0.581657
AFLHC25-_1.0,0.710813
AFLHC25-_2.0,0.609702
AFLHC25-_nan,0.581657
AFLHC26-_1.0,
AFLHC26-_2.0,0.581657
AFLHC26-_nan,0.581657
AFLHC27-_2.0,0.581657
AFLHC27-_nan,0.581657
AFLHC28-_1.0,
AFLHC28-_2.0,0.581657
AFLHC28-_nan,0.581657
AFLHC29-_2.0,0.581657
AFLHC29-_nan,0.581657
AFLHC30-_1.0,
AFLHC30-_2.0,0.581657
AFLHC30-_nan,0.581657
AFLHC31-_1.0,0.988367
AFLHC31-_2.0,0.577551
AFLHC31-_nan,0.581657
AFLHC32-_1.0,
AFLHC32-_2.0,0.581657
AFLHC32-_nan,0.581657
AFLHC33-_1.0,
AFLHC33-_2.0,0.581657
AFLHC33-_nan,0.581657
AFLHC34-_1.0,0.622672
AFLHC34-_2.0,0.542607
AFLHC34-_nan,0.581657
AFLHCA1_1.0,0.686234
AFLHCA1_2.0,0.514965
AFLHCA1_nan,0.581657
AFLHCA10_1.0,0.869529
AFLHCA10_2.0,0.555817
AFLHCA10_nan,0.581657
AFLHCA11_1.0,0.930548
AFLHCA11_2.0,0.590624
AFLHCA11_nan,0.581657
AFLHCA12_1.0,
AFLHCA12_2.0,0.581657
AFLHCA12_nan,0.581657
AFLHCA13_1.0,0.59342
AFLHCA13_2.0,0.622785
AFLHCA13_nan,0.581657
AFLHCA15_1.0,
AFLHCA15_2.0,0.581657
AFLHCA15_nan,0.581657
AFLHCA16_1.0,
AFLHCA16_2.0,0.581657
AFLHCA16_nan,0.581657
AFLHCA17_1.0,0.807806
AFLHCA17_2.0,0.628524
AFLHCA17_nan,0.581657
AFLHCA18_1.0,0.970209
AFLHCA18_2.0,0.568708
AFLHCA18_nan,0.581657
AFLHCA2_1.0,0.512293
AFLHCA2_2.0,0.653607
AFLHCA2_nan,0.581657
AFLHCA3_1.0,0.373831
AFLHCA3_2.0,0.961683
AFLHCA3_nan,0.581657
AFLHCA4_1.0,0.350235
AFLHCA4_2.0,0.992496
AFLHCA4_nan,0.581657
AFLHCA5_1.0,0.914894
AFLHCA5_2.0,0.594616
AFLHCA5_nan,0.581657
AFLHCA6_1.0,0.567195
AFLHCA6_2.0,0.679442
AFLHCA6_nan,0.581657
AFLHCA7_1.0,0.580787
AFLHCA7_2.0,0.665976
AFLHCA7_nan,0.581657
AFLHCA8_1.0,
AFLHCA8_2.0,0.581657
AFLHCA8_nan,0.581657
AFLHCA9_1.0,0.722116
AFLHCA9_2.0,0.540485
AFLHCA9_nan,0.581657
AFLHCA90_1.0,0.993418
AFLHCA90_2.0,0.576761
AFLHCA90_nan,0.581657
AFLHCA91_2.0,0.581657
AFLHCA91_nan,0.581657
AHSTATYR_1.0,0.238978
AHSTATYR_2.0,0.448398
AHSTATYR_3.0,0.122609
AHSTATYR_nan,0.544862
ALCHRC1_1.0,0.686234
ALCHRC1_nan,0.686234
ALCHRC10_1.0,0.869529
ALCHRC10_nan,0.869529
ALCHRC11_1.0,0.930548
ALCHRC11_2.0,
ALCHRC11_nan,0.930548
ALCHRC12_1.0,
ALCHRC12_nan,
ALCHRC13_1.0,0.59342
ALCHRC13_nan,0.59342
ALCHRC15_1.0,
ALCHRC15_nan,
ALCHRC16_1.0,
ALCHRC16_nan,
ALCHRC17_1.0,0.807806
ALCHRC17_2.0,
ALCHRC17_nan,0.807806
ALCHRC18_1.0,0.970209
ALCHRC18_2.0,
ALCHRC18_nan,0.970209
ALCHRC19_1.0,
ALCHRC19_nan,
ALCHRC2_1.0,0.512293
ALCHRC2_nan,0.512293
ALCHRC20_1.0,0.481902
ALCHRC20_2.0,0.929714
ALCHRC20_nan,0.481246
ALCHRC21_1.0,0.56402
ALCHRC21_nan,0.56402
ALCHRC22_1.0,
ALCHRC22_nan,
ALCHRC23_1.0,0.787859
ALCHRC23_2.0,
ALCHRC23_nan,0.787859
ALCHRC24_1.0,
ALCHRC24_2.0,
ALCHRC24_nan,
ALCHRC25_1.0,0.710813
ALCHRC25_2.0,
ALCHRC25_nan,0.710813
ALCHRC26_1.0,
ALCHRC26_nan,
ALCHRC27_nan,
ALCHRC28_1.0,
ALCHRC28_nan,
ALCHRC29_nan,
ALCHRC3_1.0,0.373831
ALCHRC3_nan,0.373831
ALCHRC30_1.0,
ALCHRC30_nan,
ALCHRC31_1.0,0.917424
ALCHRC31_2.0,0.901097
ALCHRC31_nan,0.988367
ALCHRC32_1.0,
ALCHRC32_nan,
ALCHRC33_1.0,
ALCHRC33_nan,
ALCHRC34_2.0,0.622672
ALCHRC34_nan,0.622672
ALCHRC4_1.0,0.350235
ALCHRC4_2.0,
ALCHRC4_nan,0.350235
ALCHRC5_1.0,0.914894
ALCHRC5_2.0,
ALCHRC5_nan,0.914894
ALCHRC6_1.0,0.60447
ALCHRC6_2.0,0.809587
ALCHRC6_nan,0.567195
ALCHRC7_1.0,0.580787
ALCHRC7_nan,0.580787
ALCHRC8_1.0,
ALCHRC8_nan,
ALCHRC9_1.0,0.722116
ALCHRC9_nan,0.722116
ALCHRC90_1.0,0.993418
ALCHRC90_nan,0.993418
ALCHRC91_nan,
ALCHRONR_0.0,0.581657
ALCHRONR_1.0,0.547394
ALCHRONR_2.0,0.850479
ALCHRONR_3.0,
ALCNDRT_1.0,0.547394
ALCNDRT_2.0,0.850479
ALCNDRT_nan,0.581657
ALDURB1_3.0,
ALDURB1_4.0,0.686234
ALDURB1_nan,0.686234
ALDURB10_3.0,
ALDURB10_4.0,0.869529
ALDURB10_nan,0.869529
ALDURB11_1.0,
ALDURB11_2.0,
ALDURB11_3.0,
ALDURB11_4.0,0.930548
ALDURB11_nan,0.930548
ALDURB12_3.0,
ALDURB12_4.0,
ALDURB12_nan,
ALDURB13_4.0,0.59342
ALDURB13_nan,0.59342
ALDURB15_4.0,
ALDURB15_nan,
ALDURB16_4.0,
ALDURB16_nan,
ALDURB17_1.0,
ALDURB17_2.0,
ALDURB17_3.0,0.597021
ALDURB17_4.0,0.655427
ALDURB17_nan,0.807806
ALDURB18_1.0,
ALDURB18_4.0,0.970209
ALDURB18_nan,0.970209
ALDURB19_3.0,
ALDURB19_4.0,
ALDURB19_nan,
ALDURB2_3.0,
ALDURB2_4.0,0.512293
ALDURB2_nan,0.512293
ALDURB20_1.0,0.929714
ALDURB20_2.0,0.650877
ALDURB20_3.0,0.00316694
ALDURB20_4.0,0.485598
ALDURB20_nan,0.481246
ALDURB21_2.0,
ALDURB21_3.0,0.565511
ALDURB21_4.0,0.810232
ALDURB21_nan,0.56402
ALDURB22_3.0,
ALDURB22_4.0,
ALDURB22_nan,
ALDURB23_1.0,
ALDURB23_3.0,
ALDURB23_4.0,0.787859
ALDURB23_nan,0.787859
ALDURB24_1.0,
ALDURB24_4.0,
ALDURB24_nan,
ALDURB25_1.0,
ALDURB25_3.0,0.710813
ALDURB25_4.0,
ALDURB25_nan,0.710813
ALDURB26_4.0,
ALDURB26_nan,
ALDURB27_nan,
ALDURB28_4.0,
ALDURB28_nan,
ALDURB29_nan,
ALDURB3_1.0,
ALDURB3_2.0,
ALDURB3_3.0,
ALDURB3_4.0,0.464231
ALDURB3_nan,0.464231
ALDURB30_4.0,
ALDURB30_nan,
ALDURB31_1.0,0.901097
ALDURB31_2.0,
ALDURB31_3.0,0.917424
ALDURB31_4.0,
ALDURB31_nan,0.988367
ALDURB32_3.0,
ALDURB32_4.0,
ALDURB32_nan,
ALDURB33_3.0,
ALDURB33_4.0,
ALDURB33_nan,
ALDURB34_1.0,
ALDURB34_2.0,
ALDURB34_3.0,0.622672
ALDURB34_nan,0.622672
ALDURB4_1.0,
ALDURB4_2.0,
ALDURB4_3.0,0.589012
ALDURB4_4.0,0.42825
ALDURB4_nan,0.350235
ALDURB5_1.0,
ALDURB5_2.0,
ALDURB5_3.0,
ALDURB5_4.0,0.914894
ALDURB5_nan,0.914894
ALDURB6_1.0,0.809587
ALDURB6_2.0,
ALDURB6_3.0,
ALDURB6_4.0,0.60447
ALDURB6_nan,0.567195
ALDURB7_1.0,
ALDURB7_3.0,
ALDURB7_4.0,0.580787
ALDURB7_nan,0.580787
ALDURB8_1.0,
ALDURB8_4.0,
ALDURB8_nan,
ALDURB9_1.0,
ALDURB9_3.0,
ALDURB9_4.0,0.722116
ALDURB9_nan,0.722116
ALDURB90_3.0,
ALDURB90_4.0,0.993418
ALDURB90_nan,0.993418
ALDURB91_nan,
ALHCA14A_1.0,
ALHCA14A_2.0,0.581657
ALHCA14A_nan,0.581657
ALUNIT1_3.0,
ALUNIT1_4.0,0.727321
ALUNIT1_6.0,0.83954
ALUNIT1_nan,0.686234
ALUNIT10_4.0,0.869529
ALUNIT10_nan,0.869529
ALUNIT11_2.0,
ALUNIT11_3.0,
ALUNIT11_4.0,0.811414
ALUNIT11_6.0,0.778308
ALUNIT11_nan,0.930548
ALUNIT12_3.0,
ALUNIT12_4.0,
ALUNIT12_nan,
ALUNIT13_6.0,0.59342
ALUNIT13_nan,0.59342
ALUNIT15_3.0,
ALUNIT15_4.0,
ALUNIT15_6.0,
ALUNIT15_nan,
ALUNIT16_4.0,
ALUNIT16_nan,
ALUNIT17_3.0,0.366635
ALUNIT17_4.0,0.648027
ALUNIT17_6.0,0.36049
ALUNIT17_nan,0.807806
ALUNIT18_3.0,
ALUNIT18_4.0,0.821785
ALUNIT18_6.0,0.714536
ALUNIT18_nan,0.970209
ALUNIT19_3.0,
ALUNIT19_4.0,
ALUNIT19_6.0,
ALUNIT19_nan,
ALUNIT2_3.0,0.695377
ALUNIT2_4.0,0.59342
ALUNIT2_6.0,
ALUNIT2_nan,0.512293
ALUNIT20_2.0,
ALUNIT20_3.0,0.873548
ALUNIT20_4.0,0.385426
ALUNIT20_6.0,
ALUNIT20_nan,0.481246
ALUNIT21_3.0,
ALUNIT21_4.0,0.56402
ALUNIT21_nan,0.56402
ALUNIT22_4.0,
ALUNIT22_nan,
ALUNIT23_2.0,
ALUNIT23_3.0,
ALUNIT23_4.0,0.626312
ALUNIT23_6.0,0.760346
ALUNIT23_nan,0.787859
ALUNIT24_2.0,
ALUNIT24_3.0,
ALUNIT24_4.0,
ALUNIT24_nan,
ALUNIT25_3.0,0.710813
ALUNIT25_4.0,
ALUNIT25_nan,0.710813
ALUNIT26_4.0,
ALUNIT26_6.0,
ALUNIT26_nan,
ALUNIT27_nan,
ALUNIT28_3.0,
ALUNIT28_nan,
ALUNIT29_nan,
ALUNIT3_2.0,
ALUNIT3_3.0,
ALUNIT3_4.0,0.464231
ALUNIT3_6.0,
ALUNIT3_nan,0.464231
ALUNIT30_6.0,
ALUNIT30_nan,
ALUNIT31_2.0,0.901097
ALUNIT31_3.0,0.917424
ALUNIT31_4.0,
ALUNIT31_nan,0.988367
ALUNIT32_4.0,
ALUNIT32_nan,
ALUNIT33_3.0,
ALUNIT33_4.0,
ALUNIT33_6.0,
ALUNIT33_nan,
ALUNIT34_2.0,0.622672
ALUNIT34_3.0,
ALUNIT34_nan,0.622672
ALUNIT4_1.0,
ALUNIT4_2.0,
ALUNIT4_3.0,0.900278
ALUNIT4_4.0,0.38572
ALUNIT4_6.0,0.714536
ALUNIT4_nan,0.350235
ALUNIT5_1.0,
ALUNIT5_2.0,
ALUNIT5_3.0,
ALUNIT5_4.0,0.914894
ALUNIT5_nan,0.914894
ALUNIT6_2.0,0.809587
ALUNIT6_3.0,
ALUNIT6_4.0,0.60447
ALUNIT6_nan,0.567195
ALUNIT7_3.0,
ALUNIT7_4.0,0.580787
ALUNIT7_6.0,
ALUNIT7_nan,0.580787
ALUNIT8_2.0,
ALUNIT8_3.0,
ALUNIT8_4.0,
ALUNIT8_nan,
ALUNIT9_3.0,
ALUNIT9_4.0,0.722116
ALUNIT9_nan,0.722116
ALUNIT90_3.0,
ALUNIT90_4.0,0.993418
ALUNIT90_6.0,
ALUNIT90_nan,0.993418
ALUNIT91_nan,
ATIME14A_17.0,
ATIME14A_21.0,
ATIME14A_28.0,
ATIME14A_3.0,
ATIME14A_96.0,
ATIME14A_nan,
AUNIT14A_4.0,
AUNIT14A_6.0,
AUNIT14A_nan,
FLA1AR_1.0,0.581657
FLA1AR_2.0,0.534795
FLA1AR_3.0,0.527854
FLCARRY_0.0,0.533285
FLCARRY_1.0,0.56519
FLCARRY_2.0,0.796922
FLCARRY_3.0,0.792217
FLCARRY_4.0,0.782409
FLCARRY_6.0,0.906806
FLCARRY_nan,
FLCLIMB_0.0,0.669025
FLCLIMB_1.0,0.833072
FLCLIMB_2.0,0.784894
FLCLIMB_3.0,0.849925
FLCLIMB_4.0,0.664425
FLCLIMB_6.0,0.860063
FLCLIMB_nan,
FLGRASP_0.0,0.941687
FLGRASP_1.0,0.801858
FLGRASP_2.0,0.767176
FLGRASP_3.0,0.91101
FLGRASP_4.0,
FLGRASP_6.0,0.862861
FLGRASP_nan,
FLPUSH_0.0,0.780759
FLPUSH_1.0,0.861334
FLPUSH_2.0,0.102482
FLPUSH_3.0,0.607388
FLPUSH_4.0,0.649571
FLPUSH_6.0,0.739096
FLPUSH_nan,
FLREACH_0.0,0.584824
FLREACH_1.0,0.95157
FLREACH_2.0,0.660364
FLREACH_3.0,0.7569
FLREACH_4.0,0.809587
FLREACH_6.0,0.862861
FLREACH_nan,
FLRELAX_0.0,0.281878
FLRELAX_1.0,0.428916
FLRELAX_2.0,0.631907
FLRELAX_3.0,0.581667
FLRELAX_4.0,
FLRELAX_6.0,0.862861
FLRELAX_nan,
FLSHOP_0.0,0.328751
FLSHOP_1.0,0.972853
FLSHOP_2.0,0.340379
FLSHOP_3.0,0.826452
FLSHOP_4.0,0.901097
FLSHOP_6.0,0.50924
FLSHOP_nan,
FLSIT_0.0,0.339497
FLSIT_1.0,0.201161
FLSIT_2.0,0.734318
FLSIT_3.0,0.643392
FLSIT_4.0,0.949835
FLSIT_6.0,0.725957
FLSIT_nan,
FLSOCL_0.0,0.312106
FLSOCL_1.0,0.530584
FLSOCL_2.0,0.629249
FLSOCL_3.0,0.592005
FLSOCL_4.0,0.901097
FLSOCL_6.0,0.645644
FLSOCL_nan,
FLSTAND_0.0,0.673017
FLSTAND_1.0,0.328258
FLSTAND_2.0,0.863929
FLSTAND_3.0,0.955527
FLSTAND_4.0,0.799075
FLSTAND_6.0,0.72631
FLSTAND_nan,0.527854
FLSTOOP_0.0,0.963247
FLSTOOP_1.0,0.147374
FLSTOOP_2.0,0.560858
FLSTOOP_3.0,0.478211
FLSTOOP_4.0,0.472294
FLSTOOP_6.0,0.466748
FLSTOOP_nan,
FLWALK_0.0,0.370467
FLWALK_1.0,0.361735
FLWALK_2.0,0.363608
FLWALK_3.0,0.759523
FLWALK_4.0,0.563629
FLWALK_6.0,0.977847
FLWALK_nan,
SPECEQ_1.0,0.799171
SPECEQ_2.0,0.799171
SPECEQ_nan,
ALC12MTP_0.0,0.140912
ALC12MTP_1.0,0.559059
ALC12MTP_2.0,0.81766
ALC12MTP_3.0,0.410523
ALC12MTP_nan,0.376951
ALC1YR_1.0,0.625466
ALC1YR_2.0,0.667787
ALC1YR_nan,0.775675
ALC5UPT1_0.0,0.0543564
ALC5UPT1_1.0,0.77963
ALC5UPT1_2.0,0.615561
ALC5UPT1_3.0,0.717848
ALC5UPT1_nan,0.0224297
ALCLIFE_1.0,0.785432
ALCLIFE_2.0,0.407966
ALCLIFE_nan,0.667787
CIGAREV2_1.0,0.249445
CIGAREV2_2.0,0.258672
CIGAREV2_nan,0.914747
CIGCUR2_1.0,0.821408
CIGCUR2_2.0,0.438482
CIGCUR2_3.0,0.38853
CIGCUR2_nan,0.249445
CIGQTYR_1.0,0.492531
CIGQTYR_2.0,0.906477
CIGQTYR_nan,0.754846
ECIGCUR2_1.0,0.476295
ECIGCUR2_2.0,0.611707
ECIGCUR2_3.0,0.948666
ECIGCUR2_nan,0.948739
ECIGEV2_1.0,0.948739
ECIGEV2_2.0,0.966671
ECIGEV2_nan,0.914747
MODLNGTP_1.0,0.0826822
MODLNGTP_2.0,0.319191
MODLNGTP_nan,0.308815
MODTP_0.0,0.261011
MODTP_1.0,0.210207
MODTP_2.0,0.909261
MODTP_3.0,0.852162
MODTP_4.0,0.607786
MODTP_6.0,0.972863
MODTP_nan,0.859074
PIPECUR2_1.0,0.385614
PIPECUR2_2.0,0.774723
PIPECUR2_3.0,0.750412
PIPECUR2_nan,0.791201
PIPEV2_1.0,0.791201
PIPEV2_2.0,0.810202
PIPEV2_nan,0.914747
SMKEV_1.0,0.2039
SMKEV_2.0,0.205733
SMKEV_nan,0.98699
SMKLSCR2_1.0,0.920355
SMKLSCR2_2.0,0.63005
SMKLSCR2_3.0,0.514681
SMKLSCR2_nan,0.422235
SMKLSTB1_1.0,0.422235
SMKLSTB1_2.0,0.440977
SMKLSTB1_nan,0.914747
SMKNOW_1.0,0.830922
SMKNOW_2.0,0.805062
SMKNOW_3.0,0.210633
SMKNOW_nan,0.2039
SMKQTTP_1.0,
SMKQTTP_2.0,0.901097
SMKQTTP_3.0,0.345249
SMKQTTP_4.0,0.347057
SMKQTTP_nan,0.244879
STRNGTP_0.0,0.438429
STRNGTP_1.0,0.294357
STRNGTP_2.0,0.184509
STRNGTP_3.0,0.946626
STRNGTP_4.0,0.590543
STRNGTP_6.0,0.81887
STRNGTP_nan,0.775675
VIGLNGTP_1.0,0.485384
VIGLNGTP_2.0,0.788502
VIGLNGTP_nan,0.370708
VIGTP_0.0,0.362236
VIGTP_1.0,0.534023
VIGTP_2.0,0.789455
VIGTP_3.0,0.741629
VIGTP_4.0,0.310997
VIGTP_6.0,0.874009
VIGTP_nan,0.775675
SMKSTAT2_1.0,0.830922
SMKSTAT2_2.0,0.805062
SMKSTAT2_3.0,0.210633
SMKSTAT2_4.0,0.205733
SMKSTAT2_5.0,
SMKSTAT2_nan,0.98699
ALCSTAT_1.0,0.407966
ALCSTAT_10.0,0.775675
ALCSTAT_2.0,0.356184
ALCSTAT_3.0,0.254127
ALCSTAT_5.0,0.497389
ALCSTAT_6.0,0.604953
ALCSTAT_7.0,0.294632
ALCSTAT_8.0,0.686491
ALCSTAT_9.0,2.07657e-09
AUSUALPL_1.0,0.570066
AUSUALPL_2.0,0.792572
AUSUALPL_3.0,0.409382
AUSUALPL_nan,0.909771
APLKIND_1.0,0.10434
APLKIND_2.0,0.0703424
APLKIND_3.0,0.538825
APLKIND_4.0,0.625379
APLKIND_5.0,0.362706
APLKIND_6.0,0.896488
APLKIND_nan,0.772719
AHCPLROU_1.0,0.436969
AHCPLROU_2.0,0.315793
AHCPLROU_nan,0.838058
AHCPLKND_0.0,0.741252
AHCPLKND_1.0,0.848979
AHCPLKND_2.0,0.626964
AHCPLKND_3.0,0.513052
AHCPLKND_4.0,
AHCPLKND_5.0,0.682581
AHCPLKND_6.0,0.930907
AHCPLKND_nan,0.410604
AHCCHGYR_1.0,0.980222
AHCCHGYR_2.0,0.835557
AHCCHGYR_nan,0.822691
AHCCHGHI_1.0,0.084788
AHCCHGHI_2.0,0.218733
AHCCHGHI_nan,0.980222
APRVTRYR_1.0,0.418707
APRVTRYR_2.0,0.509983
APRVTRYR_nan,0.936466
APRVTRFD_1.0,0.379119
APRVTRFD_2.0,0.873548
APRVTRFD_nan,0.418707
ADRNANP_1.0,0.265984
ADRNANP_2.0,0.352515
ADRNANP_nan,0.936466
ADRNAI_1.0,0.282555
ADRNAI_2.0,0.373938
ADRNAI_nan,0.936466
AHCDLYR1_1.0,0.992312
AHCDLYR1_2.0,0.966698
AHCDLYR1_nan,0.936466
AHCDLYR2_1.0,0.507052
AHCDLYR2_2.0,0.52558
AHCDLYR2_nan,0.936466
AHCDLYR3_1.0,0.333689
AHCDLYR3_2.0,0.430657
AHCDLYR3_nan,0.936466
AHCDLYR4_1.0,0.641399
AHCDLYR4_2.0,0.707423
AHCDLYR4_nan,0.936466
AHCDLYR5_1.0,0.965768
AHCDLYR5_2.0,0.928059
AHCDLYR5_nan,0.936466
AHCAFYR1_1.0,0.552502
AHCAFYR1_2.0,0.639834
AHCAFYR1_nan,0.936466
AHCAFYR2_1.0,0.852568
AHCAFYR2_2.0,0.925069
AHCAFYR2_nan,0.936466
AHCAFYR3_1.0,0.688183
AHCAFYR3_2.0,0.725523
AHCAFYR3_nan,0.936466
AHCAFYR4_1.0,0.55203
AHCAFYR4_2.0,0.652647
AHCAFYR4_nan,0.936466
AHCAFYR5_1.0,0.59177
AHCAFYR5_2.0,0.713253
AHCAFYR5_nan,0.936466
AHCAFYR6_1.0,0.381668
AHCAFYR6_2.0,0.51748
AHCAFYR6_nan,0.936466
AWORPAY_1.0,0.797005
AWORPAY_2.0,0.0391808
AWORPAY_3.0,0.0852899
AWORPAY_nan,0.936466
AHICOMP_1.0,0.470382
AHICOMP_2.0,0.186746
AHICOMP_3.0,0.121912
AHICOMP_nan,0.932021
ARX12MO_1.0,0.649455
ARX12MO_2.0,0.656606
ARX12MO_nan,0.961941
ARX12-1_1.0,0.561914
ARX12-1_2.0,0.84087
ARX12-1_nan,0.649455
ARX12-2_1.0,0.704449
ARX12-2_2.0,0.754114
ARX12-2_nan,0.649455
ARX12-3_1.0,0.0617321
ARX12-3_2.0,0.269038
ARX12-3_nan,0.649455
ARX12-4_1.0,0.176558
ARX12-4_2.0,0.163361
ARX12-4_nan,0.649455
ARX12-5_1.0,0.984515
ARX12-5_2.0,0.978899
ARX12-5_nan,0.961941
ARX12-6_1.0,0.43095
ARX12-6_2.0,0.476039
ARX12-6_nan,0.961941
ADNLONG2_0.0,0.45459
ADNLONG2_1.0,0.965725
ADNLONG2_2.0,0.887647
ADNLONG2_3.0,0.134859
ADNLONG2_4.0,0.0251959
ADNLONG2_5.0,0.829896
ADNLONG2_nan,0.83827
AHCSYR1_1.0,0.234031
AHCSYR1_2.0,0.262094
AHCSYR1_nan,0.961941
AHCSYR2_1.0,0.062057
AHCSYR2_2.0,0.0619397
AHCSYR2_nan,0.961941
AHCSYR3_1.0,0.248262
AHCSYR3_2.0,0.31916
AHCSYR3_nan,0.961941
AHCSYR4_1.0,0.201896
AHCSYR4_2.0,0.22017
AHCSYR4_nan,0.961941
AHCSYR5_1.0,0.163029
AHCSYR5_2.0,0.207199
AHCSYR5_nan,0.961941
AHCSYR6_1.0,0.256417
AHCSYR6_2.0,0.326906
AHCSYR6_nan,0.701812
AHCSYR7_1.0,0.0546593
AHCSYR7_2.0,0.337006
AHCSYR7_nan,0.430853
AHCSYR8_1.0,0.686109
AHCSYR8_2.0,0.682618
AHCSYR8_nan,0.961941
AHCSYR9_1.0,0.669696
AHCSYR9_2.0,0.656613
AHCSYR9_nan,0.961941
AHCSYR10_1.0,0.926887
AHCSYR10_2.0,0.974083
AHCSYR10_nan,0.906405
AHERNOY2_0.0,0.192028
AHERNOY2_1.0,0.274092
AHERNOY2_2.0,0.506402
AHERNOY2_3.0,0.893037
AHERNOY2_4.0,0.949835
AHERNOY2_5.0,
AHERNOY2_6.0,0.614901
AHERNOY2_nan,0.961941
AERVISND_1.0,0.405963
AERVISND_2.0,0.283586
AERVISND_nan,0.165967
AERHOS_1.0,0.277577
AERHOS_2.0,0.404689
AERHOS_nan,0.168373
AERREA1R_1.0,0.552329
AERREA1R_2.0,0.226112
AERREA1R_nan,0.168373
AERREA2R_1.0,0.540519
AERREA2R_2.0,0.269029
AERREA2R_nan,0.192881
AERREA3R_1.0,0.481605
AERREA3R_2.0,0.255578
AERREA3R_nan,0.168373
AERREA4R_1.0,0.151653
AERREA4R_2.0,0.782803
AERREA4R_nan,0.168373
AERREA5R_1.0,0.0774995
AERREA5R_2.0,0.782133
AERREA5R_nan,0.168373
AERREA6R_1.0,0.206549
AERREA6R_2.0,0.477759
AERREA6R_nan,0.168373
AERREA7R_1.0,0.760543
AERREA7R_2.0,0.183846
AERREA7R_nan,0.168373
AERREA8R_1.0,0.310561
AERREA8R_2.0,0.295095
AERREA8R_nan,0.168373
AHCHYR_1.0,0.581264
AHCHYR_2.0,0.825862
AHCHYR_nan,0.961941
AHCHMOYR_1.0,0.581264
AHCHMOYR_11.0,
AHCHMOYR_2.0,
AHCHMOYR_3.0,
AHCHMOYR_4.0,
AHCHMOYR_5.0,
AHCHMOYR_7.0,
AHCHMOYR_8.0,
AHCHMOYR_9.0,
AHCHMOYR_nan,0.581264
AHCHNOY2_1.0,
AHCHNOY2_2.0,0.901097
AHCHNOY2_3.0,0.366193
AHCHNOY2_4.0,
AHCHNOY2_5.0,
AHCHNOY2_6.0,
AHCHNOY2_nan,0.581264
AHCNOYR2_0.0,0.592317
AHCNOYR2_1.0,0.276009
AHCNOYR2_2.0,0.708057
AHCNOYR2_3.0,0.384894
AHCNOYR2_4.0,0.0256231
AHCNOYR2_5.0,0.756087
AHCNOYR2_6.0,0.000838555
AHCNOYR2_nan,0.946763
ASRGYR_1.0,0.18592
ASRGYR_2.0,0.252035
ASRGYR_nan,0.799139
AMDLONGR_0.0,0.847868
AMDLONGR_1.0,0.731312
AMDLONGR_2.0,0.920901
AMDLONGR_3.0,0.687591
AMDLONGR_4.0,0.546342
AMDLONGR_5.0,0.6954
AMDLONGR_nan,0.775875
HIT1A_1.0,0.586852
HIT1A_2.0,0.531535
HIT1A_nan,0.799139
HIT2A_1.0,0.145084
HIT2A_2.0,0.197555
HIT2A_nan,0.885944
HIT3A_1.0,0.809277
HIT3A_2.0,0.894165
HIT3A_nan,0.799139
HIT4A_1.0,0.905655
HIT4A_2.0,0.833477
HIT4A_nan,0.799139
HIT5A_1.0,0.792074
HIT5A_2.0,0.925469
HIT5A_nan,0.799139
FLUVACYR_1.0,0.632689
FLUVACYR_2.0,0.57081
FLUVACYR_nan,0.76489
FLUVACTP_1.0,0.682409
FLUVACTP_2.0,0.614901
FLUVACTP_nan,0.646056
FLUVAC-M_1.0,0.069561
FLUVAC-M_10.0,0.65005
FLUVAC-M_11.0,0.917654
FLUVAC-M_12.0,0.886561
FLUVAC-M_2.0,
FLUVAC-M_3.0,
FLUVAC-M_4.0,
FLUVAC-M_5.0,
FLUVAC-M_6.0,
FLUVAC-M_7.0,0.614901
FLUVAC-M_8.0,0.388248
FLUVAC-M_9.0,0.526345
FLUVAC-M_nan,0.617602
FLUSHPG1_1.0,
FLUSHPG1_2.0,
FLUSHPG1_nan,
FLUSHPG2_1.0,
FLUSHPG2_2.0,
FLUSHPG2_3.0,0.556536
FLUSHPG2_nan,0.556536
SHTPNUYR_1.0,0.450363
SHTPNUYR_2.0,0.572356
SHTPNUYR_nan,0.886329
APOX_1.0,0.420119
APOX_2.0,0.363283
APOX_nan,0.98298
APOX12MO_1.0,0.817287
APOX12MO_2.0,0.401931
APOX12MO_nan,0.420119
AHEP_1.0,0.678956
AHEP_2.0,0.673429
AHEP_nan,0.850358
AHEPLIV_1.0,0.656722
AHEPLIV_2.0,0.507799
AHEPLIV_nan,0.637099
AHEPBTST_1.0,0.982714
AHEPBTST_2.0,0.488919
AHEPBTST_nan,0.29285
SHTHEPB_1.0,0.414821
SHTHEPB_2.0,0.41127
SHTHEPB_nan,0.927496
SHTHEPA_1.0,0.761626
SHTHEPA_2.0,0.70661
SHTHEPA_nan,0.865901
SHEPANUM_1.0,0.234943
SHEPANUM_2.0,0.158697
SHEPANUM_3.0,0.284755
SHEPANUM_5.0,0.493614
SHEPANUM_96.0,0.304497
SHEPANUM_nan,0.500528
AHEPCTST_1.0,0.473571
AHEPCTST_2.0,0.781538
AHEPCTST_nan,0.730058
AHEPCRES_1.0,0.481968
AHEPCRES_2.0,0.741929
AHEPCRES_3.0,0.129815
AHEPCRES_4.0,0.204423
AHEPCRES_nan,0.473571
SHINGLES_1.0,0.241151
SHINGLES_2.0,0.407153
SHINGLES_nan,0.172127
SHTTD_1.0,0.99765
SHTTD_2.0,0.685956
SHTTD_nan,0.426531
SHTHPV2_1.0,0.0487431
SHTHPV2_2.0,0.216025
SHTHPV2_3.0,0.704006
SHTHPV2_nan,0.957696
SHHPVDOS_1.0,0.606214
SHHPVDOS_15.0,
SHHPVDOS_16.0,
SHHPVDOS_2.0,
SHHPVDOS_3.0,0.15248
SHHPVDOS_33.0,
SHHPVDOS_4.0,0.731996
SHHPVDOS_50.0,
SHHPVDOS_6.0,
SHHPVDOS_96.0,0.0128917
SHHPVDOS_nan,0.376755
LIVEV_1.0,0.521546
LIVEV_2.0,0.632789
LIVEV_nan,0.850358
TRAVEL_1.0,0.56067
TRAVEL_2.0,0.605584
TRAVEL_nan,0.850358
WRKDIR_1.0,0.329748
WRKDIR_2.0,0.538492
WRKDIR_nan,0.23818
APSBPCHK_1.0,0.837859
APSBPCHK_2.0,0.890826
APSBPCHK_nan,0.850358
APSCHCHK_1.0,0.832453
APSCHCHK_2.0,0.726988
APSCHCHK_nan,0.712393
APSBSCHK_1.0,0.598365
APSBSCHK_2.0,0.739113
APSBSCHK_nan,0.628933
APSPAP_1.0,0.0716261
APSPAP_2.0,0.397161
APSPAP_nan,0.390965
APSMAM_1.0,0.208407
APSMAM_2.0,0.672267
APSMAM_nan,0.514586
APSCOL_1.0,0.0533082
APSCOL_2.0,0.480789
APSCOL_nan,0.590744
APSDIET_1.0,0.351555
APSDIET_2.0,0.33088
APSDIET_nan,0.850358
APSSMKC_1.0,0.781041
APSSMKC_2.0,0.44502
APSSMKC_nan,0.766871
AINDPRCH_1.0,0.209302
AINDPRCH_2.0,0.61381
AINDPRCH_nan,0.17269
AINDWHO_1.0,0.651455
AINDWHO_2.0,0.647446
AINDWHO_3.0,0.190828
AINDWHO_nan,0.209302
AINDDIF1_1.0,0.197271
AINDDIF1_2.0,0.800041
AINDDIF1_3.0,0.462916
AINDDIF1_nan,0.209302
AINDDIF2_1.0,0.405019
AINDDIF2_2.0,0.401412
AINDDIF2_3.0,0.569521
AINDDIF2_nan,0.209302
AEXCHNG_1.0,0.139743
AEXCHNG_2.0,0.36632
AEXCHNG_nan,0.642226
CLAS1_1.0,0.213238
CLAS1_2.0,0.696544
CLAS1_3.0,0.476153
CLAS1_4.0,0.283602
CLAS1_nan,0.669272
CLAS2_1.0,0.0759513
CLAS2_2.0,0.510407
CLAS2_3.0,0.562435
CLAS2_4.0,0.979758
CLAS2_nan,0.126318
CLAS3_1.0,0.99357
CLAS3_2.0,0.829991
CLAS3_3.0,0.773721
CLAS3_4.0,0.34687
CLAS3_nan,0.674371
CLAS4_1.0,0.0746375
CLAS4_2.0,0.0398273
CLAS4_3.0,0.847719
CLAS4_4.0,0.858603
CLAS4_nan,0.824007
CLAS5_1.0,0.163227
CLAS5_2.0,0.0971967
CLAS5_3.0,0.398399
CLAS5_4.0,0.923782
CLAS5_nan,0.66468
SHTTDAP2_1.0,0.946609
SHTTDAP2_2.0,0.575098
SHTTDAP2_3.0,0.805271
SHTTDAP2_nan,0.588351
WRKHLTH2_1.0,0.23818
WRKHLTH2_2.0,0.241363
WRKHLTH2_nan,0.850358
AINDINS2_1.0,0.162213
AINDINS2_2.0,0.166035
AINDINS2_nan,0.850358
ASRGNOYP_1.0,0.484974
ASRGNOYP_2.0,0.641784
ASRGNOYP_3.0,4.53564e-05
ASRGNOYP_4.0,
ASRGNOYP_5.0,
ASRGNOYP_6.0,
ASRGNOYP_nan,0.18592
ASICPUSE_1.0,0.47199
ASICPUSE_2.0,0.303531
ASICPUSE_3.0,0.796227
ASICPUSE_4.0,0.75256
ASICPUSE_nan,0.106947
ASISATHC_1.0,0.341429
ASISATHC_2.0,0.39254
ASISATHC_3.0,0.518593
ASISATHC_4.0,0.713002
ASISATHC_5.0,0.855156
ASISATHC_nan,0.108659
ASITENUR_1.0,0.340537
ASITENUR_2.0,0.248087
ASITENUR_3.0,0.316581
ASITENUR_4.0,0.21474
ASITENUR_5.0,0.292356
ASITENUR_nan,0.106947
ASINHELP_1.0,0.581185
ASINHELP_2.0,0.144519
ASINHELP_3.0,0.91577
ASINHELP_4.0,0.0811711
ASINHELP_nan,0.49084
ASINCNTO_1.0,0.873651
ASINCNTO_2.0,0.721367
ASINCNTO_3.0,0.948793
ASINCNTO_4.0,0.923038
ASINCNTO_nan,0.733869
ASINTRU_1.0,0.889584
ASINTRU_2.0,0.971794
ASINTRU_3.0,0.542561
ASINTRU_4.0,0.750901
ASINTRU_nan,0.599163
ASINKNT_1.0,0.61281
ASINKNT_2.0,0.787677
ASINKNT_3.0,0.890675
ASINKNT_4.0,0.571763
ASINKNT_nan,0.344799
ASISIM_1.0,0.588671
ASISIM_2.0,0.500853
ASISIM_3.0,0.901097
ASISIM_4.0,
ASISIM_5.0,
ASISIM_nan,0.436637
ASISIF_1.0,0.780806
ASISIF_2.0,0.729659
ASISIF_3.0,0.886996
ASISIF_4.0,
ASISIF_5.0,0.668059
ASISIF_nan,0.720944
ASIRETR_1.0,0.239964
ASIRETR_2.0,0.942175
ASIRETR_3.0,0.308456
ASIRETR_4.0,0.420545
ASIRETR_nan,0.106947
ASIMEDC_1.0,0.322907
ASIMEDC_2.0,0.835838
ASIMEDC_3.0,0.461565
ASIMEDC_4.0,0.491942
ASIMEDC_nan,0.106947
ASISTLV_1.0,0.351523
ASISTLV_2.0,0.78628
ASISTLV_3.0,0.355679
ASISTLV_4.0,0.25834
ASISTLV_nan,0.106947
ASICNHC_1.0,0.1535
ASICNHC_2.0,0.991195
ASICNHC_3.0,0.171894
ASICNHC_4.0,0.384306
ASICNHC_nan,0.106947
ASICCOLL_1.0,0.219371
ASICCOLL_2.0,0.315971
ASICCOLL_3.0,0.936982
ASICCOLL_4.0,0.745351
ASICCOLL_5.0,0.736269
ASICCOLL_nan,0.106947
ASINBILL_1.0,0.596591
ASINBILL_2.0,0.374902
ASINBILL_3.0,0.858703
ASINBILL_4.0,0.944161
ASINBILL_nan,0.162662
ASIHCST_1.0,0.3553
ASIHCST_2.0,0.754472
ASIHCST_3.0,0.131912
ASIHCST_4.0,0.272681
ASIHCST_nan,0.162662
ASICCMP_1.0,0.153697
ASICCMP_2.0,0.293516
ASICCMP_3.0,0.618588
ASICCMP_4.0,0.450361
ASICCMP_5.0,0.817866
ASICCMP_nan,0.162662
ASISAD_1.0,0.772532
ASISAD_2.0,0.449739
ASISAD_3.0,0.229949
ASISAD_4.0,0.589521
ASISAD_5.0,0.363825
ASISAD_nan,0.40209
ASINERV_1.0,0.720555
ASINERV_2.0,0.384312
ASINERV_3.0,0.79848
ASINERV_4.0,0.244534
ASINERV_5.0,0.312034
ASINERV_nan,0.40209
ASIRSTLS_1.0,0.422404
ASIRSTLS_2.0,0.392992
ASIRSTLS_3.0,0.992526
ASIRSTLS_4.0,0.0221259
ASIRSTLS_5.0,0.0973303
ASIRSTLS_nan,0.40209
ASIHOPLS_1.0,0.299388
ASIHOPLS_2.0,0.407374
ASIHOPLS_3.0,0.50227
ASIHOPLS_4.0,0.722816
ASIHOPLS_5.0,0.828619
ASIHOPLS_nan,0.40209
ASIEFFRT_1.0,0.619953
ASIEFFRT_2.0,0.710856
ASIEFFRT_3.0,0.666444
ASIEFFRT_4.0,0.185344
ASIEFFRT_5.0,0.627631
ASIEFFRT_nan,0.40209
ASIWTHLS_1.0,0.737397
ASIWTHLS_2.0,0.385308
ASIWTHLS_3.0,0.978914
ASIWTHLS_4.0,0.0614199
ASIWTHLS_5.0,0.310192
ASIWTHLS_nan,0.40209
ASIMUCH_1.0,0.41376
ASIMUCH_2.0,0.593178
ASIMUCH_3.0,0.562713
ASIMUCH_4.0,0.875181
ASIMUCH_nan,0.432486
ASIHIVT_1.0,0.718898
ASIHIVT_2.0,0.913605
ASIHIVT_nan,0.604484
ASIHIVWN_1.0,0.523091
ASIHIVWN_2.0,
ASIHIVWN_3.0,
ASIHIVWN_4.0,
ASIHIVWN_5.0,0.388357
ASIHIVWN_6.0,
ASIHIVWN_nan,0.46917
AWEBUSE_1.0,0.406354
AWEBUSE_2.0,0.689158
AWEBUSE_nan,0.40209
AWEBOFTP_1.0,0.489004
AWEBOFTP_2.0,0.13304
AWEBOFTP_3.0,
AWEBOFTP_4.0,0.731185
AWEBOFTP_nan,0.458205
AWEBEML_1.0,0.996127
AWEBEML_2.0,0.642884
AWEBEML_nan,0.40209
AWEBMTP_1.0,0.892386
AWEBMTP_2.0,0.625946
AWEBMTP_3.0,0.736007
AWEBMTP_4.0,
AWEBMTP_nan,0.746029
NAT-USM1_1.0,0.322504
NAT-USM1_2.0,0.927724
NAT-USM1_nan,0.40209
CHE-USM1_1.0,0.579672
CHE-USM1_2.0,0.495327
CHE-USM1_nan,0.40209
TRD-USM1_1.0,
TRD-USM1_2.0,0.40209
TRD-USM1_nan,0.40209
TR-USM21_1.0,
TR-USM21_2.0,
TR-USM21_nan,
TR-USM22_1.0,
TR-USM22_2.0,
TR-USM22_nan,
TR-USM23_2.0,
TR-USM23_nan,
TR-USM24_1.0,
TR-USM24_2.0,
TR-USM24_nan,
TR-USM25_1.0,
TR-USM25_2.0,
TR-USM25_nan,
TR-USM26_1.0,
TR-USM26_2.0,
TR-USM26_nan,
HOM-USM1_1.0,0.794621
HOM-USM1_2.0,0.521189
HOM-USM1_nan,0.40209
MBO-MAN1_1.0,0.498725
MBO-MAN1_2.0,0.89473
MBO-MAN1_nan,0.40209
MBO-MND1_1.0,0.947435
MBO-MND1_2.0,0.569241
MBO-MND1_nan,0.40209
MBO-SPR1_1.0,0.847508
MBO-SPR1_2.0,0.535663
MBO-SPR1_nan,0.40209
MBO-IMG1_1.0,0.862113
MBO-IMG1_2.0,0.591185
MBO-IMG1_nan,0.40209
MBO-PRO1_1.0,0.90352
MBO-PRO1_2.0,0.658313
MBO-PRO1_nan,0.40209
YTQU-YG1_1.0,0.322381
YTQU-YG1_2.0,0.613552
YTQU-YG1_nan,0.40209
YTQ-BTY1_1.0,0.39079
YTQ-BTY1_2.0,0.626901
YTQ-BTY1_nan,0.322381
YTQ-MDY1_1.0,0.659603
YTQ-MDY1_2.0,0.379799
YTQ-MDY1_nan,0.322381
YTQU-TA1_1.0,0.702898
YTQU-TA1_2.0,0.556866
YTQU-TA1_nan,0.40209
YTQ-BTT1_1.0,0.702898
YTQ-BTT1_2.0,
YTQ-BTT1_nan,0.702898
YTQ-MDT1_1.0,0.702898
YTQ-MDT1_2.0,
YTQ-MDT1_nan,0.702898
YTQU-QG1_1.0,0.293138
YTQU-QG1_2.0,0.71918
YTQU-QG1_nan,0.40209
YTQ-BTQ1_1.0,0.450308
YTQ-BTQ1_2.0,0.453541
YTQ-BTQ1_nan,0.293138
YTQ-MDQ1_1.0,0.450308
YTQ-MDQ1_2.0,0.453541
YTQ-MDQ1_nan,0.293138
ACPTCHLD,0.445278
REJ-PER,0.163468
REJ-FAM,0.237388
ACPT-PER,0.59067
ACPT-FAM,0.0275111
SRVY-YR,
HHX,0.616112
WTIA-HH,0.28355
WTFA-HH,0.3319
PSTRAT,0.174557
PPSU,0.546393
FINT-Y-P,0.702175
FMX,0.0385107
WRKCELN,0.576851
WTFA-FAM,0.263227
FM-KIDS,0.420531
FM-ELDR,0.118142
F10DVCT,0.00876676
FDMEDCT,0.00086664
FHCDVCT,0.0331962
FHCHMCT,0.285789
FHCPHRCT,0.0234164
FHOSP2CT,0.00460073
FNMEDCT,0.00154974
FSSKDAYS,0.0971038
FSNEDAYS,
FHDSTCT,0.000909597
FDGLWCT1,0.382608
FDGLWCT2,0.314291
FWRKLWCT,0.302143
FCHLMCT,0.367081
FSPEDCT,0.190208
FLIADLCT,0.330478
FWKLIMCT,0.0415954
FWALKCT,0.593969
FREMEMCT,0.214727
FANYLCT,0.0105659
FHSTATEX,1.26777e-06
FHSTATVG,0.504543
FHSTATG,3.8155e-08
FHSTATFR,3.85111e-05
FHSTATPR,0.0645349
FLAADLCT,0.27582
FSNAPMYR,0.0446447
FSALCT,0.413162
FSEINCCT,0.186941
FSSRRCT,0.40175
FPENSCT,0.775003
FOPENSCT,0.285155
FSSICT,0.550681
FTANFCT,0.640981
FOWBENCT,0.284597
FINTR1CT,0.0042444
FDIVDCT,0.000542129
FCHSPCT,0.0729326
FINCOTCT,0.782013
FSSAPLCT,0.488187
FSDAPLCT,0.207739
FWICCT,0.505673
FHIPRVCT,0.780148
FHISINCT,0.608669
FHICARCT,0.0337735
FHICADCT,0.103013
FHICHPCT,0.37292
FHIMILCT,0.728667
FHIPUBCT,0.64388
FHIOGVCT,0.535336
FHIIHSCT,0.0654958
FHIEXCT,0.707094
FHICOVCT,0.863809
FHIEBCCT,0.610778
FPX,0.834144
FSPOUS2,0.0624128
FCOHAB3,0.918972
AGE-P,0.000564418
FMOTHER1,0.145961
FFATHER1,0.0257503
WTIA,0.331814
WTFA,0.157183
LATIME1,
LATIME2,
LATIME3,0.88265
LATIME4,0.239682
LATIME5,
LATIME6,
LATIME7,
LATIME8,
LATIME9,
LATIME10,
LATIME11,
LATIME12,
LATIME13,
LATIME15,
LATIME16,
LATIME17,0.28451
LATIME18,
LCTIME1,
LCTIME2,
LCTIME3,
LCTIME4,
LCTIME5,
LCTIME6,
LCTIME8,
LCTIME9,
LCTIME10,
LCTIME11,
LCTIME12,
LCTIME13,
LCTIME90,
LCTIME91,
LATIME19,
LATIME20,0.507152
LATIME21,
LATIME22,
LATIME23,
LATIME24,
LATIME25,
LATIME26,
LATIME27,
LATIME28,
LATIME29,
LATIME30,
LATIME31,
LATIME32,
LATIME33,
LATIME34,
LAUNIT24,
LAUNIT32,
LATIME90,
LATIME91,
LCDURA2,
LCDURA3,
LCDURA4,
LCDURA5,
LCDURA6,
LCDURA8,
LCDURA9,
LCDURA10,
LCDURA11,
LCDURA12,
LCDURA13,
LCDURA90,
LCDURA91,
LADURA1,
LADURA2,
LADURA3,0.844963
LADURA4,0.244783
LADURA5,
LADURA6,
LADURA7,
LADURA8,
LADURA9,
LADURA10,
LADURA11,
LADURA12,
LADURA13,
LADURA15,
LADURA16,
LADURA17,0.193496
LADURA18,
LADURA19,
LADURA20,0.373097
LADURA21,
LADURA22,
LADURA23,
LADURA24,
LADURA25,
LADURA26,
LADURA27,
LADURA28,
LADURA29,
LADURA30,
LADURA31,
LADURA32,
LADURA33,
LADURA34,
LADURA90,
LADURA91,
LTIME14A,
LDURA14A,
LCTIME7A,
LCDURA7A,
TANFMYR,
HINOTMYR,0.596956
HICOSTR1,0.220716
HICOSTR2,0.977465
WRKHRS2,0.276074
WRKMYR,0.730816
WTIA-SA,0.232607
WTFA-SA,0.0967069
LOCALL1B,0.213333
YRSWRKPA,0.83569
DIFAGE2,0.0240325
HYBPCKNO,0.207651
CLCKNO,0.716538
CANAGE1,
CANAGE2,
CANAGE3,
CANAGE4,
CANAGE5,
CANAGE6,
CANAGE7,
CANAGE8,
CANAGE9,
CANAGE10,
CANAGE11,
CANAGE12,
CANAGE13,
CANAGE14,
CANAGE15,
CANAGE16,
CANAGE17,
CANAGE18,
CANAGE19,
CANAGE20,
CANAGE21,
CANAGE22,0.752895
CANAGE23,
CANAGE24,
CANAGE25,
CANAGE26,
CANAGE27,
CANAGE28,
CANAGE29,
CANAGE30,
DIBAGE1,0.768028
ADURA14A,
ALDURA1,
ALDURA10,
ALDURA11,
ALDURA12,
ALDURA13,
ALDURA15,
ALDURA16,
ALDURA17,0.152571
ALDURA18,0.0418677
ALDURA19,
ALDURA2,
ALDURA20,0.350946
ALDURA21,
ALDURA22,
ALDURA23,0.111525
ALDURA24,
ALDURA25,
ALDURA26,
ALDURA27,
ALDURA28,
ALDURA29,
ALDURA3,0.751613
ALDURA30,
ALDURA31,
ALDURA32,
ALDURA33,
ALDURA34,
ALDURA4,0.0674689
ALDURA5,0.436849
ALDURA6,
ALDURA7,
ALDURA8,
ALDURA9,
ALDURA90,
ALDURA91,
ALTIME1,
ALTIME10,
ALTIME11,
ALTIME12,
ALTIME13,
ALTIME15,
ALTIME16,
ALTIME17,0.185125
ALTIME18,0.10713
ALTIME19,
ALTIME2,
ALTIME20,0.66838
ALTIME21,
ALTIME22,
ALTIME23,0.108412
ALTIME24,
ALTIME25,
ALTIME26,
ALTIME27,
ALTIME28,
ALTIME29,
ALTIME3,0.691144
ALTIME30,
ALTIME31,
ALTIME32,
ALTIME33,
ALTIME34,
ALTIME4,0.618481
ALTIME5,0.378538
ALTIME6,
ALTIME7,
ALTIME8,
ALTIME9,
ALTIME90,
ALTIME91,
BEDDAYR,6.94526e-07
WKDAYR,6.82606e-11
ALC12MNO,3.46517e-08
ALC5UPN1,0.0100373
ALC5UPY1,0.0185243
ALCAMT,0.0293622
BINGE1,0.737922
CIG30D2,0.536828
CIGDAMO,0.435671
CIGSDA1,0.559569
CIGSDA2,0.348855
ECIG30D2,0.291582
MODLNGNO,0.00512061
MODNO,8.20728e-32
SMKQTNO,0.400741
SMKREG,0.297823
STRNGNO,1.59925e-75
VIGLNGNO,0.00767017
VIGNO,9.98259e-38
SMKQTY,0.490224
CIGSDAY,0.864764
VIGFREQW,5.71472e-11
MODFREQW,3.25948e-07
STRFREQW,9.00063e-19
VIGMIN,0.0848919
MODMIN,0.0800796
ALC12MWK,0.096129
ALC12MYR,0.519355
AHEIGHT,1.42144e-07
AWEIGHTP,0.0
BMI,0.0
FLUVAC-Y,0.405777
SHEPDOS,0.81891
AHPVAGE,0.681802
ASISLEEP,0.0135914
ASISLPFL,0.139565
ASISLPST,0.214335
ASISLPMD,0.451313
ASIREST,5.26859e-06
AWEBOFNO,4.53068e-08
AWEBMNO,0.788426
