INTV-QRT_1,0.0574032
INTV-QRT_2,0.0690828
INTV-QRT_3,0.914429
INTV-QRT_4,0.909684
INTV-MON_1,0.451333
INTV-MON_10,0.200663
INTV-MON_11,0.687409
INTV-MON_12,0.143064
INTV-MON_2,0.567493
INTV-MON_3,0.0962191
INTV-MON_4,0.253145
INTV-MON_5,0.305571
INTV-MON_6,0.513714
INTV-MON_7,0.308505
INTV-MON_8,0.4085
INTV-MON_9,0.945389
LIVQRT_1.0,0.979914
LIVQRT_11.0,0.136281
LIVQRT_12.0,0.472134
LIVQRT_2.0,0.602127
LIVQRT_4.0,
LIVQRT_5.0,0.572546
LIVQRT_6.0,0.471587
LIVQRT_7.0,
LIVQRT_8.0,
LIVQRT_9.0,
LIVQRT_nan,0.251094
NON-INTV_nan,
RECTYPE_10,
REGION_1,0.0184574
REGION_2,0.0275993
REGION_3,0.945292
REGION_4,0.832641
FINT-M-P_1,0.451333
FINT-M-P_10,0.32464
FINT-M-P_11,0.687409
FINT-M-P_12,0.143064
FINT-M-P_2,0.471484
FINT-M-P_3,0.0389247
FINT-M-P_4,0.126838
FINT-M-P_5,0.345021
FINT-M-P_6,0.391945
FINT-M-P_7,0.24083
FINT-M-P_8,0.465718
FINT-M-P_9,0.620463
FM-SIZE_1,0.505456
FM-SIZE_10,0.230409
FM-SIZE_11,
FM-SIZE_12,
FM-SIZE_13,
FM-SIZE_14,0.765038
FM-SIZE_2,0.267343
FM-SIZE_3,0.417076
FM-SIZE_4,0.281782
FM-SIZE_5,0.32475
FM-SIZE_6,0.748395
FM-SIZE_7,0.481044
FM-SIZE_8,0.298857
FM-SIZE_9,0.230409
FM-STRCP_11.0,0.182317
FM-STRCP_12.0,0.09866
FM-STRCP_21.0,0.35505
FM-STRCP_22.0,0.0200536
FM-STRCP_23.0,0.387607
FM-STRCP_31.0,0.11485
FM-STRCP_32.0,0.395669
FM-STRCP_33.0,0.405697
FM-STRCP_41.0,0.927953
FM-STRCP_42.0,0.239577
FM-STRCP_43.0,0.0529576
FM-STRCP_44.0,0.583695
FM-STRCP_45.0,0.0697636
FM-STRCP_nan,
FM-TYPE_1,0.505456
FM-TYPE_2,0.233619
FM-TYPE_3,0.0985305
FM-TYPE_4,0.952943
FM-STRP_11.0,0.182317
FM-STRP_12.0,0.09866
FM-STRP_21.0,0.35505
FM-STRP_22.0,0.0200536
FM-STRP_23.0,0.387607
FM-STRP_31.0,0.11485
FM-STRP_32.0,0.395669
FM-STRP_33.0,0.405697
FM-STRP_41.0,0.497913
FM-STRP_42.0,0.00507633
FM-STRP_43.0,0.239577
FM-STRP_44.0,0.583695
FM-STRP_45.0,0.0697636
FM-STRP_nan,
TELN-FLG_1.0,0.827084
TELN-FLG_2.0,0.35293
TELN-FLG_nan,0.421539
CURWRKN_1.0,0.0219779
CURWRKN_2.0,0.0369228
CURWRKN_nan,0.248416
TELCELN_1.0,0.766721
TELCELN_2.0,0.629812
TELCELN_nan,0.366129
PHONEUSE_1.0,0.179994
PHONEUSE_2.0,0.540553
PHONEUSE_3.0,0.500408
PHONEUSE_nan,0.0746265
FLNGINTV_1.0,0.128796
FLNGINTV_2.0,0.698469
FLNGINTV_3.0,0.0260275
FLNGINTV_4.0,0.704503
FLNGINTV_nan,0.472134
FM-EDUC1_1.0,0.240507
FM-EDUC1_2.0,0.693506
FM-EDUC1_3.0,0.987393
FM-EDUC1_4.0,0.447992
FM-EDUC1_5.0,0.486269
FM-EDUC1_6.0,0.933304
FM-EDUC1_nan,0.266439
F10DVYN_1.0,0.950166
F10DVYN_2.0,0.950166
F10DVYN_nan,
FDMEDYN_1.0,0.925955
FDMEDYN_2.0,0.925955
FDMEDYN_nan,
FHCDVYN_1.0,0.587434
FHCDVYN_2.0,0.715834
FHCDVYN_nan,0.0229064
FHCHMYN_1.0,0.0588651
FHCHMYN_2.0,0.0588651
FHCHMYN_nan,
FHCPHRYN_1.0,0.415416
FHCPHRYN_2.0,0.453908
FHCPHRYN_nan,0.604304
FHOSP2YN_1.0,0.727394
FHOSP2YN_2.0,0.756717
FHOSP2YN_nan,0.719497
FNMEDYN_1.0,0.247093
FNMEDYN_2.0,0.247093
FNMEDYN_nan,
FSRUNOUT_1.0,0.562001
FSRUNOUT_2.0,0.508257
FSRUNOUT_3.0,0.824717
FSRUNOUT_nan,
FSLAST_1.0,0.262222
FSLAST_2.0,0.149275
FSLAST_3.0,0.460032
FSLAST_nan,
FSBALANC_1.0,0.624231
FSBALANC_2.0,0.484428
FSBALANC_3.0,0.386238
FSBALANC_nan,
FSSKIP_1.0,0.839138
FSSKIP_2.0,0.534509
FSSKIP_nan,0.694143
FSLESS_1.0,0.724198
FSLESS_2.0,0.478685
FSLESS_nan,0.694143
FSHUNGRY_1.0,0.547805
FSHUNGRY_2.0,0.825948
FSHUNGRY_nan,0.634307
FSWEIGHT_1.0,0.501472
FSWEIGHT_2.0,0.868819
FSWEIGHT_nan,0.694143
FSNOTEAT_1.0,0.42054
FSNOTEAT_2.0,0.86581
FSNOTEAT_nan,0.648426
FCHLMYN_1.0,0.374159
FCHLMYN_2.0,0.171311
FCHLMYN_nan,0.136087
FSPEDYN_1.0,0.417597
FSPEDYN_2.0,0.313533
FSPEDYN_nan,0.544524
FLAADLYN_1,0.152383
FLAADLYN_2,0.152383
FLIADLYN_1,0.653375
FLIADLYN_2,0.653375
FWKLIMYN_1.0,0.041564
FWKLIMYN_2.0,0.041564
FWKLIMYN_nan,
FWALKYN_1,0.958141
FWALKYN_2,0.958141
FREMEMYN_1,0.585262
FREMEMYN_2,0.585262
FANYLYN_1.0,0.14776
FANYLYN_2.0,0.14776
FANYLYN_nan,
FGAH_1.0,0.965117
FGAH_2.0,0.620435
FGAH_nan,0.633128
HOUSEOWN_1.0,0.560588
HOUSEOWN_2.0,0.668239
HOUSEOWN_3.0,0.468843
HOUSEOWN_nan,0.845132
FSNAP_1.0,0.0207709
FSNAP_2.0,0.00874952
FSNAP_nan,0.125127
INCGRP4_1.0,0.15092
INCGRP4_2.0,0.41441
INCGRP4_3.0,0.834005
INCGRP4_4.0,0.0953622
INCGRP4_5.0,0.256024
INCGRP4_6.0,0.611262
INCGRP4_7.0,0.714232
INCGRP4_96.0,0.153074
INCGRP4_nan,0.985337
INCGRP5_1.0,0.15092
INCGRP5_2.0,0.493944
INCGRP5_3.0,0.0953622
INCGRP5_4.0,0.256024
INCGRP5_96.0,0.146233
INCGRP5_nan,0.985337
RAT-CAT4_1.0,0.313936
RAT-CAT4_10.0,0.195305
RAT-CAT4_11.0,0.0529789
RAT-CAT4_12.0,0.91113
RAT-CAT4_13.0,0.654802
RAT-CAT4_14.0,0.359969
RAT-CAT4_15.0,0.611262
RAT-CAT4_16.0,0.845132
RAT-CAT4_17.0,0.40395
RAT-CAT4_2.0,0.946301
RAT-CAT4_3.0,0.404689
RAT-CAT4_4.0,0.677075
RAT-CAT4_5.0,0.290343
RAT-CAT4_6.0,0.71356
RAT-CAT4_7.0,0.0620543
RAT-CAT4_8.0,0.942207
RAT-CAT4_9.0,0.980924
RAT-CAT4_96.0,0.714232
RAT-CAT4_nan,0.985337
RAT-CAT5_1.0,0.313936
RAT-CAT5_10.0,0.195305
RAT-CAT5_11.0,0.0529789
RAT-CAT5_12.0,0.91113
RAT-CAT5_13.0,0.654802
RAT-CAT5_14.0,0.359969
RAT-CAT5_15.0,0.611262
RAT-CAT5_16.0,0.845132
RAT-CAT5_17.0,0.940955
RAT-CAT5_18.0,0.832972
RAT-CAT5_2.0,0.946301
RAT-CAT5_3.0,0.404689
RAT-CAT5_4.0,0.677075
RAT-CAT5_5.0,0.290343
RAT-CAT5_6.0,0.71356
RAT-CAT5_7.0,0.0620543
RAT-CAT5_8.0,0.942207
RAT-CAT5_9.0,0.980924
RAT-CAT5_96.0,0.121525
RAT-CAT5_nan,0.985337
FSALYN_1.0,0.314205
FSALYN_2.0,0.302865
FSALYN_nan,0.921287
FSEINCYN_1.0,0.46364
FSEINCYN_2.0,0.410463
FSEINCYN_nan,0.338559
FSSRRYN_1.0,0.167634
FSSRRYN_2.0,0.13601
FSSRRYN_nan,0.366129
FPENSYN_1.0,0.44859
FPENSYN_2.0,0.606144
FPENSYN_nan,0.338559
FOPENSYN_1.0,0.556037
FOPENSYN_2.0,0.654071
FOPENSYN_nan,0.338559
FSSIYN_1.0,0.0869468
FSSIYN_2.0,0.0607369
FSSIYN_nan,0.452721
FTANFYN_1.0,0.442062
FTANFYN_2.0,0.259506
FTANFYN_nan,0.374159
FOWBENYN_1.0,0.618947
FOWBENYN_2.0,0.446799
FOWBENYN_nan,0.463284
FINTR1YN_1.0,0.972094
FINTR1YN_2.0,0.849535
FINTR1YN_nan,0.462434
FDIVDYN_1.0,0.717661
FDIVDYN_2.0,0.478974
FDIVDYN_nan,0.119629
FCHSPYN_1.0,0.404653
FCHSPYN_2.0,0.273195
FCHSPYN_nan,0.303599
FINCOTYN_1.0,0.360614
FINCOTYN_2.0,0.231756
FINCOTYN_nan,0.191316
FSSAPLYN_1.0,0.781053
FSSAPLYN_2.0,0.842577
FSSAPLYN_nan,0.133512
FSDAPLYN_1.0,0.212276
FSDAPLYN_2.0,0.136105
FSDAPLYN_nan,0.249002
FWICYN_1.0,0.226415
FWICYN_2.0,0.815439
FWICYN_nan,0.775503
COVCONF_1.0,0.481908
COVCONF_2.0,0.117999
COVCONF_3.0,0.772182
COVCONF_4.0,0.872643
COVCONF_nan,0.20373
FHICOST_0.0,0.0103481
FHICOST_1.0,0.0513613
FHICOST_2.0,0.166726
FHICOST_3.0,0.500281
FHICOST_4.0,0.724644
FHICOST_5.0,0.53846
FHICOST_nan,0.617047
FMEDBILL_1.0,0.931315
FMEDBILL_2.0,0.826519
FMEDBILL_nan,0.0779708
FMEDBPAY_1.0,0.46761
FMEDBPAY_2.0,0.40627
FMEDBPAY_nan,0.374159
FMEDBNOP_1.0,0.445147
FMEDBNOP_2.0,0.675532
FMEDBNOP_nan,0.826519
FSAF_1.0,0.348685
FSAF_2.0,0.468193
FSAF_nan,0.278184
FHICOVYN_1.0,0.134743
FHICOVYN_2.0,0.091911
FHICOVYN_nan,0.146481
FPRCOOH_1.0,0.948658
FPRCOOH_2.0,0.294774
FPRCOOH_nan,0.268406
AGE-CHG_nan,
SEX_1,0.346764
SEX_2,0.346764
NOWAF_1.0,0.960506
NOWAF_2.0,0.519089
NOWAF_nan,0.515184
COHAB1_1.0,0.153332
COHAB1_2.0,0.000904193
COHAB1_nan,0.000312096
COHAB2_1.0,0.0193282
COHAB2_2.0,0.374545
COHAB2_3.0,0.192674
COHAB2_4.0,0.724049
COHAB2_nan,0.153332
ASTATFLG_0.0,0.417938
ASTATFLG_1.0,0.761625
ASTATFLG_2.0,0.437121
ASTATFLG_4.0,0.960506
CSTATFLG_nan,
RRP_1.0,0.701604
RRP_10.0,0.25357
RRP_11.0,0.285866
RRP_12.0,0.29156
RRP_13.0,0.394004
RRP_14.0,
RRP_15.0,0.910375
RRP_2.0,0.205837
RRP_3.0,0.101115
RRP_4.0,0.792614
RRP_5.0,
RRP_6.0,0.765038
RRP_7.0,0.392288
RRP_8.0,0.433134
RRP_9.0,0.405697
RRP_nan,0.0779708
FRRP_1,0.887718
FRRP_10,0.25357
FRRP_11,0.285866
FRRP_12,0.29156
FRRP_2,0.204071
FRRP_3,0.101115
FRRP_4,0.792614
FRRP_5,
FRRP_6,0.765038
FRRP_7,0.218313
FRRP_8,0.433134
FRRP_9,0.405697
ORIGIN-I_1,0.822604
ORIGIN-I_2,0.822604
HISPAN-I_0,0.374545
HISPAN-I_1,0.280681
HISPAN-I_12,0.822604
HISPAN-I_2,0.708463
HISPAN-I_3,0.873991
HISPAN-I_4,0.20808
HISPAN-I_5,0.141107
HISPAN-I_6,0.24246
HISPAN-I_7,
HISPAN-I_8,0.309009
RACRECI3_1,0.473815
RACRECI3_2,0.312509
RACRECI3_3,0.618888
RACRECI3_4,0.571181
QCADULT_1.0,0.330043
QCADULT_nan,0.330043
QCCHILD_nan,
R-MARITL_1.0,0.226583
R-MARITL_2.0,0.962991
R-MARITL_4.0,0.773062
R-MARITL_5.0,0.0967839
R-MARITL_6.0,0.800115
R-MARITL_nan,0.0301217
MRACRPI2_1,0.473815
MRACRPI2_10,0.42054
MRACRPI2_11,0.931741
MRACRPI2_15,0.763807
MRACRPI2_16,0.714232
MRACRPI2_17,0.832688
MRACRPI2_2,0.312509
MRACRPI2_3,0.645035
MRACRPI2_9,0.430746
RACERPI2_1,0.408708
RACERPI2_2,0.364233
RACERPI2_3,0.56122
RACERPI2_4,0.500408
RACERPI2_5,0.714232
RACERPI2_6,0.394004
HISCODI3_1,0.822604
HISCODI3_2,0.714221
HISCODI3_3,0.590939
HISCODI3_4,0.535854
HISCODI3_5,0.566225
MRACBPI2_1,0.30478
MRACBPI2_12,0.430746
MRACBPI2_16,0.194633
MRACBPI2_17,0.596392
MRACBPI2_2,0.45518
MRACBPI2_3,0.645527
MRACBPI2_6,0.42054
MRACBPI2_7,0.969344
HHREFLG_P,0.701604
HHREFLG_nan,0.701604
FMREFLG_P,0.887718
FMREFLG_nan,0.887718
FMRPFLG_B,0.954894
FMRPFLG_nan,0.954894
PARENTS_1,0.730184
PARENTS_2,0.353867
PARENTS_3,0.57443
PARENTS_4,0.889153
DAD-DEGP_1.0,0.643418
DAD-DEGP_2.0,0.0404521
DAD-DEGP_3.0,0.110619
DAD-DEGP_nan,0.926424
MOM-DEGP_1.0,0.869973
MOM-DEGP_2.0,0.405697
MOM-DEGP_3.0,0.523519
MOM-DEGP_nan,0.830669
SIB-DEGP_1.0,0.122519
SIB-DEGP_2.0,0.180404
SIB-DEGP_3.0,
SIB-DEGP_4.0,0.808403
SIB-DEGP_nan,0.433134
CDCMSTAT_1.0,0.931245
CDCMSTAT_2.0,0.40507
CDCMSTAT_3.0,0.325601
CDCMSTAT_4.0,0.109297
CDCMSTAT_5.0,0.99292
CDCMSTAT_nan,0.460758
DAD-ED_nan,
MOM-ED_nan,
FDRN-FLG_1,0.82459
FDRN-FLG_2,0.82459
PDMED12M_1.0,0.95789
PDMED12M_2.0,0.95789
PDMED12M_nan,
PNMED12M_1.0,0.545518
PNMED12M_2.0,0.545518
PNMED12M_nan,
PHOSPYR2_1.0,0.298375
PHOSPYR2_2.0,0.330402
PHOSPYR2_nan,0.719497
HOSPNO_1.0,0.188148
HOSPNO_10.0,
HOSPNO_2.0,0.171039
HOSPNO_3.0,0.0743191
HOSPNO_30.0,0.602127
HOSPNO_4.0,
HOSPNO_5.0,0.216166
HOSPNO_6.0,
HOSPNO_7.0,
HOSPNO_9.0,0.303382
HOSPNO_nan,0.298375
HPNITE_1.0,0.476334
HPNITE_10.0,0.562935
HPNITE_11.0,
HPNITE_12.0,0.888824
HPNITE_13.0,
HPNITE_14.0,0.180404
HPNITE_15.0,
HPNITE_16.0,
HPNITE_17.0,
HPNITE_18.0,
HPNITE_19.0,0.472134
HPNITE_2.0,0.141455
HPNITE_20.0,
HPNITE_200.0,
HPNITE_21.0,
HPNITE_23.0,
HPNITE_25.0,
HPNITE_29.0,
HPNITE_3.0,0.585306
HPNITE_30.0,0.596392
HPNITE_32.0,
HPNITE_39.0,
HPNITE_4.0,0.0481071
HPNITE_45.0,
HPNITE_49.0,
HPNITE_5.0,0.96599
HPNITE_50.0,
HPNITE_56.0,
HPNITE_6.0,0.296488
HPNITE_60.0,0.180404
HPNITE_63.0,
HPNITE_68.0,
HPNITE_7.0,0.338559
HPNITE_8.0,0.921287
HPNITE_9.0,0.303382
HPNITE_999.0,
HPNITE_nan,0.298375
PHCHM2W_1.0,0.921287
PHCHM2W_2.0,0.921287
PHCHM2W_nan,
PHCHMN2W_1.0,
PHCHMN2W_14.0,
PHCHMN2W_2.0,
PHCHMN2W_3.0,
PHCHMN2W_4.0,0.921287
PHCHMN2W_5.0,
PHCHMN2W_6.0,
PHCHMN2W_8.0,
PHCHMN2W_nan,0.921287
PHCPH2WR_1.0,0.817945
PHCPH2WR_2.0,0.751727
PHCPH2WR_nan,0.604304
PHCPHN2W_1.0,0.374503
PHCPHN2W_10.0,0.602127
PHCPHN2W_12.0,
PHCPHN2W_2.0,0.115915
PHCPHN2W_20.0,
PHCPHN2W_3.0,0.374159
PHCPHN2W_4.0,0.472134
PHCPHN2W_5.0,0.719497
PHCPHN2W_50.0,
PHCPHN2W_6.0,0.682621
PHCPHN2W_8.0,
PHCPHN2W_9.0,
PHCPHN2W_nan,0.817945
PHCDV2W_1.0,0.456628
PHCDV2W_2.0,0.329584
PHCDV2W_nan,0.0229064
PHCDVN2W_1.0,0.782549
PHCDVN2W_10.0,0.180404
PHCDVN2W_12.0,
PHCDVN2W_14.0,
PHCDVN2W_2.0,0.0693073
PHCDVN2W_3.0,0.791175
PHCDVN2W_4.0,0.366129
PHCDVN2W_5.0,0.523519
PHCDVN2W_6.0,0.0580026
PHCDVN2W_7.0,
PHCDVN2W_8.0,
PHCDVN2W_nan,0.398994
P10DVYR_1.0,0.316934
P10DVYR_2.0,0.316934
P10DVYR_nan,
PLAPLYLM_nan,
PLAPLYUN_nan,
PSPEDEIS_nan,
PSPEDEM_nan,
PLAADL_1.0,0.239402
PLAADL_2.0,0.239402
LABATH_1.0,0.0779708
LABATH_2.0,0.921287
LABATH_nan,0.239402
LADRESS_1.0,0.0779708
LADRESS_2.0,0.921287
LADRESS_nan,0.239402
LAEAT_1.0,0.0779708
LAEAT_2.0,0.921287
LAEAT_nan,0.239402
LABED_1.0,0.0779708
LABED_2.0,0.921287
LABED_nan,0.239402
LATOILT_1.0,0.0779708
LATOILT_2.0,0.921287
LATOILT_nan,0.239402
LAHOME_1.0,0.0779708
LAHOME_2.0,0.921287
LAHOME_nan,0.239402
PLAIADL_1.0,0.497983
PLAIADL_2.0,0.497983
PLAWKNOW_1.0,0.231543
PLAWKNOW_2.0,0.231543
PLAWKNOW_nan,
PLAWKLIM_0.0,0.231543
PLAWKLIM_1.0,0.117086
PLAWKLIM_2.0,0.0471042
PLAWKLIM_nan,
PLAWALK_1,0.854889
PLAWALK_2,0.854889
PLAREMEM_1,0.962991
PLAREMEM_2,0.962991
PLIMANY_0.0,0.149866
PLIMANY_1.0,0.249302
PLIMANY_2.0,0.0780217
PLIMANY_nan,0.472134
LAHCC1_nan,
LAHCC2_nan,
LAHCC3_nan,
LAHCC4_nan,
LAHCC5_nan,
LAHCC6_nan,
LAHCC8_nan,
LAHCC9_nan,
LAHCC10_nan,
LAHCC11_nan,
LAHCC12_nan,
LAHCC13_nan,
LAHCC90_nan,
LAHCC91_nan,
LAHCA1_1.0,0.16271
LAHCA1_2.0,0.0962562
LAHCA1_nan,0.0631802
LAHCA2_1.0,0.180404
LAHCA2_2.0,0.0442993
LAHCA2_nan,0.0631802
LAHCA3_1.0,0.805067
LAHCA3_2.0,0.0587802
LAHCA3_nan,0.0631802
LAHCA4_1.0,0.296656
LAHCA4_2.0,0.128609
LAHCA4_nan,0.0631802
LAHCA5_1.0,0.248416
LAHCA5_2.0,0.118778
LAHCA5_nan,0.0631802
LAHCA6_1.0,0.604152
LAHCA6_2.0,0.0757547
LAHCA6_nan,0.0631802
LAHCA7_1.0,0.0452737
LAHCA7_2.0,0.156948
LAHCA7_nan,0.0631802
LAHCA8_1.0,0.718733
LAHCA8_2.0,0.0461491
LAHCA8_nan,0.0631802
LAHCA9_1.0,0.936605
LAHCA9_2.0,0.0622659
LAHCA9_nan,0.0631802
LAHCA10_1.0,0.468738
LAHCA10_2.0,0.0801434
LAHCA10_nan,0.0631802
LAHCA11_1.0,0.0717942
LAHCA11_2.0,0.12168
LAHCA11_nan,0.0631802
LAHCA12_1.0,0.738222
LAHCA12_2.0,0.0681855
LAHCA12_nan,0.0631802
LAHCA13_1.0,0.25357
LAHCA13_2.0,0.0810943
LAHCA13_nan,0.0631802
LAHCA15_1.0,0.0398698
LAHCA15_2.0,0.118111
LAHCA15_nan,0.0631802
LAHCA16_1.0,0.405697
LAHCA16_2.0,0.0754493
LAHCA16_nan,0.0631802
LAHCA17_1.0,0.644666
LAHCA17_2.0,0.0710847
LAHCA17_nan,0.0631802
LAHCA18_1.0,0.993717
LAHCA18_2.0,0.05948
LAHCA18_nan,0.0631802
PHSTAT_1.0,0.233292
PHSTAT_2.0,0.859423
PHSTAT_3.0,0.859264
PHSTAT_4.0,0.0133956
PHSTAT_5.0,0.5333
PHSTAT_nan,0.25357
LAUNIT1_3.0,
LAUNIT1_4.0,0.16271
LAUNIT1_6.0,
LAUNIT1_nan,0.16271
LAUNIT2_4.0,0.180404
LAUNIT2_6.0,
LAUNIT2_nan,0.180404
LAUNIT3_3.0,0.832688
LAUNIT3_4.0,0.844966
LAUNIT3_6.0,
LAUNIT3_nan,0.805067
LAUNIT4_2.0,
LAUNIT4_3.0,0.460758
LAUNIT4_4.0,0.392288
LAUNIT4_6.0,
LAUNIT4_nan,0.296656
LAUNIT5_1.0,
LAUNIT5_2.0,
LAUNIT5_3.0,0.366129
LAUNIT5_4.0,0.440037
LAUNIT5_nan,0.248416
LAUNIT6_2.0,
LAUNIT6_3.0,0.921287
LAUNIT6_4.0,0.54055
LAUNIT6_6.0,
LAUNIT6_nan,0.604152
LAUNIT7_2.0,
LAUNIT7_3.0,0.106177
LAUNIT7_4.0,0.206849
LAUNIT7_6.0,
LAUNIT7_nan,0.0452737
LAUNIT8_2.0,
LAUNIT8_3.0,0.714232
LAUNIT8_4.0,0.309009
LAUNIT8_nan,0.718733
LAUNIT9_3.0,
LAUNIT9_4.0,0.936605
LAUNIT9_nan,0.936605
LAUNIT10_4.0,0.468738
LAUNIT10_nan,0.468738
LAUNIT11_2.0,
LAUNIT11_4.0,0.0779708
LAUNIT11_6.0,0.338559
LAUNIT11_nan,0.0717942
LAUNIT12_3.0,0.888824
LAUNIT12_4.0,0.585515
LAUNIT12_nan,0.738222
LAUNIT13_6.0,0.25357
LAUNIT13_nan,0.25357
LAUNIT15_4.0,0.25357
LAUNIT15_6.0,0.0779708
LAUNIT15_nan,0.0398698
LAUNIT16_3.0,
LAUNIT16_4.0,
LAUNIT16_nan,
LAUNIT17_1.0,0.472134
LAUNIT17_3.0,
LAUNIT17_4.0,0.481873
LAUNIT17_6.0,0.936605
LAUNIT17_nan,0.644666
LAUNIT18_4.0,0.888824
LAUNIT18_6.0,0.832688
LAUNIT18_nan,0.993717
LCUNIT1_nan,
LCUNIT2_nan,
LCUNIT3_nan,
LCUNIT4_nan,
LCUNIT5_nan,
LCUNIT6_nan,
LCUNIT8_nan,
LCUNIT9_nan,
LCUNIT10_nan,
LCUNIT11_nan,
LCUNIT12_nan,
LCUNIT13_nan,
LCUNIT90_nan,
LCUNIT91_nan,
LAUNIT19_3.0,
LAUNIT19_4.0,0.682621
LAUNIT19_nan,0.682621
LAUNIT20_2.0,
LAUNIT20_3.0,0.460758
LAUNIT20_4.0,0.612893
LAUNIT20_6.0,
LAUNIT20_nan,0.458079
LAUNIT21_4.0,0.1453
LAUNIT21_nan,0.1453
LAUNIT22_3.0,0.180404
LAUNIT22_4.0,0.180404
LAUNIT22_nan,0.0580026
LAUNIT23_3.0,0.682621
LAUNIT23_4.0,0.191316
LAUNIT23_6.0,0.338559
LAUNIT23_nan,0.171039
LAUNIT25_3.0,0.472134
LAUNIT25_4.0,
LAUNIT25_nan,0.472134
LAUNIT26_3.0,0.832688
LAUNIT26_nan,0.832688
LAUNIT27_4.0,
LAUNIT27_nan,
LAUNIT28_3.0,
LAUNIT28_4.0,
LAUNIT28_nan,
LAUNIT29_4.0,
LAUNIT29_nan,
LAUNIT30_4.0,0.0779708
LAUNIT30_6.0,
LAUNIT30_nan,0.0779708
LAUNIT31_3.0,
LAUNIT31_4.0,0.16271
LAUNIT31_nan,0.16271
LAUNIT33_nan,
LAUNIT34_2.0,
LAUNIT34_3.0,0.472134
LAUNIT34_4.0,
LAUNIT34_nan,0.472134
LAHCA90_1.0,0.049514
LAHCA90_2.0,0.0241046
LAHCA90_nan,0.0631802
LAUNIT90_3.0,
LAUNIT90_4.0,0.049514
LAUNIT90_nan,0.049514
LAHCA91_2.0,0.0631802
LAHCA91_nan,0.0631802
LAUNIT91_nan,
LCDURA1_nan,
LA1AR_1,0.064885
LA1AR_2,0.0780217
LA1AR_3,0.472134
LCDURB1_nan,
LCDURB2_nan,
LCDURB3_nan,
LCDURB4_nan,
LCDURB5_nan,
LCDURB6_nan,
LCDURB8_nan,
LCDURB9_nan,
LCDURB10_nan,
LCDURB11_nan,
LCDURB12_nan,
LCDURB13_nan,
LCDURB90_nan,
LCDURB91_nan,
LCCHRC1_nan,
LCCHRC2_nan,
LCCHRC3_nan,
LCCHRC4_nan,
LCCHRC5_nan,
LCCHRC6_nan,
LCCHRC8_nan,
LCCHRC9_nan,
LCCHRC10_nan,
LCCHRC11_nan,
LCCHRC12_nan,
LCCHRC13_nan,
LCCHRC90_nan,
LCCHRC91_nan,
LADURB1_1.0,
LADURB1_2.0,
LADURB1_3.0,0.832688
LADURB1_4.0,0.0779708
LADURB1_nan,0.16271
LADURB2_3.0,
LADURB2_4.0,0.180404
LADURB2_nan,0.180404
LADURB3_1.0,
LADURB3_2.0,0.832688
LADURB3_3.0,
LADURB3_4.0,0.844966
LADURB3_nan,0.805067
LADURB4_1.0,
LADURB4_2.0,0.682621
LADURB4_3.0,0.16271
LADURB4_4.0,0.450307
LADURB4_nan,0.296656
LADURB5_1.0,0.405697
LADURB5_2.0,0.604304
LADURB5_3.0,0.303382
LADURB5_4.0,0.191316
LADURB5_nan,0.248416
LADURB6_1.0,
LADURB6_2.0,
LADURB6_3.0,0.309009
LADURB6_4.0,0.17553
LADURB6_nan,0.604152
LADURB7_1.0,
LADURB7_2.0,0.0779708
LADURB7_3.0,0.602127
LADURB7_4.0,0.206849
LADURB7_nan,0.0452737
LADURB8_1.0,
LADURB8_2.0,0.0779708
LADURB8_3.0,0.180404
LADURB8_4.0,0.47846
LADURB8_nan,0.718733
LADURB9_3.0,
LADURB9_4.0,0.936605
LADURB9_nan,0.936605
LADURB10_3.0,
LADURB10_4.0,0.468738
LADURB10_nan,0.468738
LADURB11_1.0,
LADURB11_3.0,
LADURB11_4.0,0.0717942
LADURB11_nan,0.0717942
LADURB12_1.0,
LADURB12_2.0,
LADURB12_3.0,0.602127
LADURB12_4.0,0.910375
LADURB12_nan,0.738222
LADURB13_4.0,0.25357
LADURB13_nan,0.25357
LADURB15_4.0,0.0398698
LADURB15_nan,0.0398698
LADURB16_3.0,
LADURB16_4.0,
LADURB16_nan,
LADURB17_1.0,0.472134
LADURB17_2.0,
LADURB17_3.0,
LADURB17_4.0,0.497305
LADURB17_nan,0.644666
LADURB18_4.0,0.993717
LADURB18_nan,0.993717
LADURB19_3.0,
LADURB19_4.0,0.682621
LADURB19_nan,0.682621
LADURB20_1.0,
LADURB20_2.0,0.460758
LADURB20_3.0,0.146481
LADURB20_4.0,0.915842
LADURB20_nan,0.458079
LADURB21_4.0,0.1453
LADURB21_nan,0.1453
LADURB22_1.0,0.180404
LADURB22_2.0,
LADURB22_3.0,
LADURB22_4.0,0.180404
LADURB22_nan,0.0580026
LADURB23_1.0,
LADURB23_2.0,0.682621
LADURB23_3.0,
LADURB23_4.0,0.105662
LADURB23_nan,0.171039
LADURB24_1.0,
LADURB24_3.0,
LADURB24_4.0,0.366129
LADURB24_nan,0.366129
LADURB25_3.0,
LADURB25_4.0,0.472134
LADURB25_nan,0.472134
LADURB26_3.0,0.832688
LADURB26_nan,0.832688
LADURB27_4.0,
LADURB27_nan,
LADURB28_4.0,
LADURB28_nan,
LADURB29_4.0,
LADURB29_nan,
LADURB30_3.0,
LADURB30_4.0,0.0779708
LADURB30_nan,0.0779708
LADURB31_2.0,
LADURB31_3.0,
LADURB31_4.0,0.16271
LADURB31_nan,0.16271
LADURB32_2.0,0.832688
LADURB32_4.0,0.832688
LADURB32_nan,0.765038
LADURB33_nan,
LADURB34_1.0,
LADURB34_2.0,0.472134
LADURB34_3.0,
LADURB34_4.0,
LADURB34_nan,0.472134
LADURB90_2.0,
LADURB90_3.0,0.303382
LADURB90_4.0,0.0937454
LADURB90_nan,0.049514
LADURB91_nan,
LACHRC1_1.0,0.16271
LACHRC1_2.0,
LACHRC1_nan,0.16271
LACHRC2_1.0,0.180404
LACHRC2_nan,0.180404
LACHRC3_1.0,0.805067
LACHRC3_nan,0.805067
LACHRC4_1.0,0.296656
LACHRC4_2.0,
LACHRC4_nan,0.296656
LACHRC5_1.0,0.35293
LACHRC5_2.0,0.405697
LACHRC5_nan,0.248416
LACHRC6_1.0,0.604152
LACHRC6_2.0,
LACHRC6_nan,0.604152
LACHRC7_1.0,0.0452737
LACHRC7_nan,0.0452737
LACHRC8_1.0,0.718733
LACHRC8_nan,0.718733
LACHRC9_1.0,0.936605
LACHRC9_nan,0.936605
LACHRC10_1.0,0.468738
LACHRC10_nan,0.468738
LACHRC11_1.0,0.0717942
LACHRC11_2.0,
LACHRC11_nan,0.0717942
LACHRC12_1.0,0.738222
LACHRC12_nan,0.738222
LACHRC13_1.0,0.25357
LACHRC13_nan,0.25357
LACHRC15_1.0,0.0398698
LACHRC15_nan,0.0398698
LACHRC16_1.0,0.405697
LACHRC16_nan,0.405697
LACHRC17_1.0,0.497305
LACHRC17_2.0,0.472134
LACHRC17_nan,0.644666
LACHRC18_1.0,0.993717
LACHRC18_nan,0.993717
LACHRC19_1.0,0.682621
LACHRC19_nan,0.682621
LACHRC20_1.0,0.458079
LACHRC20_2.0,
LACHRC20_nan,0.458079
LACHRC21_1.0,0.1453
LACHRC21_nan,0.1453
LACHRC22_1.0,0.180404
LACHRC22_2.0,0.180404
LACHRC22_nan,0.0580026
LACHRC23_1.0,0.171039
LACHRC23_2.0,
LACHRC23_nan,0.171039
LACHRC24_1.0,0.366129
LACHRC24_2.0,
LACHRC24_nan,0.366129
LACHRC25_1.0,0.472134
LACHRC25_nan,0.472134
LACHRC26_1.0,0.832688
LACHRC26_nan,0.832688
LACHRC27_1.0,
LACHRC27_nan,
LACHRC28_1.0,
LACHRC28_nan,
LACHRC29_1.0,
LACHRC29_nan,
LACHRC30_1.0,0.0779708
LACHRC30_nan,0.0779708
LACHRC31_1.0,0.16271
LACHRC31_nan,0.16271
LACHRC32_1.0,0.765038
LACHRC32_nan,0.765038
LACHRC33_nan,
LACHRC34_2.0,0.472134
LACHRC34_nan,0.472134
LACHRC90_1.0,0.049514
LACHRC90_nan,0.049514
LACHRC91_nan,
LCONDRT_1.0,0.0641794
LCONDRT_2.0,0.936605
LCONDRT_nan,0.06512
LACHRONR_0,0.064885
LACHRONR_1,0.0641794
LACHRONR_2,0.936605
LACHRONR_3,0.845132
LAHCA19-_1.0,0.682621
LAHCA19-_2.0,0.0559851
LAHCA19-_nan,0.0631802
LAHCA20-_1.0,0.458079
LAHCA20-_2.0,0.0923467
LAHCA20-_nan,0.0631802
LAHCA21-_1.0,0.1453
LAHCA21-_2.0,0.0358046
LAHCA21-_nan,0.0631802
LAHCA22-_1.0,0.0580026
LAHCA22-_2.0,0.0302936
LAHCA22-_nan,0.0631802
LAHCA23-_1.0,0.173291
LAHCA23-_2.0,0.13612
LAHCA23-_nan,0.0631802
LAHCA24-_1.0,0.366129
LAHCA24-_2.0,0.0861315
LAHCA24-_nan,0.0631802
LAHCA25-_1.0,0.472134
LAHCA25-_2.0,0.0518334
LAHCA25-_nan,0.0631802
LAHCA26-_1.0,0.832688
LAHCA26-_2.0,0.06512
LAHCA26-_nan,0.0631802
LAHCA27-_1.0,
LAHCA27-_2.0,0.0631802
LAHCA27-_nan,0.0631802
LAHCA28-_1.0,
LAHCA28-_2.0,0.0631802
LAHCA28-_nan,0.0631802
LAHCA29-_1.0,
LAHCA29-_2.0,0.0631802
LAHCA29-_nan,0.0631802
LAHCA30-_1.0,0.0779708
LAHCA30-_2.0,0.0934106
LAHCA30-_nan,0.0631802
LAHCA31-_1.0,0.16271
LAHCA31-_2.0,0.0962562
LAHCA31-_nan,0.0631802
LAHCA32-_1.0,0.765038
LAHCA32-_2.0,0.0671196
LAHCA32-_nan,0.0631802
LAHCA33-_2.0,0.0631802
LAHCA33-_nan,0.0631802
LAHCA34-_1.0,0.472134
LAHCA34-_2.0,0.0518334
LAHCA34-_nan,0.0631802
LAHCA14A_1.0,0.25357
LAHCA14A_2.0,0.0810943
LAHCA14A_nan,0.0631802
LUNIT14A_4.0,
LUNIT14A_6.0,0.25357
LUNIT14A_nan,0.25357
LDURB14A_4.0,0.25357
LDURB14A_nan,0.25357
LCHRC14A_1.0,0.25357
LCHRC14A_nan,0.25357
LAHCC7A_nan,
LCUNIT7A_nan,
LCDURB7A_nan,
LCCHRC7A_nan,
FINCINT_1.0,0.921287
FINCINT_nan,0.921287
PSAL_1.0,0.299476
PSAL_2.0,0.291554
PSAL_nan,0.921287
PSEINC_1.0,0.0717553
PSEINC_2.0,0.0572063
PSEINC_nan,0.338559
PSSRR_1.0,0.576849
PSSRR_2.0,0.476065
PSSRR_nan,0.366129
PSSRRDB_1.0,0.624723
PSSRRDB_2.0,0.1944
PSSRRDB_nan,0.520524
PSSRRD_1.0,0.624723
PSSRRD_2.0,
PSSRRD_nan,0.624723
PPENS_1.0,0.479519
PPENS_2.0,0.799638
PPENS_nan,0.338559
POPENS_1.0,0.141184
POPENS_2.0,0.211244
POPENS_nan,0.338559
PSSI_1.0,0.604152
PSSI_2.0,0.372916
PSSI_nan,0.452721
PSSID_1.0,0.468738
PSSID_2.0,0.993717
PSSID_nan,0.604152
PTANF_1.0,0.468738
PTANF_2.0,0.251094
PTANF_nan,0.374159
POWBEN_1.0,0.361425
POWBEN_2.0,0.24092
POWBEN_nan,0.463284
PINTRSTR_1.0,0.895889
PINTRSTR_2.0,0.771161
PINTRSTR_nan,0.462434
PDIVD_1.0,0.622865
PDIVD_2.0,0.384944
PDIVD_nan,0.119629
PCHLDSP_1.0,0.0600728
PCHLDSP_2.0,0.0320206
PCHLDSP_nan,0.303599
PINCOT_1.0,0.938651
PINCOT_2.0,0.65059
PINCOT_nan,0.191316
PSSAPL_1.0,0.23798
PSSAPL_2.0,0.0748872
PSSAPL_nan,0.133512
PSDAPL_1.0,0.0440567
PSDAPL_2.0,0.0201929
PSDAPL_nan,0.249002
PWIC_1.0,0.220533
PWIC_2.0,0.994292
PWIC_nan,0.775503
ELIGPWIC_0,0.719006
ELIGPWIC_1,0.719006
WIC-FLAG_0.0,0.472134
WIC-FLAG_1.0,0.144034
WIC-FLAG_nan,0.220533
HIKINDNA_1.0,0.773526
HIKINDNA_2.0,0.508646
HIKINDNA_nan,0.00696363
HIKINDNB_1.0,0.37264
HIKINDNB_2.0,0.138663
HIKINDNB_nan,0.00696363
HIKINDNC_1.0,0.928011
HIKINDNC_2.0,0.0696283
HIKINDNC_nan,0.00696363
HIKINDND_1.0,0.139204
HIKINDND_2.0,0.0351995
HIKINDND_nan,0.00696363
HIKINDNE_1.0,0.936605
HIKINDNE_2.0,0.0201125
HIKINDNE_nan,0.00696363
HIKINDNF_1.0,0.100348
HIKINDNF_2.0,0.547386
HIKINDNF_nan,0.00696363
HIKINDNG_1.0,0.100513
HIKINDNG_2.0,0.00396823
HIKINDNG_nan,0.00696363
HIKINDNH_1.0,0.570993
HIKINDNH_2.0,0.690262
HIKINDNH_nan,0.00696363
HIKINDNI_1.0,0.946301
HIKINDNI_2.0,0.267617
HIKINDNI_nan,0.00696363
HIKINDNJ_1.0,0.775087
HIKINDNJ_2.0,0.794258
HIKINDNJ_nan,0.00696363
HIKINDNK_1.0,0.025209
HIKINDNK_2.0,0.0998542
HIKINDNK_nan,0.00696363
MCAREPRB_1.0,0.586124
MCAREPRB_2.0,0.742983
MCAREPRB_nan,0.530157
MCAIDPRB_1.0,0.472134
MCAIDPRB_2.0,0.0186693
MCAIDPRB_nan,0.0158919
SINCOV_1.0,0.344705
SINCOV_2.0,0.15781
SINCOV_nan,0.0160055
MCPART_1.0,0.380869
MCPART_2.0,0.374159
MCPART_3.0,0.576693
MCPART_nan,0.300666
MCCHOICE_1.0,0.841014
MCCHOICE_2.0,0.487544
MCCHOICE_nan,0.608988
MCHMO_1.0,0.534378
MCHMO_2.0,0.343727
MCHMO_nan,0.528057
MCPREM_1.0,0.539652
MCPREM_2.0,0.753891
MCPREM_nan,0.504775
MCREF_1.0,0.263112
MCREF_2.0,0.653329
MCREF_nan,0.733774
MCPARTD_1.0,0.833666
MCPARTD_2.0,0.271224
MCPARTD_nan,0.331598
MACHMD_1.0,0.718268
MACHMD_2.0,0.793873
MACHMD_3.0,0.0404521
MACHMD_nan,0.259908
MXCHNG_1.0,0.853482
MXCHNG_2.0,0.226415
MXCHNG_nan,0.281152
MEDPREM_1.0,0.174035
MEDPREM_2.0,0.54892
MEDPREM_nan,0.308913
MDPRINC_1.0,0.695348
MDPRINC_2.0,0.239402
MDPRINC_nan,0.35293
SSTYPEA_1.0,0.171849
SSTYPEA_2.0,0.603667
SSTYPEA_nan,0.365101
SSTYPEB_1.0,0.903139
SSTYPEB_2.0,0.351169
SSTYPEB_nan,0.365101
SSTYPEC_1.0,0.286684
SSTYPEC_2.0,0.523197
SSTYPEC_nan,0.365101
SSTYPED_1.0,0.909591
SSTYPED_2.0,0.378276
SSTYPED_nan,0.365101
SSTYPEE_1.0,0.364092
SSTYPEE_2.0,0.980864
SSTYPEE_nan,0.365101
SSTYPEF_1.0,0.63261
SSTYPEF_2.0,0.439424
SSTYPEF_nan,0.365101
SSTYPEG_1.0,0.481873
SSTYPEG_2.0,0.435022
SSTYPEG_nan,0.365101
SSTYPEH_1.0,0.317909
SSTYPEH_2.0,0.512248
SSTYPEH_nan,0.365101
SSTYPEI_1.0,0.773168
SSTYPEI_2.0,0.333986
SSTYPEI_nan,0.365101
SSTYPEJ_1.0,0.601945
SSTYPEJ_2.0,0.530773
SSTYPEJ_nan,0.365101
SSTYPEK_1.0,0.426377
SSTYPEK_2.0,0.804994
SSTYPEK_nan,0.365101
SSTYPEL_1.0,0.549111
SSTYPEL_2.0,0.415214
SSTYPEL_nan,0.365101
PRPOLH1_1.0,0.718268
PRPOLH1_2.0,0.0801497
PRPOLH1_3.0,0.25357
PRPOLH1_4.0,0.302932
PRPOLH1_nan,0.757502
PRPOLH2_1.0,0.303382
PRPOLH2_2.0,
PRPOLH2_4.0,0.180404
PRPOLH2_nan,0.0937454
PRCOOH1_1.0,0.915409
PRCOOH1_2.0,0.870391
PRCOOH1_nan,0.912442
PRCOOH2_1.0,0.636149
PRCOOH2_2.0,0.266179
PRCOOH2_nan,0.226636
PLNWRKS1_1.0,0.645481
PLNWRKS1_10.0,0.0967939
PLNWRKS1_11.0,0.765038
PLNWRKS1_2.0,0.727596
PLNWRKS1_3.0,0.765038
PLNWRKS1_4.0,0.824877
PLNWRKS1_5.0,0.214723
PLNWRKS1_6.0,0.379884
PLNWRKS1_7.0,0.303382
PLNWRKS1_8.0,0.472134
PLNWRKS1_9.0,0.460758
PLNWRKS1_nan,0.785142
PLNWRKS2_1.0,0.681425
PLNWRKS2_2.0,0.851642
PLNWRKS2_3.0,
PLNWRKS2_4.0,0.25357
PLNWRKS2_5.0,0.205785
PLNWRKS2_6.0,0.180404
PLNWRKS2_nan,0.394448
PLNEXCH1_1.0,0.983267
PLNEXCH1_2.0,0.383957
PLNEXCH1_nan,0.455581
PLNEXCH2_1.0,0.602127
PLNEXCH2_2.0,0.249002
PLNEXCH2_nan,0.205785
PLNPAY11_1.0,0.999245
PLNPAY11_2.0,0.811698
PLNPAY11_nan,0.871787
PLNPAY21_1.0,0.677258
PLNPAY21_2.0,0.477982
PLNPAY21_nan,0.871787
PLNPAY31_1.0,0.549242
PLNPAY31_2.0,0.746385
PLNPAY31_nan,0.871787
PLNPAY41_1.0,0.303382
PLNPAY41_2.0,0.920712
PLNPAY41_nan,0.871787
PLNPAY51_1.0,0.921287
PLNPAY51_2.0,0.876557
PLNPAY51_nan,0.871787
PLNPAY61_1.0,
PLNPAY61_2.0,0.871787
PLNPAY61_nan,0.871787
PLNPAY71_1.0,0.993717
PLNPAY71_2.0,0.87144
PLNPAY71_nan,0.871787
PLNPAY12_1.0,0.616469
PLNPAY12_2.0,0.604152
PLNPAY12_nan,0.514135
PLNPAY22_1.0,0.584233
PLNPAY22_2.0,0.728852
PLNPAY22_nan,0.514135
PLNPAY32_1.0,
PLNPAY32_2.0,0.514135
PLNPAY32_nan,0.514135
PLNPAY42_1.0,
PLNPAY42_2.0,0.514135
PLNPAY42_nan,0.514135
PLNPAY52_1.0,
PLNPAY52_2.0,0.514135
PLNPAY52_nan,0.514135
PLNPAY62_2.0,0.514135
PLNPAY62_nan,0.514135
PLNPAY72_1.0,
PLNPAY72_2.0,0.514135
PLNPAY72_nan,0.514135
PLNPRE1_1.0,0.687179
PLNPRE1_2.0,0.868193
PLNPRE1_nan,0.959129
PLNPRE2_1.0,0.374159
PLNPRE2_2.0,0.871465
PLNPRE2_nan,0.669773
PLNMGD1_1.0,0.4539
PLNMGD1_2.0,0.183538
PLNMGD1_3.0,0.517931
PLNMGD1_4.0,0.0322498
PLNMGD1_5.0,0.812632
PLNMGD1_nan,0.0787245
PLNMGD2_1.0,
PLNMGD2_2.0,0.457892
PLNMGD2_3.0,
PLNMGD2_4.0,0.907916
PLNMGD2_5.0,0.0193282
PLNMGD2_nan,0.204205
HDHP1_1.0,0.021785
HDHP1_2.0,0.364029
HDHP1_nan,0.1707
HDHP2_1.0,0.417697
HDHP2_2.0,0.824877
HDHP2_nan,0.492255
HSAHRA1_1.0,0.365802
HSAHRA1_2.0,0.745925
HSAHRA1_nan,0.36967
HSAHRA2_1.0,0.993717
HSAHRA2_2.0,0.719497
HSAHRA2_nan,0.824877
MGCHMD1_1.0,0.406345
MGCHMD1_2.0,0.557222
MGCHMD1_nan,0.764308
MGCHMD2_1.0,0.512053
MGCHMD2_2.0,0.746678
MGCHMD2_nan,0.474434
MGPRMD1_1.0,0.999154
MGPRMD1_2.0,0.629101
MGPRMD1_nan,0.755897
MGPRMD2_1.0,0.921806
MGPRMD2_2.0,0.207351
MGPRMD2_nan,0.379884
MGPYMD1_1.0,0.776375
MGPYMD1_2.0,0.750741
MGPYMD1_nan,0.960317
MGPYMD2_1.0,0.775323
MGPYMD2_2.0,0.718733
MGPYMD2_nan,0.964858
PCPREQ1_1.0,0.566363
PCPREQ1_2.0,0.708431
PCPREQ1_nan,0.347865
PCPREQ2_1.0,0.788875
PCPREQ2_2.0,0.433736
PCPREQ2_nan,0.406936
PRRXCOV1_1.0,0.278298
PRRXCOV1_2.0,0.173749
PRRXCOV1_nan,0.696128
PRRXCOV2_1.0,0.594375
PRRXCOV2_2.0,0.550877
PRRXCOV2_nan,0.42001
PRDNCOV1_1.0,0.0831443
PRDNCOV1_2.0,0.235829
PRDNCOV1_nan,0.700638
PRDNCOV2_1.0,0.660273
PRDNCOV2_2.0,0.407404
PRDNCOV2_nan,0.394448
FCOVCONF_1.0,0.481908
FCOVCONF_2.0,0.117999
FCOVCONF_3.0,0.772182
FCOVCONF_4.0,0.872643
FCOVCONF_nan,0.20373
CHXCHNG_1.0,
CHXCHNG_2.0,
CHXCHNG_nan,
STRFPRM1_2.0,
STRFPRM1_nan,
CHPRINC_nan,
STDOC1_1.0,
STDOC1_2.0,
STDOC1_nan,
OPXCHNG_1.0,0.239402
OPXCHNG_2.0,0.302932
OPXCHNG_nan,0.14279
STRFPRM2_1.0,0.131037
STRFPRM2_2.0,0.54055
STRFPRM2_nan,0.14279
SSPRINC_1.0,
SSPRINC_2.0,0.131037
SSPRINC_nan,0.131037
STDOC2_1.0,0.148259
STDOC2_2.0,0.338559
STDOC2_3.0,0.888824
STDOC2_nan,0.14279
OGXCHNG_1.0,0.25357
OGXCHNG_2.0,0.604304
OGXCHNG_nan,0.278811
STRFPRM3_1.0,0.25357
STRFPRM3_2.0,0.604304
STRFPRM3_nan,0.278811
OGPRINC_1.0,0.25357
OGPRINC_2.0,
OGPRINC_nan,0.25357
STDOC3_1.0,0.25357
STDOC3_2.0,0.602127
STDOC3_3.0,0.832688
STDOC3_nan,0.278811
MILSPC1_1.0,0.209638
MILSPC1_2.0,0.339822
MILSPC1_nan,0.112467
MILSPC2_1.0,0.799638
MILSPC2_2.0,0.0823936
MILSPC2_nan,0.112467
MILSPC3_1.0,0.180404
MILSPC3_2.0,0.166193
MILSPC3_nan,0.112467
MILSPC4_1.0,0.180404
MILSPC4_2.0,0.166193
MILSPC4_nan,0.112467
HILAST2_1.0,0.383576
HILAST2_2.0,0.109015
HILAST2_3.0,0.680416
HILAST2_4.0,0.965117
HILAST2_5.0,0.0953835
HILAST2_6.0,0.496653
HILAST2_nan,0.0254479
HISTOP1_1.0,0.179559
HISTOP1_2.0,0.0643604
HISTOP1_nan,0.0202404
HISTOP2_1.0,0.724049
HISTOP2_2.0,0.0220759
HISTOP2_nan,0.0202404
HISTOP3_1.0,0.656867
HISTOP3_2.0,0.0223552
HISTOP3_nan,0.0202404
HISTOP4_1.0,0.680416
HISTOP4_2.0,0.0222877
HISTOP4_nan,0.0202404
HISTOP5_1.0,0.166322
HISTOP5_2.0,0.0717993
HISTOP5_nan,0.0202404
HISTOP6_1.0,0.303382
HISTOP6_2.0,0.0255964
HISTOP6_nan,0.0202404
HISTOP7_1.0,0.309009
HISTOP7_2.0,0.0277005
HISTOP7_nan,0.0202404
HISTOP8_1.0,0.278184
HISTOP8_2.0,0.0352626
HISTOP8_nan,0.0202404
HISTOP9_1.0,0.993717
HISTOP9_2.0,0.0187998
HISTOP9_nan,0.0202404
HISTOP10_1.0,0.779319
HISTOP10_2.0,0.0205113
HISTOP10_nan,0.0202404
HINOTYR_1.0,0.349037
HINOTYR_2.0,0.587878
HINOTYR_nan,0.199034
FHICHNG_1.0,0.351551
FHICHNG_2.0,0.48504
FHICHNG_nan,0.496371
FHIKDBA_1.0,0.195206
FHIKDBA_2.0,0.41573
FHIKDBA_nan,0.114417
FHIKDBB_1.0,0.682621
FHIKDBB_2.0,0.120858
FHIKDBB_nan,0.114417
FHIKDBC_1.0,
FHIKDBC_2.0,0.114417
FHIKDBC_nan,0.114417
FHIKDBD_1.0,0.471475
FHIKDBD_2.0,0.161781
FHIKDBD_nan,0.114417
FHIKDBE_1.0,0.180404
FHIKDBE_2.0,0.138374
FHIKDBE_nan,0.114417
FHIKDBF_1.0,0.604304
FHIKDBF_2.0,0.101137
FHIKDBF_nan,0.114417
FHIKDBG_1.0,
FHIKDBG_2.0,0.114417
FHIKDBG_nan,0.114417
FHIKDBH_1.0,0.120024
FHIKDBH_2.0,0.196723
FHIKDBH_nan,0.114417
FHIKDBI_1.0,0.427702
FHIKDBI_2.0,0.159148
FHIKDBI_nan,0.114417
FHIKDBJ_1.0,0.463284
FHIKDBJ_2.0,0.0890159
FHIKDBJ_nan,0.114417
FHIKDBK_1.0,0.731812
FHIKDBK_2.0,0.0489281
FHIKDBK_nan,0.114417
HCSPFYR_0.0,0.0103481
HCSPFYR_1.0,0.0513613
HCSPFYR_2.0,0.166726
HCSPFYR_3.0,0.500281
HCSPFYR_4.0,0.724644
HCSPFYR_5.0,0.53846
HCSPFYR_nan,0.617047
MEDBILL_1.0,0.931315
MEDBILL_2.0,0.826519
MEDBILL_nan,0.0779708
MEDBPAY_1.0,0.46761
MEDBPAY_2.0,0.40627
MEDBPAY_nan,0.374159
MEDBNOP_1.0,0.445147
MEDBNOP_2.0,0.675532
MEDBNOP_nan,0.826519
FSA_1.0,0.348685
FSA_2.0,0.468193
FSA_nan,0.278184
EXCHPR1_1.0,0.67197
EXCHPR1_2.0,0.739396
EXCHPR1_3.0,0.180404
EXCHPR1_nan,0.977313
EXCHPR2_1.0,0.605421
EXCHPR2_2.0,0.177736
EXCHPR2_3.0,
EXCHPR2_nan,0.41425
PLEXCHOP_1.0,0.191316
PLEXCHOP_2.0,0.585515
PLEXCHOP_nan,0.171039
PLEXCHOG_1.0,
PLEXCHOG_2.0,0.25357
PLEXCHOG_nan,0.25357
PRIVATE_1.0,0.901789
PRIVATE_2.0,0.0493555
PRIVATE_3.0,0.862038
PRIVATE_nan,0.00696363
MEDICARE_1.0,0.366167
MEDICARE_2.0,0.921287
MEDICARE_3.0,0.148449
MEDICARE_nan,0.00696363
MEDICAID_1.0,0.225423
MEDICAID_2.0,
MEDICAID_3.0,0.072698
MEDICAID_nan,0.00696363
SCHIP_1.0,
SCHIP_3.0,0.00696363
SCHIP_nan,0.00696363
MILCARE_1.0,0.112467
MILCARE_3.0,0.574021
MILCARE_nan,0.00696363
IHS_1.0,0.100513
IHS_2.0,0.00396823
IHS_nan,0.00696363
OTHPUB_1.0,0.14279
OTHPUB_3.0,0.00516391
OTHPUB_nan,0.00696363
OTHGOV_1.0,0.278811
OTHGOV_3.0,0.00509096
OTHGOV_nan,0.00696363
SINGLE_1.0,0.365101
SINGLE_2.0,0.146481
SINGLE_3.0,0.193759
SINGLE_nan,0.00360569
MCADVR_1.0,0.587154
MCADVR_2.0,0.921287
MCADVR_nan,0.580897
PXCHNG_1.0,0.0401238
PXCHNG_2.0,0.605421
PXCHNG_nan,0.0493555
PSTDOC_1.0,0.872553
PSTDOC_2.0,0.00913852
PSTDOC_3.0,0.472134
PSTDOC_nan,0.0493555
PSTRFPRM_1.0,0.13147
PSTRFPRM_2.0,0.213961
PSTRFPRM_nan,0.0493555
PSSPRINC_1.0,0.17676
PSSPRINC_2.0,0.507007
PSSPRINC_nan,0.13147
PLEXCHPR_1.0,0.150821
PLEXCHPR_2.0,0.229385
PLEXCHPR_3.0,0.523519
PLEXCHPR_nan,0.0493555
PRFLG_1.0,0.0493555
PRFLG_nan,0.0493555
HISTOP11_1.0,
HISTOP11_2.0,0.0202404
HISTOP11_nan,0.0202404
HISTOP12_1.0,
HISTOP12_2.0,0.0202404
HISTOP12_nan,0.0202404
HISTOP13_1.0,0.180404
HISTOP13_2.0,0.027617
HISTOP13_nan,0.0202404
HISTOP14_1.0,0.180404
HISTOP14_2.0,0.027617
HISTOP14_nan,0.0202404
HISTOP15_1.0,
HISTOP15_2.0,0.0202404
HISTOP15_nan,0.0202404
EXCHANGE_1.0,0.607218
EXCHANGE_2.0,0.774581
EXCHANGE_nan,0.582983
MAFLG_1.0,0.765038
MAFLG_nan,0.765038
CHFLG_nan,
OPFLG_1.0,
OPFLG_nan,
OGFLG_nan,
WHONAM1_1.0,0.861674
WHONAM1_2.0,0.795304
WHONAM1_3.0,0.757502
WHONAM1_nan,0.86741
WHONAM2_1.0,0.634251
WHONAM2_2.0,0.1228
WHONAM2_3.0,0.0937454
WHONAM2_nan,0.394448
NOTCOV_1.0,0.163092
NOTCOV_2.0,0.393559
NOTCOV_nan,0.00696363
PRPLPLUS_1.0,0.726017
PRPLPLUS_2.0,0.872995
PRPLPLUS_nan,0.901789
PWRKBR1_1.0,0.19236
PWRKBR1_10.0,0.149414
PWRKBR1_2.0,0.180404
PWRKBR1_3.0,0.0779708
PWRKBR1_4.0,
PWRKBR1_5.0,0.262224
PWRKBR1_6.0,0.954973
PWRKBR1_7.0,
PWRKBR1_8.0,0.921287
PWRKBR1_9.0,0.921287
PWRKBR1_nan,0.195206
COVER_1.0,0.599669
COVER_2.0,0.0691963
COVER_3.0,0.494055
COVER_4.0,0.126759
COVER_5.0,0.00696363
COVER_nan,0.515184
COVER65O_1.0,0.989858
COVER65O_2.0,0.29156
COVER65O_3.0,0.338149
COVER65O_4.0,0.366129
COVER65O_5.0,0.146481
COVER65O_6.0,
COVER65O_nan,0.515184
COVER65_1.0,0.853097
COVER65_2.0,0.29156
COVER65_3.0,0.500723
COVER65_4.0,0.105441
COVER65_5.0,0.366129
COVER65_6.0,0.146481
COVER65_nan,0.515184
MILMANR_1.0,0.197811
MILMANR_2.0,0.845132
MILMANR_4.0,0.993717
MILMANR_5.0,0.216166
MILMANR_nan,0.209638
REGIONBR_1.0,0.128121
REGIONBR_10.0,0.349795
REGIONBR_11.0,0.793312
REGIONBR_2.0,0.537609
REGIONBR_3.0,0.702438
REGIONBR_4.0,0.753846
REGIONBR_5.0,0.230446
REGIONBR_6.0,0.94098
REGIONBR_7.0,0.042835
REGIONBR_8.0,0.527829
REGIONBR_9.0,0.696448
REGIONBR_nan,
WHYNOWKP_1.0,0.638862
WHYNOWKP_10.0,0.906599
WHYNOWKP_2.0,0.858226
WHYNOWKP_3.0,0.950002
WHYNOWKP_4.0,0.101422
WHYNOWKP_5.0,0.888824
WHYNOWKP_6.0,0.372362
WHYNOWKP_7.0,0.742204
WHYNOWKP_8.0,0.5333
WHYNOWKP_9.0,0.0367341
WHYNOWKP_nan,0.689759
GEOBRTH_1.0,0.128121
GEOBRTH_2.0,0.96599
GEOBRTH_3.0,0.126595
GEOBRTH_nan,
YRSINUS_1.0,0.25357
YRSINUS_2.0,0.0666074
YRSINUS_3.0,0.211932
YRSINUS_4.0,0.0846486
YRSINUS_5.0,0.374546
YRSINUS_nan,0.146623
CITIZENP_1.0,0.0235306
CITIZENP_2.0,0.0255848
CITIZENP_nan,0.719497
DOINGLWP_1.0,0.747922
DOINGLWP_2.0,0.0246189
DOINGLWP_3.0,0.99125
DOINGLWP_4.0,0.898068
DOINGLWP_5.0,0.252164
WRKLYR1_1.0,
PLBORN_1.0,0.128121
PLBORN_2.0,0.128121
PLBORN_nan,
HEADST_nan,
HEADSTV1_nan,
ARMFVER_1.0,0.960506
ARMFVER_2.0,
ARMFVER_nan,0.960506
ARMFEV_1.0,0.698947
ARMFEV_2.0,0.803779
ARMFEV_nan,0.180404
ARMFFC_1.0,0.60204
ARMFFC_2.0,0.883718
ARMFFC_nan,0.643748
WRKFTALL_1.0,0.915992
WRKFTALL_2.0,0.32202
WRKFTALL_nan,0.39798
HIEMPOF_1.0,0.622672
HIEMPOF_2.0,0.232974
HIEMPOF_nan,0.309245
EDUC1_0.0,0.682621
EDUC1_1.0,
EDUC1_10.0,0.0237707
EDUC1_11.0,0.854889
EDUC1_12.0,0.167897
EDUC1_13.0,0.837898
EDUC1_14.0,0.550107
EDUC1_15.0,0.585522
EDUC1_16.0,0.964858
EDUC1_17.0,0.158156
EDUC1_18.0,0.535213
EDUC1_19.0,0.543256
EDUC1_2.0,0.611262
EDUC1_20.0,0.745116
EDUC1_21.0,0.717502
EDUC1_3.0,0.936605
EDUC1_4.0,0.338559
EDUC1_5.0,0.562935
EDUC1_6.0,0.960506
EDUC1_7.0,0.845132
EDUC1_8.0,0.590538
EDUC1_9.0,0.10354
EDUC1_nan,0.738222
ERNYR-P_1.0,0.55
ERNYR-P_10.0,0.81815
ERNYR-P_11.0,0.13302
ERNYR-P_2.0,0.948068
ERNYR-P_3.0,0.45928
ERNYR-P_4.0,0.944201
ERNYR-P_5.0,0.437236
ERNYR-P_6.0,0.838141
ERNYR-P_7.0,0.714802
ERNYR-P_8.0,0.559732
ERNYR-P_9.0,0.160877
ARMFTM7P_1.0,
ARMFTM7P_2.0,
ARMFTM7P_nan,
ARMFTM1P_1.0,0.774487
ARMFTM1P_2.0,0.493109
ARMFTM1P_nan,0.698947
ARMFTM2P_1.0,0.867695
ARMFTM2P_2.0,0.906206
ARMFTM2P_nan,0.846855
ARMFTM3P_1.0,0.463047
ARMFTM3P_2.0,0.871203
ARMFTM3P_nan,0.656518
ARMFTM4P_1.0,0.841014
ARMFTM4P_2.0,0.427008
ARMFTM4P_nan,0.732544
ARMFTM5P_1.0,0.910375
ARMFTM5P_2.0,0.437255
ARMFTM5P_nan,0.613804
ARMFTM6P_1.0,
ARMFTM6P_2.0,
ARMFTM6P_nan,
ENGLANG_1.0,0.918238
ENGLANG_2.0,0.744604
ENGLANG_3.0,0.456371
ENGLANG_4.0,0.54155
ENGLANG_nan,0.30495
PROX1_1.0,0.765038
PROX1_nan,0.765038
PROX2_1.0,0.765038
PROX2_3.0,
PROX2_4.0,
PROX2_nan,0.765038
LATEINTA_1.0,0.0130321
LATEINTA_2.0,0.507945
LATEINTA_nan,0.761625
PROXYSA_1.0,0.765038
PROXYSA_2.0,0.603335
PROXYSA_3.0,0.162671
PROXYSA_nan,0.761625
PAR-STAT_1.0,0.763532
PAR-STAT_2.0,0.858226
PAR-STAT_3.0,0.952109
PAR-STAT_nan,0.761625
DOINGLWA_1.0,0.434171
DOINGLWA_2.0,0.0314693
DOINGLWA_3.0,0.634498
DOINGLWA_4.0,0.366048
DOINGLWA_5.0,0.238643
DOINGLWA_nan,0.761625
WHYNOWKA_1.0,0.835384
WHYNOWKA_10.0,0.303599
WHYNOWKA_2.0,0.766227
WHYNOWKA_3.0,0.739603
WHYNOWKA_4.0,0.0158089
WHYNOWKA_5.0,0.921287
WHYNOWKA_6.0,0.843168
WHYNOWKA_7.0,0.704338
WHYNOWKA_8.0,0.507007
WHYNOWKA_9.0,0.0847381
WHYNOWKA_nan,0.654802
EVERWRK_1.0,0.438147
EVERWRK_2.0,
EVERWRK_nan,0.438147
SUPERVIS_1.0,0.0761826
SUPERVIS_2.0,0.268184
SUPERVIS_nan,0.761625
WRKCATA_1.0,0.8292
WRKCATA_2.0,0.902052
WRKCATA_3.0,0.549051
WRKCATA_4.0,0.898897
WRKCATA_5.0,0.45442
WRKCATA_6.0,0.424943
WRKCATA_nan,0.79203
BUSINC1A_1.0,0.139337
BUSINC1A_2.0,0.641797
BUSINC1A_nan,0.549382
WRKLONGH_1.0,0.892031
WRKLONGH_2.0,0.927294
WRKLONGH_nan,0.847961
HOURPDA_1.0,0.347756
HOURPDA_2.0,0.148272
HOURPDA_nan,0.757524
PDSICKA_1.0,0.340118
PDSICKA_2.0,0.316633
PDSICKA_nan,0.960342
ONEJOB_1.0,0.941928
ONEJOB_2.0,0.994263
ONEJOB_nan,0.983774
WRKLYR4_0.0,0.983774
WRKLYR4_1.0,0.705152
WRKLYR4_2.0,0.250611
WRKLYR4_3.0,
WRKLYR4_nan,0.761625
INDSTRN1_1.0,0.788875
INDSTRN1_10.0,0.184991
INDSTRN1_11.0,0.928295
INDSTRN1_12.0,0.278811
INDSTRN1_13.0,
INDSTRN1_14.0,
INDSTRN1_15.0,0.832688
INDSTRN1_16.0,
INDSTRN1_17.0,0.0398698
INDSTRN1_18.0,0.309009
INDSTRN1_19.0,0.719497
INDSTRN1_2.0,0.714232
INDSTRN1_20.0,0.338559
INDSTRN1_21.0,0.359792
INDSTRN1_22.0,0.585515
INDSTRN1_23.0,0.1453
INDSTRN1_24.0,0.460758
INDSTRN1_25.0,0.1453
INDSTRN1_26.0,0.787671
INDSTRN1_27.0,0.890268
INDSTRN1_28.0,0.921287
INDSTRN1_29.0,0.123099
INDSTRN1_3.0,
INDSTRN1_30.0,0.472134
INDSTRN1_31.0,0.00216426
INDSTRN1_32.0,0.478309
INDSTRN1_33.0,0.993717
INDSTRN1_34.0,0.921287
INDSTRN1_35.0,0.0872825
INDSTRN1_36.0,0.0779708
INDSTRN1_37.0,0.562935
INDSTRN1_38.0,0.249002
INDSTRN1_39.0,0.704338
INDSTRN1_4.0,0.832688
INDSTRN1_40.0,0.604304
INDSTRN1_41.0,0.460758
INDSTRN1_42.0,0.808403
INDSTRN1_43.0,0.0229841
INDSTRN1_44.0,0.858428
INDSTRN1_45.0,0.173665
INDSTRN1_46.0,0.714232
INDSTRN1_47.0,0.627328
INDSTRN1_48.0,0.928011
INDSTRN1_49.0,0.765038
INDSTRN1_5.0,
INDSTRN1_50.0,
INDSTRN1_51.0,0.0779708
INDSTRN1_52.0,0.791175
INDSTRN1_53.0,0.146481
INDSTRN1_54.0,0.742204
INDSTRN1_55.0,0.682621
INDSTRN1_56.0,0.714232
INDSTRN1_57.0,0.742983
INDSTRN1_58.0,0.788875
INDSTRN1_59.0,
INDSTRN1_6.0,
INDSTRN1_60.0,
INDSTRN1_61.0,0.295281
INDSTRN1_62.0,0.180404
INDSTRN1_63.0,0.883517
INDSTRN1_64.0,0.830447
INDSTRN1_65.0,0.286328
INDSTRN1_66.0,0.763807
INDSTRN1_67.0,0.742983
INDSTRN1_68.0,0.11399
INDSTRN1_69.0,0.890268
INDSTRN1_7.0,0.472134
INDSTRN1_70.0,0.507007
INDSTRN1_71.0,0.51896
INDSTRN1_72.0,0.753891
INDSTRN1_73.0,0.995529
INDSTRN1_74.0,0.373569
INDSTRN1_75.0,0.928011
INDSTRN1_76.0,0.766227
INDSTRN1_77.0,0.182643
INDSTRN1_78.0,0.836438
INDSTRN1_79.0,0.472134
INDSTRN1_8.0,
INDSTRN1_9.0,0.563122
INDSTRN1_nan,0.744767
INDSTRN2_1.0,0.624723
INDSTRN2_10.0,0.965033
INDSTRN2_11.0,0.788875
INDSTRN2_12.0,0.295281
INDSTRN2_13.0,0.180404
INDSTRN2_14.0,0.883517
INDSTRN2_15.0,0.830447
INDSTRN2_16.0,0.695878
INDSTRN2_17.0,0.790428
INDSTRN2_18.0,0.880645
INDSTRN2_19.0,0.745627
INDSTRN2_2.0,0.472134
INDSTRN2_20.0,0.836438
INDSTRN2_21.0,0.472134
INDSTRN2_3.0,0.563122
INDSTRN2_4.0,0.184991
INDSTRN2_5.0,0.823991
INDSTRN2_6.0,0.578853
INDSTRN2_7.0,0.924259
INDSTRN2_8.0,0.792524
INDSTRN2_9.0,0.171039
INDSTRN2_nan,0.744767
OCCUPN1_1.0,0.444189
OCCUPN1_10.0,0.497983
OCCUPN1_11.0,0.424943
OCCUPN1_12.0,0.604304
OCCUPN1_13.0,0.682621
OCCUPN1_14.0,
OCCUPN1_15.0,0.602127
OCCUPN1_16.0,0.501472
OCCUPN1_17.0,0.726017
OCCUPN1_18.0,0.873333
OCCUPN1_19.0,0.17553
OCCUPN1_2.0,0.330043
OCCUPN1_20.0,0.298857
OCCUPN1_21.0,0.996367
OCCUPN1_22.0,0.672306
OCCUPN1_23.0,0.146481
OCCUPN1_24.0,0.208617
OCCUPN1_25.0,0.191316
OCCUPN1_26.0,0.395669
OCCUPN1_27.0,0.212576
OCCUPN1_28.0,0.604304
OCCUPN1_29.0,0.816389
OCCUPN1_3.0,0.612893
OCCUPN1_30.0,0.0589235
OCCUPN1_31.0,
OCCUPN1_32.0,0.524989
OCCUPN1_33.0,0.239402
OCCUPN1_34.0,0.1944
OCCUPN1_35.0,0.832688
OCCUPN1_36.0,0.682621
OCCUPN1_37.0,0.714232
OCCUPN1_38.0,0.0555334
OCCUPN1_39.0,0.412805
OCCUPN1_4.0,0.416208
OCCUPN1_40.0,0.51896
OCCUPN1_41.0,0.908165
OCCUPN1_42.0,0.380656
OCCUPN1_43.0,0.0193282
OCCUPN1_44.0,0.982856
OCCUPN1_45.0,0.0588998
OCCUPN1_46.0,
OCCUPN1_47.0,0.921287
OCCUPN1_48.0,0.682621
OCCUPN1_49.0,
OCCUPN1_5.0,0.862648
OCCUPN1_50.0,0.845132
OCCUPN1_51.0,
OCCUPN1_52.0,0.753846
OCCUPN1_53.0,0.053508
OCCUPN1_54.0,0.106155
OCCUPN1_55.0,0.373569
OCCUPN1_56.0,0.934324
OCCUPN1_57.0,0.585515
OCCUPN1_58.0,0.25876
OCCUPN1_59.0,
OCCUPN1_6.0,0.903139
OCCUPN1_60.0,0.29935
OCCUPN1_61.0,0.645527
OCCUPN1_62.0,0.271
OCCUPN1_63.0,0.25616
OCCUPN1_64.0,0.814131
OCCUPN1_65.0,
OCCUPN1_66.0,0.452721
OCCUPN1_67.0,
OCCUPN1_68.0,
OCCUPN1_69.0,0.472134
OCCUPN1_7.0,0.377216
OCCUPN1_70.0,0.998354
OCCUPN1_72.0,0.239402
OCCUPN1_73.0,
OCCUPN1_74.0,
OCCUPN1_75.0,0.146481
OCCUPN1_76.0,0.0272751
OCCUPN1_77.0,0.374159
OCCUPN1_78.0,0.788875
OCCUPN1_79.0,0.765038
OCCUPN1_8.0,0.0477124
OCCUPN1_80.0,0.108447
OCCUPN1_81.0,0.843168
OCCUPN1_82.0,0.180404
OCCUPN1_83.0,0.424943
OCCUPN1_84.0,0.472134
OCCUPN1_85.0,
OCCUPN1_86.0,0.280681
OCCUPN1_87.0,0.602127
OCCUPN1_88.0,0.0580026
OCCUPN1_89.0,0.0333158
OCCUPN1_9.0,0.596392
OCCUPN1_90.0,
OCCUPN1_91.0,
OCCUPN1_92.0,
OCCUPN1_93.0,0.731079
OCCUPN1_94.0,0.472134
OCCUPN1_nan,0.744767
OCCUPN2_1.0,0.348505
OCCUPN2_10.0,0.238476
OCCUPN2_11.0,0.908165
OCCUPN2_12.0,0.121525
OCCUPN2_13.0,0.781722
OCCUPN2_14.0,0.960517
OCCUPN2_15.0,0.800787
OCCUPN2_16.0,0.598946
OCCUPN2_17.0,0.116659
OCCUPN2_18.0,0.452721
OCCUPN2_19.0,0.855496
OCCUPN2_2.0,0.831323
OCCUPN2_20.0,0.307158
OCCUPN2_21.0,0.725912
OCCUPN2_22.0,0.390495
OCCUPN2_23.0,0.472134
OCCUPN2_3.0,0.921806
OCCUPN2_4.0,0.940955
OCCUPN2_5.0,0.672306
OCCUPN2_6.0,0.617088
OCCUPN2_7.0,0.360373
OCCUPN2_8.0,0.746628
OCCUPN2_9.0,0.854889
OCCUPN2_nan,0.744767
HYPEV_1.0,0.603468
HYPEV_2.0,0.495967
HYPEV_nan,0.761625
HYPDIFV_1.0,0.763107
HYPDIFV_2.0,0.584315
HYPDIFV_nan,0.603468
HYBPCKTP_0.0,0.347322
HYBPCKTP_1.0,0.121972
HYBPCKTP_2.0,0.340131
HYBPCKTP_3.0,0.475934
HYBPCKTP_4.0,0.800847
HYBPCKTP_nan,0.700284
HYBPLEV_1.0,0.695348
HYBPLEV_2.0,0.507658
HYBPLEV_3.0,0.569207
HYBPLEV_4.0,0.711676
HYBPLEV_5.0,0.410785
HYBPLEV_nan,0.539762
HYPMDEV2_1.0,0.592429
HYPMDEV2_2.0,0.947049
HYPMDEV2_nan,0.603468
HYPMED2_1.0,0.824109
HYPMED2_2.0,0.453975
HYPMED2_nan,0.592429
CHLEV_1.0,0.626825
CHLEV_2.0,0.948533
CHLEV_nan,0.706925
CHLYR_1.0,0.72269
CHLYR_2.0,0.0340717
CHLYR_nan,0.360105
CLCKTP_0.0,0.270573
CLCKTP_1.0,0.910375
CLCKTP_2.0,0.447607
CLCKTP_3.0,0.796482
CLCKTP_4.0,0.130488
CLCKTP_nan,0.500681
CHLMDEV2_1.0,0.898199
CHLMDEV2_2.0,0.326552
CHLMDEV2_nan,0.626825
CHLMDNW2_1.0,0.859792
CHLMDNW2_2.0,0.947466
CHLMDNW2_nan,0.898199
CHDEV_1.0,0.464065
CHDEV_2.0,0.905351
CHDEV_nan,0.761625
ANGEV_1.0,0.906599
ANGEV_2.0,0.771837
ANGEV_nan,0.757524
MIEV_1.0,0.427008
MIEV_2.0,0.842182
MIEV_nan,0.719464
HRTEV_1.0,0.847686
HRTEV_2.0,0.715859
HRTEV_nan,0.761625
STREV_1.0,0.0322498
STREV_2.0,0.920195
STREV_nan,0.719464
EPHEV_1.0,0.890268
EPHEV_2.0,0.775472
EPHEV_nan,0.761625
JAWP_1.0,0.13402
JAWP_2.0,0.25228
JAWP_nan,0.606323
WEA_1.0,0.589144
WEA_2.0,0.698987
WEA_nan,0.762616
CHE_1.0,0.988593
CHE_2.0,0.335308
CHE_nan,0.761625
ARM_1.0,0.94319
ARM_2.0,0.518383
ARM_nan,0.706925
BRTH_1.0,0.81913
BRTH_2.0,0.236539
BRTH_nan,0.758018
AHADO_1.0,0.575351
AHADO_2.0,0.180404
AHADO_3.0,0.448077
AHADO_4.0,0.315588
AHADO_5.0,0.190734
AHADO_nan,0.706925
FACE_1.0,0.951502
FACE_2.0,0.226177
FACE_nan,0.694926
SPEAKING_1.0,0.886146
SPEAKING_2.0,0.35874
SPEAKING_nan,0.661942
EYE_1.0,0.583319
EYE_2.0,0.460273
EYE_nan,0.3927
WALKING_1.0,0.852513
WALKING_2.0,0.235333
WALKING_nan,0.545269
HEADACHE_1.0,0.947559
HEADACHE_2.0,0.57127
HEADACHE_nan,0.705189
ASTDO_1.0,0.205785
ASTDO_2.0,0.928011
ASTDO_3.0,0.980361
ASTDO_4.0,0.25357
ASTDO_5.0,0.765038
ASTDO_nan,0.761625
COPDEV_1.0,0.0943115
COPDEV_2.0,0.974333
COPDEV_nan,0.761625
ASPMEDEV_1.0,0.46997
ASPMEDEV_2.0,0.620655
ASPMEDEV_nan,0.977592
ASPMEDAD_1.0,0.844395
ASPMEDAD_2.0,0.288337
ASPMEDAD_nan,0.46997
ASPMDMED_1.0,0.907916
ASPMDMED_2.0,0.250169
ASPMDMED_nan,0.288337
ASPONOWN_1.0,0.504775
ASPONOWN_2.0,0.446495
ASPONOWN_nan,0.596606
AASMEV_1.0,0.858743
AASMEV_2.0,0.647824
AASMEV_nan,0.719464
AASSTILL_1.0,0.92062
AASSTILL_2.0,0.880219
AASSTILL_nan,0.858743
AASMYR_1.0,0.898786
AASMYR_2.0,0.775276
AASMYR_nan,0.858743
AASERYR1_1.0,0.230409
AASERYR1_2.0,0.655884
AASERYR1_nan,0.858743
ULCEV_1.0,0.251134
ULCEV_2.0,0.943908
ULCEV_nan,0.761625
ULCYR_1.0,0.56738
ULCYR_2.0,0.323154
ULCYR_nan,0.251134
CANEV_1.0,0.286926
CANEV_2.0,0.937761
CANEV_nan,0.761625
CNKIND1_1.0,0.472134
CNKIND1_2.0,0.235333
CNKIND1_nan,0.286926
CNKIND2_1.0,0.682621
CNKIND2_2.0,0.254621
CNKIND2_nan,0.286926
CNKIND3_2.0,0.286926
CNKIND3_nan,0.286926
CNKIND4_2.0,0.286926
CNKIND4_nan,0.286926
CNKIND5_1.0,0.668417
CNKIND5_2.0,0.331973
CNKIND5_nan,0.286926
CNKIND6_1.0,0.0566049
CNKIND6_2.0,0.267617
CNKIND6_nan,0.73033
CNKIND7_1.0,
CNKIND7_2.0,0.286926
CNKIND7_nan,0.286926
CNKIND8_1.0,
CNKIND8_2.0,0.286926
CNKIND8_nan,0.286926
CNKIND9_2.0,0.286926
CNKIND9_nan,0.286926
CNKIND10_1.0,0.921287
CNKIND10_2.0,0.27498
CNKIND10_nan,0.286926
CNKIND11_1.0,
CNKIND11_2.0,0.286926
CNKIND11_nan,0.286926
CNKIND12_1.0,
CNKIND12_2.0,0.286926
CNKIND12_nan,0.286926
CNKIND13_1.0,
CNKIND13_2.0,0.286926
CNKIND13_nan,0.286926
CNKIND14_1.0,0.180404
CNKIND14_2.0,0.19991
CNKIND14_nan,0.286926
CNKIND15_1.0,0.146481
CNKIND15_2.0,0.393078
CNKIND15_nan,0.286926
CNKIND16_1.0,0.843168
CNKIND16_2.0,0.239331
CNKIND16_nan,0.286926
CNKIND17_1.0,
CNKIND17_2.0,0.286926
CNKIND17_nan,0.286926
CNKIND18_1.0,0.25357
CNKIND18_2.0,0.888979
CNKIND18_nan,0.73033
CNKIND19_1.0,
CNKIND19_2.0,0.286926
CNKIND19_nan,0.286926
CNKIND20_1.0,0.0481071
CNKIND20_2.0,0.707559
CNKIND20_nan,0.168335
CNKIND21_1.0,
CNKIND21_2.0,0.286926
CNKIND21_nan,0.286926
CNKIND22_1.0,0.0408755
CNKIND22_2.0,0.915727
CNKIND22_nan,0.286926
CNKIND23_1.0,0.562935
CNKIND23_2.0,0.224243
CNKIND23_nan,0.286926
CNKIND24_1.0,0.25357
CNKIND24_2.0,0.367287
CNKIND24_nan,0.286926
CNKIND25_1.0,0.602127
CNKIND25_2.0,0.318953
CNKIND25_nan,0.286926
CNKIND26_1.0,0.472134
CNKIND26_2.0,0.103181
CNKIND26_nan,0.168335
CNKIND27_1.0,
CNKIND27_2.0,0.286926
CNKIND27_nan,0.286926
CNKIND28_1.0,0.714232
CNKIND28_2.0,0.3165
CNKIND28_nan,0.286926
CNKIND29_1.0,0.180404
CNKIND29_2.0,0.550236
CNKIND29_nan,0.73033
CNKIND30_1.0,0.338559
CNKIND30_2.0,0.37945
CNKIND30_nan,0.286926
CNKIND31_1.0,0.25357
CNKIND31_nan,0.25357
PREGEVER_1.0,0.548712
PREGEVER_2.0,0.568038
PREGEVER_nan,0.85605
DBHVPAY_1.0,0.591536
DBHVPAY_2.0,0.932107
DBHVPAY_nan,0.757524
DBHVCLY_1.0,0.85464
DBHVCLY_2.0,0.845905
DBHVCLY_nan,0.761625
DBHVWLY_1.0,0.0528631
DBHVWLY_2.0,0.629084
DBHVWLY_nan,0.761625
DBHVPAN_1.0,0.667942
DBHVPAN_2.0,0.402577
DBHVPAN_nan,0.761625
DBHVCLN_1.0,0.677822
DBHVCLN_2.0,0.439623
DBHVCLN_nan,0.761625
DBHVWLN_1.0,0.982862
DBHVWLN_2.0,0.766212
DBHVWLN_nan,0.761625
DIBREL_1.0,0.0259289
DIBREL_2.0,0.122596
DIBREL_nan,0.779101
DIBEV1_1.0,0.25674
DIBEV1_2.0,0.54071
DIBEV1_3.0,0.0295051
DIBEV1_nan,0.761625
DIBPRE2_1.0,0.118505
DIBPRE2_2.0,0.405697
DIBPRE2_nan,0.855461
DIBTEST_1.0,0.811597
DIBTEST_2.0,0.762597
DIBTEST_3.0,0.804506
DIBTEST_4.0,0.0566164
DIBTEST_5.0,0.577302
DIBTEST_nan,0.829303
DIBTYPE_1.0,0.0775155
DIBTYPE_2.0,0.036566
DIBTYPE_3.0,0.47846
DIBTYPE_nan,0.25674
DIBPILL1_1.0,0.296422
DIBPILL1_2.0,0.105652
DIBPILL1_nan,0.0506657
INSLN1_1.0,0.949937
INSLN1_2.0,0.0344424
INSLN1_nan,0.0506657
DIBINS2_1.0,0.910375
DIBINS2_2.0,
DIBINS2_3.0,0.180404
DIBINS2_4.0,0.781968
DIBINS2_nan,0.949937
DIBINS3_1.0,0.0779708
DIBINS3_2.0,0.590538
DIBINS3_nan,0.949937
DIBINS4_1.0,
DIBINS4_2.0,
DIBINS4_nan,
EPILEP1_1.0,0.604152
EPILEP1_2.0,0.814395
EPILEP1_nan,0.761625
EPILEP2_1.0,0.765038
EPILEP2_2.0,0.672306
EPILEP2_nan,0.604152
EPILEP3_0.0,0.0686207
EPILEP3_1.0,0.303382
EPILEP3_2.0,
EPILEP3_3.0,
EPILEP3_4.0,0.180404
EPILEP3_nan,0.604152
EPILEP4_1.0,0.604304
EPILEP4_2.0,0.788875
EPILEP4_nan,0.604152
EPILEP5_1.0,0.824877
EPILEP5_2.0,
EPILEP5_3.0,
EPILEP5_4.0,0.0779708
EPILEP5_5.0,
EPILEP5_nan,0.604152
DIBGDM_1.0,0.407404
DIBGDM_2.0,0.3814
DIBGDM_nan,0.548712
DIBBABY_1.0,0.836501
DIBBABY_2.0,0.451601
DIBBABY_nan,0.548712
DIBPRGM_1.0,0.788875
DIBPRGM_2.0,0.91257
DIBPRGM_nan,0.935871
DIBREFER_1.0,0.596392
DIBREFER_2.0,0.975765
DIBREFER_nan,0.935871
DIBBEGIN_1.0,0.875008
DIBBEGIN_2.0,0.810399
DIBBEGIN_3.0,0.955841
DIBBEGIN_nan,0.988691
AHAYFYR_1.0,0.860535
AHAYFYR_2.0,0.70974
AHAYFYR_nan,0.761625
SINYR_1.0,0.0386625
SINYR_2.0,0.493402
SINYR_nan,0.761625
CBRCHYR_1.0,0.245329
CBRCHYR_2.0,0.957789
CBRCHYR_nan,0.761625
KIDWKYR_1.0,0.845132
KIDWKYR_2.0,0.779604
KIDWKYR_nan,0.761625
LIVYR_1.0,0.00452939
LIVYR_2.0,0.856186
LIVYR_nan,0.761625
JNTSYMP_1.0,0.272562
JNTSYMP_2.0,0.582413
JNTSYMP_nan,0.761625
JMTHP1_1.0,0.433006
JMTHP1_2.0,0.373654
JMTHP1_nan,0.231069
JMTHP2_1.0,0.79364
JMTHP2_2.0,0.149593
JMTHP2_nan,0.231069
JMTHP3_1.0,0.016388
JMTHP3_2.0,0.693415
JMTHP3_nan,0.231069
JMTHP4_1.0,0.505711
JMTHP4_2.0,0.311298
JMTHP4_nan,0.231069
JMTHP5_1.0,0.762321
JMTHP5_2.0,0.248861
JMTHP5_nan,0.231069
JMTHP6_1.0,0.259614
JMTHP6_2.0,0.446687
JMTHP6_nan,0.231069
JMTHP7_1.0,0.0440567
JMTHP7_2.0,0.644988
JMTHP7_nan,0.231069
JMTHP8_1.0,0.0691291
JMTHP8_2.0,0.573329
JMTHP8_nan,0.231069
JMTHP9_1.0,0.0855463
JMTHP9_2.0,0.898199
JMTHP9_nan,0.231069
JMTHP10_1.0,0.0426368
JMTHP10_2.0,0.708488
JMTHP10_nan,0.231069
JMTHP11_1.0,0.495312
JMTHP11_2.0,0.331248
JMTHP11_nan,0.231069
JMTHP12_1.0,0.163149
JMTHP12_2.0,0.474067
JMTHP12_nan,0.231069
JMTHP13_1.0,0.394465
JMTHP13_2.0,0.318632
JMTHP13_nan,0.231069
JMTHP14_1.0,0.296375
JMTHP14_2.0,0.349015
JMTHP14_nan,0.231069
JMTHP15_1.0,0.394233
JMTHP15_2.0,0.393006
JMTHP15_nan,0.231069
JMTHP16_1.0,0.580151
JMTHP16_2.0,0.30762
JMTHP16_nan,0.231069
JMTHP17_1.0,0.479519
JMTHP17_2.0,0.165353
JMTHP17_nan,0.231069
JNTCHR_1.0,0.0960226
JNTCHR_2.0,0.191282
JNTCHR_nan,0.272562
JNTHP_1.0,0.449203
JNTHP_2.0,0.456808
JNTHP_nan,0.272562
ARTH1_1.0,0.569495
ARTH1_2.0,0.969644
ARTH1_nan,0.715434
ARTHLMT_1.0,0.679236
ARTHLMT_2.0,0.180674
ARTHLMT_nan,0.157975
PAINECK_1.0,0.344924
PAINECK_2.0,0.891033
PAINECK_nan,0.732079
PAINLB_1.0,0.0801148
PAINLB_2.0,0.387868
PAINLB_nan,0.732079
PAINLEG_1.0,0.165175
PAINLEG_2.0,0.262176
PAINLEG_nan,0.0801148
PAINFACE_1.0,0.071129
PAINFACE_2.0,0.901949
PAINFACE_nan,0.732079
AMIGR_1.0,0.798136
AMIGR_2.0,0.866348
AMIGR_nan,0.761625
ACOLD2W_1.0,0.54892
ACOLD2W_2.0,0.935584
ACOLD2W_nan,0.706925
AINTIL2W_1.0,0.340231
AINTIL2W_2.0,0.551908
AINTIL2W_nan,0.761625
PREGNOW_1.0,0.303599
PREGNOW_2.0,0.992957
PREGNOW_nan,0.869339
PREGFLYR_1.0,0.680416
PREGFLYR_2.0,0.819494
PREGFLYR_nan,0.900189
HRAIDNOW_1.0,0.964858
HRAIDNOW_2.0,0.768677
HRAIDNOW_nan,0.761625
HRAIDEV_1.0,0.149414
HRAIDEV_2.0,0.873919
HRAIDEV_nan,0.768677
AHEARST1_1.0,0.290506
AHEARST1_2.0,0.380269
AHEARST1_3.0,0.407008
AHEARST1_4.0,0.746678
AHEARST1_5.0,0.440037
AHEARST1_6.0,0.0779708
AHEARST1_nan,0.761625
AVISION_1.0,0.740019
AVISION_2.0,0.735516
AVISION_nan,0.835344
ABLIND_1.0,
ABLIND_2.0,0.740019
ABLIND_nan,0.740019
VIM-DREV_1.0,0.765038
VIM-DREV_2.0,0.779101
VIM-DREV_nan,0.761625
VIMLS-DR_1.0,0.146481
VIMLS-DR_2.0,0.303382
VIMLS-DR_nan,0.765038
VIM-CAEV_1.0,0.150064
VIM-CAEV_2.0,0.858793
VIM-CAEV_nan,0.761625
VIMLS-CA_1.0,0.0714416
VIMLS-CA_2.0,0.635875
VIMLS-CA_nan,0.150064
VIMCSURG_1.0,0.195588
VIMCSURG_2.0,0.414775
VIMCSURG_nan,0.150064
VIM-GLEV_1.0,0.102199
VIM-GLEV_2.0,0.997491
VIM-GLEV_nan,0.757524
VIMLS-GL_1.0,0.239402
VIMLS-GL_2.0,0.14279
VIMLS-GL_nan,0.067198
VIM-MDEV_1.0,0.385872
VIM-MDEV_2.0,0.876553
VIM-MDEV_nan,0.761625
VIMLS-MD_1.0,0.714232
VIMLS-MD_2.0,0.426524
VIMLS-MD_nan,0.385872
VIMGLASS_1.0,0.792149
VIMGLASS_2.0,0.935615
VIMGLASS_nan,0.761625
VIMREAD_1.0,0.670242
VIMREAD_2.0,0.300185
VIMREAD_nan,0.792149
VIMDRIVE_1.0,0.677532
VIMDRIVE_2.0,0.832222
VIMDRIVE_nan,0.792149
AVISREH_1.0,
AVISREH_2.0,0.740019
AVISREH_nan,0.740019
AVISDEV_1.0,0.463284
AVISDEV_2.0,0.575416
AVISDEV_nan,0.740019
AVDF-NWS_0.0,0.892414
AVDF-NWS_1.0,0.619628
AVDF-NWS_2.0,0.249302
AVDF-NWS_3.0,0.619234
AVDF-NWS_4.0,
AVDF-NWS_6.0,0.832688
AVDF-NWS_nan,0.761625
AVDF-CLS_0.0,0.740842
AVDF-CLS_1.0,0.57564
AVDF-CLS_2.0,0.691035
AVDF-CLS_3.0,0.25876
AVDF-CLS_4.0,
AVDF-CLS_6.0,0.921287
AVDF-CLS_nan,0.761625
AVDF-NIT_0.0,0.768223
AVDF-NIT_1.0,0.64043
AVDF-NIT_2.0,0.508279
AVDF-NIT_3.0,0.96599
AVDF-NIT_4.0,
AVDF-NIT_6.0,0.921287
AVDF-NIT_nan,0.761625
AVDF-DRV_0.0,0.389858
AVDF-DRV_1.0,0.330578
AVDF-DRV_2.0,0.278184
AVDF-DRV_3.0,0.180404
AVDF-DRV_4.0,
AVDF-DRV_6.0,0.347322
AVDF-DRV_nan,0.761625
AVDF-PER_0.0,0.415002
AVDF-PER_1.0,0.0998887
AVDF-PER_2.0,0.278184
AVDF-PER_3.0,0.180404
AVDF-PER_4.0,0.338559
AVDF-PER_6.0,
AVDF-PER_nan,0.761625
AVDF-CRD_0.0,0.52448
AVDF-CRD_1.0,0.814131
AVDF-CRD_2.0,0.101366
AVDF-CRD_3.0,0.180404
AVDF-CRD_4.0,
AVDF-CRD_6.0,
AVDF-CRD_nan,0.761625
AVISEXAM_1.0,0.0776796
AVISEXAM_2.0,0.822076
AVISEXAM_3.0,0.987132
AVISEXAM_4.0,0.605904
AVISEXAM_5.0,0.43908
AVISEXAM_nan,0.753919
AVISACT_1.0,0.732351
AVISACT_2.0,0.577414
AVISACT_nan,0.761625
AVISPROT_1.0,0.985015
AVISPROT_2.0,0.612961
AVISPROT_3.0,0.583483
AVISPROT_4.0,0.616326
AVISPROT_nan,0.732351
LUPPRT_1.0,0.0813744
LUPPRT_2.0,0.834318
LUPPRT_nan,0.761625
CHPAIN6M_1.0,0.11064
CHPAIN6M_2.0,0.00993071
CHPAIN6M_3.0,0.952905
CHPAIN6M_4.0,0.0012287
CHPAIN6M_nan,0.732079
PAINLMT_1.0,0.154687
PAINLMT_2.0,0.954587
PAINLMT_3.0,0.280221
PAINLMT_4.0,0.0391767
PAINLMT_nan,0.353799
HYPYR1_1.0,0.201646
HYPYR1_2.0,0.0329315
HYPYR1_nan,0.763107
ACHRC14A_1.0,
ACHRC14A_nan,
ADURB14A_4.0,
ADURB14A_nan,
AFLHC19-_1.0,0.921287
AFLHC19-_2.0,0.187982
AFLHC19-_nan,0.191704
AFLHC20-_1.0,0.419719
AFLHC20-_2.0,0.323049
AFLHC20-_nan,0.191704
AFLHC21-_1.0,0.424943
AFLHC21-_2.0,0.160774
AFLHC21-_nan,0.191704
AFLHC22-_1.0,0.0779708
AFLHC22-_2.0,0.24308
AFLHC22-_nan,0.191704
AFLHC23-_1.0,0.962991
AFLHC23-_2.0,0.183988
AFLHC23-_nan,0.191704
AFLHC24-_1.0,0.180404
AFLHC24-_2.0,0.156749
AFLHC24-_nan,0.191704
AFLHC25-_1.0,0.472134
AFLHC25-_2.0,0.171836
AFLHC25-_nan,0.191704
AFLHC26-_1.0,
AFLHC26-_2.0,0.191704
AFLHC26-_nan,0.191704
AFLHC27-_1.0,
AFLHC27-_2.0,0.191704
AFLHC27-_nan,0.191704
AFLHC28-_1.0,
AFLHC28-_2.0,0.191704
AFLHC28-_nan,0.191704
AFLHC29-_2.0,0.191704
AFLHC29-_nan,0.191704
AFLHC30-_1.0,
AFLHC30-_2.0,0.191704
AFLHC30-_nan,0.191704
AFLHC31-_1.0,0.180404
AFLHC31-_2.0,0.156749
AFLHC31-_nan,0.191704
AFLHC32-_1.0,0.0779708
AFLHC32-_2.0,0.24308
AFLHC32-_nan,0.191704
AFLHC33-_1.0,0.562935
AFLHC33-_2.0,0.168347
AFLHC33-_nan,0.191704
AFLHC34-_1.0,
AFLHC34-_2.0,0.191704
AFLHC34-_nan,0.191704
AFLHCA1_1.0,0.303382
AFLHCA1_2.0,0.164162
AFLHCA1_nan,0.191704
AFLHCA10_1.0,0.180404
AFLHCA10_2.0,0.156749
AFLHCA10_nan,0.191704
AFLHCA11_1.0,0.460758
AFLHCA11_2.0,0.219478
AFLHCA11_nan,0.191704
AFLHCA12_1.0,0.472134
AFLHCA12_2.0,0.171836
AFLHCA12_nan,0.191704
AFLHCA13_1.0,0.682621
AFLHCA13_2.0,0.179774
AFLHCA13_nan,0.191704
AFLHCA15_1.0,
AFLHCA15_2.0,0.191704
AFLHCA15_nan,0.191704
AFLHCA16_1.0,
AFLHCA16_2.0,0.191704
AFLHCA16_nan,0.191704
AFLHCA17_1.0,0.122515
AFLHCA17_2.0,0.381366
AFLHCA17_nan,0.191704
AFLHCA18_1.0,0.575351
AFLHCA18_2.0,0.227267
AFLHCA18_nan,0.191704
AFLHCA2_1.0,0.596392
AFLHCA2_2.0,0.164891
AFLHCA2_nan,0.191704
AFLHCA3_1.0,0.124732
AFLHCA3_2.0,0.648583
AFLHCA3_nan,0.191704
AFLHCA4_1.0,0.348233
AFLHCA4_2.0,0.371249
AFLHCA4_nan,0.191704
AFLHCA5_1.0,0.0628499
AFLHCA5_2.0,0.497504
AFLHCA5_nan,0.191704
AFLHCA6_1.0,0.604304
AFLHCA6_2.0,0.21026
AFLHCA6_nan,0.191704
AFLHCA7_1.0,0.0566049
AFLHCA7_2.0,0.104007
AFLHCA7_nan,0.191704
AFLHCA8_1.0,
AFLHCA8_2.0,0.191704
AFLHCA8_nan,0.191704
AFLHCA9_1.0,0.993717
AFLHCA9_2.0,0.188909
AFLHCA9_nan,0.191704
AFLHCA90_1.0,0.714232
AFLHCA90_2.0,0.206293
AFLHCA90_nan,0.191704
AFLHCA91_2.0,0.191704
AFLHCA91_nan,0.191704
AHSTATYR_1.0,0.530755
AHSTATYR_2.0,0.393917
AHSTATYR_3.0,0.738246
AHSTATYR_nan,0.706925
ALCHRC1_1.0,0.303382
ALCHRC1_2.0,
ALCHRC1_nan,0.303382
ALCHRC10_1.0,0.180404
ALCHRC10_nan,0.180404
ALCHRC11_1.0,0.460758
ALCHRC11_2.0,
ALCHRC11_nan,0.460758
ALCHRC12_1.0,0.472134
ALCHRC12_nan,0.472134
ALCHRC13_1.0,0.682621
ALCHRC13_nan,0.682621
ALCHRC15_1.0,
ALCHRC15_nan,
ALCHRC16_1.0,
ALCHRC16_nan,
ALCHRC17_1.0,0.122515
ALCHRC17_2.0,
ALCHRC17_nan,0.122515
ALCHRC18_1.0,0.575351
ALCHRC18_nan,0.575351
ALCHRC19_1.0,0.921287
ALCHRC19_nan,0.921287
ALCHRC2_1.0,0.596392
ALCHRC2_nan,0.596392
ALCHRC20_1.0,0.419719
ALCHRC20_2.0,
ALCHRC20_nan,0.419719
ALCHRC21_1.0,0.424943
ALCHRC21_nan,0.424943
ALCHRC22_1.0,0.0779708
ALCHRC22_nan,0.0779708
ALCHRC23_1.0,0.962991
ALCHRC23_2.0,
ALCHRC23_nan,0.962991
ALCHRC24_1.0,0.180404
ALCHRC24_2.0,
ALCHRC24_nan,0.180404
ALCHRC25_1.0,0.472134
ALCHRC25_nan,0.472134
ALCHRC26_1.0,
ALCHRC26_nan,
ALCHRC27_1.0,
ALCHRC27_nan,
ALCHRC28_1.0,
ALCHRC28_nan,
ALCHRC29_nan,
ALCHRC3_1.0,0.124732
ALCHRC3_nan,0.124732
ALCHRC30_1.0,
ALCHRC30_nan,
ALCHRC31_1.0,0.180404
ALCHRC31_2.0,
ALCHRC31_nan,0.180404
ALCHRC32_1.0,0.0779708
ALCHRC32_nan,0.0779708
ALCHRC33_1.0,0.562935
ALCHRC33_nan,0.562935
ALCHRC34_2.0,
ALCHRC34_nan,
ALCHRC4_1.0,0.336895
ALCHRC4_2.0,0.921287
ALCHRC4_nan,0.348233
ALCHRC5_1.0,0.0628499
ALCHRC5_2.0,
ALCHRC5_nan,0.0628499
ALCHRC6_1.0,0.604304
ALCHRC6_2.0,
ALCHRC6_nan,0.604304
ALCHRC7_1.0,0.0566049
ALCHRC7_nan,0.0566049
ALCHRC8_1.0,
ALCHRC8_nan,
ALCHRC9_1.0,0.993717
ALCHRC9_nan,0.993717
ALCHRC90_1.0,0.714232
ALCHRC90_nan,0.714232
ALCHRC91_nan,
ALCHRONR_0.0,0.627016
ALCHRONR_1.0,0.191704
ALCHRONR_2.0,
ALCHRONR_3.0,0.25876
ALCHRONR_nan,0.761625
ALCNDRT_1.0,0.191704
ALCNDRT_2.0,
ALCNDRT_nan,0.191704
ALDURB1_1.0,
ALDURB1_3.0,
ALDURB1_4.0,0.303382
ALDURB1_nan,0.303382
ALDURB10_1.0,
ALDURB10_3.0,
ALDURB10_4.0,0.180404
ALDURB10_nan,0.180404
ALDURB11_1.0,
ALDURB11_2.0,
ALDURB11_3.0,
ALDURB11_4.0,0.460758
ALDURB11_nan,0.460758
ALDURB12_2.0,
ALDURB12_3.0,
ALDURB12_4.0,0.472134
ALDURB12_nan,0.472134
ALDURB13_4.0,0.682621
ALDURB13_nan,0.682621
ALDURB15_4.0,
ALDURB15_nan,
ALDURB16_3.0,
ALDURB16_4.0,
ALDURB16_nan,
ALDURB17_1.0,
ALDURB17_2.0,
ALDURB17_3.0,0.888824
ALDURB17_4.0,0.0846546
ALDURB17_nan,0.122515
ALDURB18_3.0,0.832688
ALDURB18_4.0,0.604152
ALDURB18_nan,0.575351
ALDURB19_3.0,
ALDURB19_4.0,0.921287
ALDURB19_nan,0.921287
ALDURB2_4.0,0.596392
ALDURB2_nan,0.596392
ALDURB20_1.0,
ALDURB20_2.0,0.374545
ALDURB20_3.0,0.207351
ALDURB20_4.0,0.597902
ALDURB20_nan,0.419719
ALDURB21_3.0,0.180404
ALDURB21_4.0,0.832688
ALDURB21_nan,0.424943
ALDURB22_3.0,
ALDURB22_4.0,0.0779708
ALDURB22_nan,0.0779708
ALDURB23_1.0,
ALDURB23_2.0,
ALDURB23_3.0,0.0937454
ALDURB23_4.0,0.399198
ALDURB23_nan,0.962991
ALDURB24_1.0,
ALDURB24_3.0,
ALDURB24_4.0,0.180404
ALDURB24_nan,0.180404
ALDURB25_3.0,
ALDURB25_4.0,0.472134
ALDURB25_nan,0.472134
ALDURB26_4.0,
ALDURB26_nan,
ALDURB27_4.0,
ALDURB27_nan,
ALDURB28_4.0,
ALDURB28_nan,
ALDURB29_nan,
ALDURB3_1.0,
ALDURB3_2.0,0.338559
ALDURB3_3.0,0.191316
ALDURB3_4.0,0.304437
ALDURB3_nan,0.124732
ALDURB30_4.0,
ALDURB30_nan,
ALDURB31_1.0,
ALDURB31_2.0,
ALDURB31_3.0,
ALDURB31_4.0,0.180404
ALDURB31_nan,0.180404
ALDURB32_3.0,
ALDURB32_4.0,0.0779708
ALDURB32_nan,0.0779708
ALDURB33_3.0,0.682621
ALDURB33_4.0,0.682621
ALDURB33_nan,0.562935
ALDURB34_1.0,
ALDURB34_2.0,
ALDURB34_3.0,
ALDURB34_nan,
ALDURB4_1.0,0.921287
ALDURB4_2.0,0.153915
ALDURB4_3.0,0.206849
ALDURB4_4.0,0.289389
ALDURB4_nan,0.348233
ALDURB5_1.0,
ALDURB5_2.0,0.338559
ALDURB5_3.0,0.682621
ALDURB5_4.0,0.0742649
ALDURB5_nan,0.0628499
ALDURB6_1.0,
ALDURB6_2.0,
ALDURB6_3.0,
ALDURB6_4.0,0.604304
ALDURB6_nan,0.604304
ALDURB7_1.0,
ALDURB7_3.0,
ALDURB7_4.0,0.0566049
ALDURB7_nan,0.0566049
ALDURB8_1.0,
ALDURB8_4.0,
ALDURB8_nan,
ALDURB9_3.0,
ALDURB9_4.0,0.993717
ALDURB9_nan,0.993717
ALDURB90_3.0,0.146481
ALDURB90_4.0,0.562935
ALDURB90_nan,0.714232
ALDURB91_nan,
ALHCA14A_1.0,
ALHCA14A_2.0,0.191704
ALHCA14A_nan,0.191704
ALUNIT1_3.0,
ALUNIT1_4.0,0.303382
ALUNIT1_6.0,
ALUNIT1_nan,0.303382
ALUNIT10_1.0,
ALUNIT10_3.0,
ALUNIT10_4.0,0.180404
ALUNIT10_nan,0.180404
ALUNIT11_2.0,
ALUNIT11_3.0,
ALUNIT11_4.0,0.460758
ALUNIT11_6.0,
ALUNIT11_nan,0.460758
ALUNIT12_3.0,0.472134
ALUNIT12_4.0,
ALUNIT12_nan,0.472134
ALUNIT13_6.0,0.682621
ALUNIT13_nan,0.682621
ALUNIT15_3.0,
ALUNIT15_6.0,
ALUNIT15_nan,
ALUNIT16_3.0,
ALUNIT16_4.0,
ALUNIT16_nan,
ALUNIT17_1.0,
ALUNIT17_2.0,
ALUNIT17_3.0,0.25357
ALUNIT17_4.0,0.0471853
ALUNIT17_6.0,0.507007
ALUNIT17_nan,0.122515
ALUNIT18_3.0,
ALUNIT18_4.0,0.604152
ALUNIT18_6.0,0.832688
ALUNIT18_nan,0.575351
ALUNIT19_3.0,
ALUNIT19_4.0,0.921287
ALUNIT19_nan,0.921287
ALUNIT2_3.0,0.921287
ALUNIT2_4.0,0.562935
ALUNIT2_6.0,
ALUNIT2_nan,0.596392
ALUNIT20_2.0,
ALUNIT20_3.0,0.166724
ALUNIT20_4.0,0.660571
ALUNIT20_6.0,0.562935
ALUNIT20_nan,0.419719
ALUNIT21_4.0,0.424943
ALUNIT21_nan,0.424943
ALUNIT22_3.0,
ALUNIT22_4.0,0.0779708
ALUNIT22_nan,0.0779708
ALUNIT23_3.0,0.303382
ALUNIT23_4.0,0.8251
ALUNIT23_6.0,0.602127
ALUNIT23_nan,0.962991
ALUNIT24_2.0,
ALUNIT24_3.0,
ALUNIT24_4.0,0.180404
ALUNIT24_nan,0.180404
ALUNIT25_3.0,0.472134
ALUNIT25_4.0,
ALUNIT25_nan,0.472134
ALUNIT26_4.0,
ALUNIT26_nan,
ALUNIT27_4.0,
ALUNIT27_nan,
ALUNIT28_4.0,
ALUNIT28_nan,
ALUNIT29_nan,
ALUNIT3_2.0,
ALUNIT3_3.0,0.851642
ALUNIT3_4.0,0.126064
ALUNIT3_6.0,
ALUNIT3_nan,0.124732
ALUNIT30_4.0,
ALUNIT30_6.0,
ALUNIT30_nan,
ALUNIT31_3.0,
ALUNIT31_4.0,0.180404
ALUNIT31_nan,0.180404
ALUNIT32_4.0,0.0779708
ALUNIT32_nan,0.0779708
ALUNIT33_3.0,0.682621
ALUNIT33_4.0,0.682621
ALUNIT33_nan,0.562935
ALUNIT34_3.0,
ALUNIT34_nan,
ALUNIT4_1.0,
ALUNIT4_2.0,
ALUNIT4_3.0,0.198913
ALUNIT4_4.0,0.179217
ALUNIT4_6.0,
ALUNIT4_nan,0.348233
ALUNIT5_1.0,
ALUNIT5_2.0,
ALUNIT5_3.0,0.338559
ALUNIT5_4.0,0.101392
ALUNIT5_6.0,
ALUNIT5_nan,0.0628499
ALUNIT6_1.0,
ALUNIT6_2.0,
ALUNIT6_3.0,
ALUNIT6_4.0,0.604304
ALUNIT6_6.0,
ALUNIT6_nan,0.604304
ALUNIT7_2.0,
ALUNIT7_3.0,
ALUNIT7_4.0,0.0566049
ALUNIT7_6.0,
ALUNIT7_nan,0.0566049
ALUNIT8_2.0,
ALUNIT8_3.0,
ALUNIT8_4.0,
ALUNIT8_nan,
ALUNIT9_4.0,0.993717
ALUNIT9_nan,0.993717
ALUNIT90_3.0,0.146481
ALUNIT90_4.0,0.562935
ALUNIT90_6.0,
ALUNIT90_nan,0.714232
ALUNIT91_nan,
ATIME14A_16.0,
ATIME14A_nan,
AUNIT14A_4.0,
AUNIT14A_nan,
FLA1AR_1.0,0.265017
FLA1AR_2.0,0.630854
FLA1AR_3.0,0.921287
FLA1AR_nan,0.761625
FLCARRY_0.0,0.928699
FLCARRY_1.0,0.0893149
FLCARRY_2.0,0.133512
FLCARRY_3.0,0.724049
FLCARRY_4.0,0.714232
FLCARRY_6.0,0.180404
FLCARRY_nan,0.757524
FLCLIMB_0.0,0.824113
FLCLIMB_1.0,0.516156
FLCLIMB_2.0,0.773168
FLCLIMB_3.0,0.563122
FLCLIMB_4.0,0.424943
FLCLIMB_6.0,
FLCLIMB_nan,0.757524
FLGRASP_0.0,0.950646
FLGRASP_1.0,0.0144851
FLGRASP_2.0,0.907055
FLGRASP_3.0,0.47846
FLGRASP_4.0,
FLGRASP_6.0,
FLGRASP_nan,0.757524
FLPUSH_0.0,0.61486
FLPUSH_1.0,0.286684
FLPUSH_2.0,0.0125796
FLPUSH_3.0,0.30495
FLPUSH_4.0,0.845132
FLPUSH_6.0,0.330043
FLPUSH_nan,0.757524
FLREACH_0.0,0.753567
FLREACH_1.0,0.537219
FLREACH_2.0,0.707559
FLREACH_3.0,0.864008
FLREACH_4.0,0.25357
FLREACH_6.0,0.936605
FLREACH_nan,0.757524
FLRELAX_0.0,0.845348
FLRELAX_1.0,0.131037
FLRELAX_2.0,0.765038
FLRELAX_3.0,
FLRELAX_4.0,
FLRELAX_6.0,0.180404
FLRELAX_nan,0.757524
FLSHOP_0.0,0.496098
FLSHOP_1.0,0.00230674
FLSHOP_2.0,0.070433
FLSHOP_3.0,0.832688
FLSHOP_4.0,0.682621
FLSHOP_6.0,0.16271
FLSHOP_nan,0.757524
FLSIT_0.0,0.904693
FLSIT_1.0,0.525761
FLSIT_2.0,0.546948
FLSIT_3.0,0.619797
FLSIT_4.0,0.765038
FLSIT_6.0,0.0717942
FLSIT_nan,0.757524
FLSOCL_0.0,0.685846
FLSOCL_1.0,0.121525
FLSOCL_2.0,0.105662
FLSOCL_3.0,0.0779708
FLSOCL_4.0,
FLSOCL_6.0,0.373569
FLSOCL_nan,0.757524
FLSTAND_0.0,0.825309
FLSTAND_1.0,0.07934
FLSTAND_2.0,0.770761
FLSTAND_3.0,0.586124
FLSTAND_4.0,0.437255
FLSTAND_6.0,
FLSTAND_nan,0.757524
FLSTOOP_0.0,0.700014
FLSTOOP_1.0,0.494419
FLSTOOP_2.0,0.43372
FLSTOOP_3.0,0.296656
FLSTOOP_4.0,0.229385
FLSTOOP_6.0,0.405697
FLSTOOP_nan,0.757524
FLWALK_0.0,0.921523
FLWALK_1.0,0.965033
FLWALK_2.0,0.813781
FLWALK_3.0,0.0193282
FLWALK_4.0,0.824877
FLWALK_6.0,0.657968
FLWALK_nan,0.757524
SPECEQ_1.0,0.394465
SPECEQ_2.0,0.890382
SPECEQ_nan,0.761625
ALC12MTP_0.0,0.117262
ALC12MTP_1.0,0.549853
ALC12MTP_2.0,0.741438
ALC12MTP_3.0,0.677075
ALC12MTP_nan,0.800735
ALC1YR_1.0,0.346007
ALC1YR_2.0,0.0570073
ALC1YR_nan,0.728026
ALC5UPT1_0.0,0.192311
ALC5UPT1_1.0,0.534378
ALC5UPT1_2.0,0.528455
ALC5UPT1_3.0,0.507404
ALC5UPT1_nan,0.572824
ALCLIFE_1.0,0.0455679
ALCLIFE_2.0,0.55146
ALCLIFE_nan,0.0570073
CIGAREV2_1.0,0.152568
CIGAREV2_2.0,0.491815
CIGAREV2_nan,0.728026
CIGCUR2_1.0,0.672306
CIGCUR2_2.0,0.399896
CIGCUR2_3.0,0.240323
CIGCUR2_nan,0.136242
CIGQTYR_1.0,0.910273
CIGQTYR_2.0,0.1897
CIGQTYR_nan,0.414929
ECIGCUR2_1.0,0.619797
ECIGCUR2_2.0,0.0869335
ECIGCUR2_3.0,0.244734
ECIGCUR2_nan,0.635816
ECIGEV2_1.0,0.635816
ECIGEV2_2.0,0.553623
ECIGEV2_nan,0.757524
MODLNGTP_1.0,0.375824
MODLNGTP_2.0,0.73994
MODLNGTP_nan,0.31328
MODTP_0.0,0.436386
MODTP_1.0,0.791708
MODTP_2.0,0.43767
MODTP_3.0,0.993849
MODTP_4.0,0.17553
MODTP_6.0,
MODTP_nan,0.666746
PIPECUR2_1.0,
PIPECUR2_2.0,0.775323
PIPECUR2_3.0,0.902253
PIPECUR2_nan,0.829454
PIPEV2_1.0,0.829454
PIPEV2_2.0,0.812554
PIPEV2_nan,0.728026
SMKEV_1.0,0.874011
SMKEV_2.0,0.919782
SMKEV_nan,0.831147
SMKLSCR2_1.0,0.781968
SMKLSCR2_2.0,0.993717
SMKLSCR2_3.0,0.381786
SMKLSCR2_nan,0.366552
SMKLSTB1_1.0,0.366552
SMKLSTB1_2.0,0.954188
SMKLSTB1_nan,0.728026
SMKNOW_1.0,0.604385
SMKNOW_2.0,0.410785
SMKNOW_3.0,0.638085
SMKNOW_nan,0.874011
SMKQTTP_1.0,0.212576
SMKQTTP_2.0,
SMKQTTP_3.0,0.940955
SMKQTTP_4.0,0.856666
SMKQTTP_nan,0.702302
STRNGTP_0.0,0.564433
STRNGTP_1.0,0.179697
STRNGTP_2.0,0.335764
STRNGTP_3.0,0.761067
STRNGTP_4.0,0.672306
STRNGTP_6.0,0.921287
STRNGTP_nan,0.728026
VIGLNGTP_1.0,0.0618962
VIGLNGTP_2.0,0.0562256
VIGLNGTP_nan,0.757605
VIGTP_0.0,0.425902
VIGTP_1.0,0.530746
VIGTP_2.0,0.624152
VIGTP_3.0,0.259104
VIGTP_4.0,0.928011
VIGTP_6.0,
VIGTP_nan,0.758018
SMKSTAT2_1.0,0.604385
SMKSTAT2_2.0,0.410785
SMKSTAT2_3.0,0.638085
SMKSTAT2_4.0,0.919782
SMKSTAT2_5.0,
SMKSTAT2_nan,0.831147
ALCSTAT_1.0,0.55146
ALCSTAT_10.0,0.0588998
ALCSTAT_2.0,0.0750305
ALCSTAT_3.0,0.810921
ALCSTAT_5.0,0.399351
ALCSTAT_6.0,0.387635
ALCSTAT_7.0,0.374283
ALCSTAT_8.0,0.0496156
ALCSTAT_9.0,0.719497
ALCSTAT_nan,0.761625
AUSUALPL_1.0,0.596968
AUSUALPL_2.0,0.443882
AUSUALPL_3.0,0.0846546
AUSUALPL_nan,0.674182
APLKIND_1.0,0.0493869
APLKIND_2.0,0.60848
APLKIND_3.0,0.624723
APLKIND_4.0,0.0799701
APLKIND_5.0,0.207351
APLKIND_6.0,0.954973
APLKIND_nan,0.39152
AHCPLROU_1.0,0.956684
AHCPLROU_2.0,0.0026502
AHCPLROU_nan,0.394563
AHCPLKND_0.0,0.821012
AHCPLKND_1.0,0.474704
AHCPLKND_2.0,0.447607
AHCPLKND_3.0,0.47846
AHCPLKND_4.0,0.338559
AHCPLKND_5.0,0.359792
AHCPLKND_6.0,0.867777
AHCPLKND_nan,0.442628
AHCCHGYR_1.0,0.139464
AHCCHGYR_2.0,0.801759
AHCCHGYR_nan,0.39152
AHCCHGHI_1.0,0.674806
AHCCHGHI_2.0,0.149555
AHCCHGHI_nan,0.139464
APRVTRYR_1.0,0.13089
APRVTRYR_2.0,0.954651
APRVTRYR_nan,0.674182
APRVTRFD_1.0,0.0543091
APRVTRFD_2.0,0.906599
APRVTRFD_nan,0.13089
ADRNANP_1.0,0.612893
ADRNANP_2.0,0.747162
ADRNANP_nan,0.674182
ADRNAI_1.0,0.0281823
ADRNAI_2.0,0.847513
ADRNAI_nan,0.674182
AHCDLYR1_1.0,0.500723
AHCDLYR1_2.0,0.551287
AHCDLYR1_nan,0.674182
AHCDLYR2_1.0,0.260291
AHCDLYR2_2.0,0.975154
AHCDLYR2_nan,0.674182
AHCDLYR3_1.0,0.071129
AHCDLYR3_2.0,0.964082
AHCDLYR3_nan,0.674182
AHCDLYR4_1.0,0.043003
AHCDLYR4_2.0,0.794356
AHCDLYR4_nan,0.745254
AHCDLYR5_1.0,0.604304
AHCDLYR5_2.0,0.703383
AHCDLYR5_nan,0.674182
AHCAFYR1_1.0,0.339523
AHCAFYR1_2.0,0.898972
AHCAFYR1_nan,0.674182
AHCAFYR2_1.0,0.51669
AHCAFYR2_2.0,0.565968
AHCAFYR2_nan,0.674182
AHCAFYR3_1.0,0.356144
AHCAFYR3_2.0,0.370142
AHCAFYR3_nan,0.658028
AHCAFYR4_1.0,0.731277
AHCAFYR4_2.0,0.58054
AHCAFYR4_nan,0.674182
AHCAFYR5_1.0,0.627057
AHCAFYR5_2.0,0.563859
AHCAFYR5_nan,0.674182
AHCAFYR6_1.0,0.212997
AHCAFYR6_2.0,0.444796
AHCAFYR6_nan,0.674182
AWORPAY_1.0,0.721606
AWORPAY_2.0,0.686372
AWORPAY_3.0,0.259181
AWORPAY_nan,0.614318
AHICOMP_1.0,0.679442
AHICOMP_2.0,0.202591
AHICOMP_3.0,0.303022
AHICOMP_nan,0.607122
ARX12MO_1.0,0.259978
ARX12MO_2.0,0.429035
ARX12MO_nan,0.690941
ARX12-1_1.0,0.739603
ARX12-1_2.0,0.29255
ARX12-1_nan,0.259978
ARX12-2_1.0,0.625385
ARX12-2_2.0,0.195099
ARX12-2_nan,0.259978
ARX12-3_1.0,0.849496
ARX12-3_2.0,0.274504
ARX12-3_nan,0.259978
ARX12-4_1.0,0.891026
ARX12-4_2.0,0.201153
ARX12-4_nan,0.259978
ARX12-5_1.0,0.864008
ARX12-5_2.0,0.679027
ARX12-5_nan,0.690941
ARX12-6_1.0,0.261426
ARX12-6_2.0,0.448949
ARX12-6_nan,0.690941
ADNLONG2_0.0,0.153915
ADNLONG2_1.0,0.502171
ADNLONG2_2.0,0.988372
ADNLONG2_3.0,0.260226
ADNLONG2_4.0,0.659523
ADNLONG2_5.0,0.318568
ADNLONG2_nan,0.646335
AHCSYR1_1.0,0.897011
AHCSYR1_2.0,0.674636
AHCSYR1_nan,0.63816
AHCSYR2_1.0,0.700427
AHCSYR2_2.0,0.854677
AHCSYR2_nan,0.63816
AHCSYR3_1.0,0.925146
AHCSYR3_2.0,0.659972
AHCSYR3_nan,0.63816
AHCSYR4_1.0,0.697353
AHCSYR4_2.0,0.769824
AHCSYR4_nan,0.63816
AHCSYR5_1.0,0.204223
AHCSYR5_2.0,0.965308
AHCSYR5_nan,0.63816
AHCSYR6_1.0,0.120095
AHCSYR6_2.0,0.571057
AHCSYR6_nan,0.63816
AHCSYR7_1.0,0.361377
AHCSYR7_2.0,0.414971
AHCSYR7_nan,0.988923
AHCSYR8_1.0,0.100527
AHCSYR8_2.0,0.564551
AHCSYR8_nan,0.63816
AHCSYR9_1.0,0.271856
AHCSYR9_2.0,0.482755
AHCSYR9_nan,0.610517
AHCSYR10_1.0,0.206822
AHCSYR10_2.0,0.889153
AHCSYR10_nan,0.255445
AHERNOY2_0.0,0.904234
AHERNOY2_1.0,0.500965
AHERNOY2_2.0,0.951167
AHERNOY2_3.0,0.47846
AHERNOY2_4.0,0.604304
AHERNOY2_5.0,0.0664601
AHERNOY2_6.0,
AHERNOY2_nan,0.610517
AERVISND_1.0,0.309631
AERVISND_2.0,0.844721
AERVISND_nan,0.468298
AERHOS_1.0,0.584233
AERHOS_2.0,0.634758
AERHOS_nan,0.476124
AERREA1R_1.0,0.501017
AERREA1R_2.0,0.739842
AERREA1R_nan,0.476124
AERREA2R_1.0,0.144953
AERREA2R_2.0,0.761202
AERREA2R_nan,0.468298
AERREA3R_1.0,0.951755
AERREA3R_2.0,0.404412
AERREA3R_nan,0.476124
AERREA4R_1.0,0.0791255
AERREA4R_2.0,0.39098
AERREA4R_nan,0.476124
AERREA5R_1.0,0.308536
AERREA5R_2.0,0.773192
AERREA5R_nan,0.476124
AERREA6R_1.0,0.942651
AERREA6R_2.0,0.47447
AERREA6R_nan,0.588474
AERREA7R_1.0,0.385872
AERREA7R_2.0,0.643748
AERREA7R_nan,0.476124
AERREA8R_1.0,0.753846
AERREA8R_2.0,0.528057
AERREA8R_nan,0.476124
AHCHYR_1.0,0.718733
AHCHYR_2.0,0.580071
AHCHYR_nan,0.610517
AHCHMOYR_1.0,0.718733
AHCHMOYR_12.0,
AHCHMOYR_2.0,
AHCHMOYR_3.0,
AHCHMOYR_4.0,
AHCHMOYR_7.0,
AHCHMOYR_9.0,
AHCHMOYR_nan,0.718733
AHCHNOY2_1.0,
AHCHNOY2_2.0,0.374545
AHCHNOY2_3.0,0.405697
AHCHNOY2_4.0,
AHCHNOY2_5.0,0.921287
AHCHNOY2_6.0,
AHCHNOY2_nan,0.718733
AHCNOYR2_0.0,0.480983
AHCNOYR2_1.0,0.798756
AHCNOYR2_2.0,0.308802
AHCNOYR2_3.0,0.0879699
AHCNOYR2_4.0,0.110468
AHCNOYR2_5.0,0.429629
AHCNOYR2_6.0,0.0150631
AHCNOYR2_nan,0.99911
ASRGYR_1.0,0.591566
ASRGYR_2.0,0.781706
ASRGYR_nan,0.610517
AMDLONGR_0.0,0.921287
AMDLONGR_1.0,0.341911
AMDLONGR_2.0,0.604544
AMDLONGR_3.0,0.462203
AMDLONGR_4.0,0.182199
AMDLONGR_5.0,0.809325
AMDLONGR_nan,0.610517
HIT1A_1.0,0.389211
HIT1A_2.0,0.705664
HIT1A_nan,0.610517
HIT2A_1.0,0.937732
HIT2A_2.0,0.603494
HIT2A_nan,0.583412
HIT3A_1.0,0.503829
HIT3A_2.0,0.3608
HIT3A_nan,0.579694
HIT4A_1.0,0.810768
HIT4A_2.0,0.486422
HIT4A_nan,0.583412
HIT5A_1.0,0.0581983
HIT5A_2.0,0.965319
HIT5A_nan,0.583412
FLUVACYR_1.0,0.728071
FLUVACYR_2.0,0.427591
FLUVACYR_nan,0.650652
FLUVACTP_1.0,0.728071
FLUVACTP_2.0,
FLUVACTP_nan,0.728071
FLUVAC-M_1.0,0.641812
FLUVAC-M_10.0,0.772491
FLUVAC-M_11.0,0.678057
FLUVAC-M_12.0,0.0166323
FLUVAC-M_2.0,0.680416
FLUVAC-M_3.0,0.604304
FLUVAC-M_4.0,0.180404
FLUVAC-M_5.0,
FLUVAC-M_6.0,0.888824
FLUVAC-M_7.0,0.682621
FLUVAC-M_8.0,0.232607
FLUVAC-M_9.0,0.489572
FLUVAC-M_nan,0.824402
FLUSHPG1_1.0,
FLUSHPG1_2.0,
FLUSHPG1_nan,
FLUSHPG2_1.0,0.936605
FLUSHPG2_2.0,0.843168
FLUSHPG2_3.0,0.180404
FLUSHPG2_nan,0.538946
SHTPNUYR_1.0,0.118934
SHTPNUYR_2.0,0.169034
SHTPNUYR_nan,0.591313
APOX_1.0,0.676788
APOX_2.0,0.545698
APOX_nan,0.45137
APOX12MO_1.0,0.604304
APOX12MO_2.0,0.707054
APOX12MO_nan,0.676788
AHEP_1.0,0.0250989
AHEP_2.0,0.901627
AHEP_nan,0.534501
AHEPLIV_1.0,0.840184
AHEPLIV_2.0,0.86682
AHEPLIV_nan,0.911264
AHEPBTST_1.0,0.925955
AHEPBTST_2.0,0.980254
AHEPBTST_nan,0.965229
SHTHEPB_1.0,0.230135
SHTHEPB_2.0,0.601486
SHTHEPB_nan,0.660315
SHTHEPA_1.0,0.0839701
SHTHEPA_2.0,0.836089
SHTHEPA_nan,0.235706
SHEPANUM_1.0,0.821099
SHEPANUM_12.0,
SHEPANUM_2.0,0.132546
SHEPANUM_3.0,0.793312
SHEPANUM_4.0,
SHEPANUM_95.0,
SHEPANUM_96.0,0.109838
SHEPANUM_nan,0.0550695
AHEPCTST_1.0,0.4318
AHEPCTST_2.0,0.908046
AHEPCTST_nan,0.593537
AHEPCRES_1.0,0.832599
AHEPCRES_2.0,0.145862
AHEPCRES_3.0,0.145384
AHEPCRES_4.0,0.326552
AHEPCRES_nan,0.542452
SHINGLES_1.0,0.242792
SHINGLES_2.0,0.669767
SHINGLES_nan,0.845652
SHTTD_1.0,0.595571
SHTTD_2.0,0.957171
SHTTD_nan,0.597594
SHTHPV2_1.0,0.872216
SHTHPV2_2.0,0.720717
SHTHPV2_3.0,0.180404
SHTHPV2_nan,0.733258
SHHPVDOS_1.0,0.657968
SHHPVDOS_2.0,0.605421
SHHPVDOS_3.0,0.641478
SHHPVDOS_33.0,
SHHPVDOS_4.0,
SHHPVDOS_50.0,
SHHPVDOS_6.0,0.180404
SHHPVDOS_96.0,0.910375
SHHPVDOS_nan,0.937855
LIVEV_1.0,0.116585
LIVEV_2.0,0.713696
LIVEV_nan,0.534501
TRAVEL_1.0,0.436331
TRAVEL_2.0,0.999333
TRAVEL_nan,0.534501
WRKDIR_1.0,0.739991
WRKDIR_2.0,0.916207
WRKDIR_nan,0.828606
APSBPCHK_1.0,0.388473
APSBPCHK_2.0,0.667203
APSBPCHK_nan,0.534501
APSCHCHK_1.0,0.220186
APSCHCHK_2.0,0.541389
APSCHCHK_nan,0.495222
APSBSCHK_1.0,0.865157
APSBSCHK_2.0,0.527485
APSBSCHK_nan,0.495528
APSPAP_1.0,0.7706
APSPAP_2.0,0.75439
APSPAP_nan,0.988923
APSMAM_1.0,0.656413
APSMAM_2.0,0.595277
APSMAM_nan,0.9132
APSCOL_1.0,0.973535
APSCOL_2.0,0.95142
APSCOL_nan,0.968567
APSDIET_1.0,0.621483
APSDIET_2.0,0.299067
APSDIET_nan,0.530932
APSSMKC_1.0,0.259542
APSSMKC_2.0,0.858347
APSSMKC_nan,0.370198
AINDPRCH_1.0,0.136735
AINDPRCH_2.0,0.114358
AINDPRCH_nan,0.680178
AINDWHO_1.0,0.500398
AINDWHO_2.0,0.936605
AINDWHO_3.0,0.0848049
AINDWHO_nan,0.136735
AINDDIF1_1.0,0.357882
AINDDIF1_2.0,0.471587
AINDDIF1_3.0,0.307705
AINDDIF1_nan,0.136735
AINDDIF2_1.0,0.429629
AINDDIF2_2.0,0.0443841
AINDDIF2_3.0,0.964141
AINDDIF2_nan,0.136735
AEXCHNG_1.0,0.716398
AEXCHNG_2.0,0.86328
AEXCHNG_nan,0.717481
CLAS1_1.0,0.655996
CLAS1_2.0,0.906365
CLAS1_3.0,0.98112
CLAS1_4.0,0.229708
CLAS1_nan,0.251829
CLAS2_1.0,0.451814
CLAS2_2.0,0.296125
CLAS2_3.0,0.982047
CLAS2_4.0,0.0795361
CLAS2_nan,0.85119
CLAS3_1.0,0.820723
CLAS3_2.0,0.00787773
CLAS3_3.0,0.707559
CLAS3_4.0,
CLAS3_nan,0.235654
CLAS4_1.0,0.664807
CLAS4_2.0,0.66698
CLAS4_3.0,0.841903
CLAS4_4.0,0.00833977
CLAS4_nan,0.211384
CLAS5_1.0,0.535808
CLAS5_2.0,0.0156447
CLAS5_3.0,0.894581
CLAS5_4.0,0.278811
CLAS5_nan,0.235654
SHTTDAP2_1.0,0.402613
SHTTDAP2_2.0,0.433481
SHTTDAP2_3.0,0.152654
SHTTDAP2_nan,0.88484
WRKHLTH2_1.0,0.828606
WRKHLTH2_2.0,0.461415
WRKHLTH2_nan,0.534501
AINDINS2_1.0,0.680178
AINDINS2_2.0,0.398097
AINDINS2_nan,0.534501
ASRGNOYP_1.0,0.359726
ASRGNOYP_2.0,0.907055
ASRGNOYP_3.0,0.180404
ASRGNOYP_4.0,0.472134
ASRGNOYP_5.0,
ASRGNOYP_6.0,
ASRGNOYP_nan,0.591566
ASICPUSE_1.0,0.453992
ASICPUSE_2.0,0.522079
ASICPUSE_3.0,0.747922
ASICPUSE_4.0,0.541114
ASICPUSE_nan,0.50561
ASISATHC_1.0,0.665419
ASISATHC_2.0,0.0117123
ASISATHC_3.0,0.587154
ASISATHC_4.0,0.624723
ASISATHC_5.0,0.40272
ASISATHC_nan,0.50561
ASITENUR_1.0,0.357263
ASITENUR_2.0,0.970562
ASITENUR_3.0,0.135977
ASITENUR_4.0,0.43218
ASITENUR_5.0,0.566141
ASITENUR_nan,0.50561
ASINHELP_1.0,0.322543
ASINHELP_2.0,0.242079
ASINHELP_3.0,0.781922
ASINHELP_4.0,0.412357
ASINHELP_nan,0.903251
ASINCNTO_1.0,0.34849
ASINCNTO_2.0,0.374757
ASINCNTO_3.0,0.716
ASINCNTO_4.0,0.773406
ASINCNTO_nan,0.924657
ASINTRU_1.0,0.86669
ASINTRU_2.0,0.0883107
ASINTRU_3.0,0.274209
ASINTRU_4.0,0.11608
ASINTRU_nan,0.845766
ASINKNT_1.0,0.536357
ASINKNT_2.0,0.797108
ASINKNT_3.0,0.125271
ASINKNT_4.0,0.321836
ASINKNT_nan,0.827349
ASISIM_1.0,0.479519
ASISIM_2.0,0.196119
ASISIM_3.0,0.907916
ASISIM_4.0,0.180404
ASISIM_5.0,0.232607
ASISIM_nan,0.409452
ASISIF_1.0,0.00453922
ASISIF_2.0,0.766763
ASISIF_3.0,0.538946
ASISIF_4.0,
ASISIF_5.0,0.424943
ASISIF_nan,0.946485
ASIRETR_1.0,0.351384
ASIRETR_2.0,0.763802
ASIRETR_3.0,0.580914
ASIRETR_4.0,0.220414
ASIRETR_nan,0.477841
ASIMEDC_1.0,0.364013
ASIMEDC_2.0,0.777326
ASIMEDC_3.0,0.929915
ASIMEDC_4.0,0.167026
ASIMEDC_nan,0.513245
ASISTLV_1.0,0.317391
ASISTLV_2.0,0.800048
ASISTLV_3.0,0.934572
ASISTLV_4.0,0.944599
ASISTLV_nan,0.513245
ASICNHC_1.0,0.840013
ASICNHC_2.0,0.779102
ASICNHC_3.0,0.305651
ASICNHC_4.0,0.116314
ASICNHC_nan,0.513245
ASICCOLL_1.0,0.667824
ASICCOLL_2.0,0.0713377
ASICCOLL_3.0,0.494934
ASICCOLL_4.0,0.341162
ASICCOLL_5.0,0.472355
ASICCOLL_nan,0.513245
ASINBILL_1.0,0.697626
ASINBILL_2.0,0.198322
ASINBILL_3.0,0.85133
ASINBILL_4.0,0.828405
ASINBILL_nan,0.513245
ASIHCST_1.0,0.547386
ASIHCST_2.0,0.132194
ASIHCST_3.0,0.380912
ASIHCST_4.0,0.435397
ASIHCST_nan,0.513245
ASICCMP_1.0,0.500723
ASICCMP_2.0,0.514434
ASICCMP_3.0,0.897804
ASICCMP_4.0,0.181116
ASICCMP_5.0,0.918701
ASICCMP_nan,0.513245
ASISAD_1.0,
ASISAD_2.0,0.0967939
ASISAD_3.0,0.748161
ASISAD_4.0,0.267942
ASISAD_5.0,0.82739
ASISAD_nan,0.398593
ASINERV_1.0,0.42054
ASINERV_2.0,0.702438
ASINERV_3.0,0.840077
ASINERV_4.0,0.71532
ASINERV_5.0,0.380642
ASINERV_nan,0.398593
ASIRSTLS_1.0,0.353516
ASIRSTLS_2.0,0.698667
ASIRSTLS_3.0,0.930551
ASIRSTLS_4.0,0.728365
ASIRSTLS_5.0,0.359
ASIRSTLS_nan,0.398593
ASIHOPLS_1.0,0.180404
ASIHOPLS_2.0,0.738222
ASIHOPLS_3.0,0.288469
ASIHOPLS_4.0,0.768161
ASIHOPLS_5.0,0.277735
ASIHOPLS_nan,0.404977
ASIEFFRT_1.0,0.946046
ASIEFFRT_2.0,0.821099
ASIEFFRT_3.0,0.899885
ASIEFFRT_4.0,0.59935
ASIEFFRT_5.0,0.550591
ASIEFFRT_nan,0.404977
ASIWTHLS_1.0,0.25357
ASIWTHLS_2.0,0.373569
ASIWTHLS_3.0,0.239116
ASIWTHLS_4.0,0.949672
ASIWTHLS_5.0,0.379266
ASIWTHLS_nan,0.421088
ASIMUCH_1.0,0.553623
ASIMUCH_2.0,0.594471
ASIMUCH_3.0,0.799638
ASIMUCH_4.0,0.366946
ASIMUCH_nan,0.364764
ASIHIVT_1.0,0.110128
ASIHIVT_2.0,0.0139437
ASIHIVT_nan,0.438045
ASIHIVWN_1.0,0.0144239
ASIHIVWN_2.0,0.602127
ASIHIVWN_3.0,
ASIHIVWN_4.0,
ASIHIVWN_5.0,
ASIHIVWN_6.0,0.146481
ASIHIVWN_nan,0.0100753
AWEBUSE_1.0,0.663695
AWEBUSE_2.0,0.400488
AWEBUSE_nan,0.427442
AWEBOFTP_1.0,0.507371
AWEBOFTP_2.0,0.81057
AWEBOFTP_3.0,0.187002
AWEBOFTP_4.0,0.412926
AWEBOFTP_nan,0.836741
AWEBEML_1.0,0.691639
AWEBEML_2.0,0.437124
AWEBEML_nan,0.427442
AWEBMTP_1.0,0.21816
AWEBMTP_2.0,0.619628
AWEBMTP_3.0,0.617754
AWEBMTP_4.0,
AWEBMTP_nan,0.329397
NAT-USM1_1.0,0.612893
NAT-USM1_2.0,0.441746
NAT-USM1_nan,0.386228
CHE-USM1_1.0,
CHE-USM1_2.0,0.427442
CHE-USM1_nan,0.427442
TRD-USM1_1.0,0.890268
TRD-USM1_2.0,0.437813
TRD-USM1_nan,0.427442
TR-USM21_1.0,0.146481
TR-USM21_2.0,0.617754
TR-USM21_nan,0.890268
TR-USM22_1.0,
TR-USM22_2.0,0.890268
TR-USM22_nan,0.890268
TR-USM23_1.0,0.682621
TR-USM23_2.0,0.738222
TR-USM23_nan,0.890268
TR-USM24_1.0,
TR-USM24_2.0,0.890268
TR-USM24_nan,0.890268
TR-USM25_1.0,
TR-USM25_2.0,0.890268
TR-USM25_nan,0.890268
TR-USM26_1.0,0.724049
TR-USM26_2.0,0.460758
TR-USM26_nan,0.890268
HOM-USM1_1.0,0.6563
HOM-USM1_2.0,0.366102
HOM-USM1_nan,0.427442
MBO-MAN1_1.0,0.763891
MBO-MAN1_2.0,0.484578
MBO-MAN1_nan,0.427442
MBO-MND1_1.0,0.966726
MBO-MND1_2.0,0.413926
MBO-MND1_nan,0.427442
MBO-SPR1_1.0,0.419512
MBO-SPR1_2.0,0.6909
MBO-SPR1_nan,0.427442
MBO-IMG1_1.0,0.307056
MBO-IMG1_2.0,0.534
MBO-IMG1_nan,0.386228
MBO-PRO1_1.0,0.280904
MBO-PRO1_2.0,0.565996
MBO-PRO1_nan,0.347522
YTQU-YG1_1.0,0.169476
YTQU-YG1_2.0,0.98897
YTQU-YG1_nan,0.427442
YTQ-BTY1_1.0,0.246604
YTQ-BTY1_2.0,0.427008
YTQ-BTY1_nan,0.169476
YTQ-MDY1_1.0,0.998971
YTQ-MDY1_2.0,0.0551819
YTQ-MDY1_nan,0.169476
YTQU-TA1_1.0,0.348263
YTQU-TA1_2.0,0.540679
YTQU-TA1_nan,0.427442
YTQ-BTT1_1.0,0.324671
YTQ-BTT1_2.0,0.936605
YTQ-BTT1_nan,0.348263
YTQ-MDT1_1.0,0.293499
YTQ-MDT1_2.0,0.910375
YTQ-MDT1_nan,0.348263
YTQU-QG1_1.0,0.464236
YTQU-QG1_2.0,0.368399
YTQU-QG1_nan,0.427442
YTQ-BTQ1_1.0,0.523519
YTQ-BTQ1_2.0,0.719497
YTQ-BTQ1_nan,0.464236
YTQ-MDQ1_1.0,0.96599
YTQ-MDQ1_2.0,0.285866
YTQ-MDQ1_nan,0.464236
ACPTCHLD,8.79721e-06
REJ-PER,1.11248e-05
REJ-FAM,1.187e-05
ACPT-PER,0.0110273
ACPT-FAM,5.93787e-15
SRVY-YR,
HHX,0.0122153
WTIA-HH,0.00448179
WTFA-HH,3.68316e-06
PSTRAT,0.0716573
PPSU,0.962669
FINT-Y-P,0.357011
FMX,8.0275e-09
WRKCELN,0.140221
WTFA-FAM,0.00221773
FM-KIDS,5.11181e-06
FM-ELDR,7.40608e-23
F10DVCT,0.0197823
FDMEDCT,1.17261e-34
FHCDVCT,0.000493443
FHCHMCT,0.00226982
FHCPHRCT,0.336242
FHOSP2CT,1.66029e-06
FNMEDCT,2.41779e-38
FSSKDAYS,0.135149
FSNEDAYS,
FHDSTCT,7.59115e-24
FDGLWCT1,1.039e-07
FDGLWCT2,2.25221e-29
FWRKLWCT,4.91671e-68
FCHLMCT,0.252184
FSPEDCT,0.012641
FLIADLCT,2.15263e-13
FWKLIMCT,1.24237e-47
FWALKCT,1.41924e-10
FREMEMCT,1.43092e-11
FANYLCT,1.78241e-37
FHSTATEX,6.61087e-14
FHSTATVG,1.58135e-06
FHSTATG,4.79102e-31
FHSTATFR,5.12962e-32
FHSTATPR,1.58421e-09
FLAADLCT,6.46846e-05
FSNAPMYR,0.0783867
FSALCT,4.31621e-05
FSEINCCT,0.457107
FSSRRCT,5.67469e-60
FPENSCT,0.00498182
FOPENSCT,3.32717e-14
FSSICT,8.73612e-20
FTANFCT,1.0576e-12
FOWBENCT,9.32029e-12
FINTR1CT,5.1683e-70
FDIVDCT,4.58561e-49
FCHSPCT,4.71386e-05
FINCOTCT,1.56162e-07
FSSAPLCT,7.65142e-37
FSDAPLCT,6.01589e-38
FWICCT,1.16728e-28
FHIPRVCT,1.33988e-152
FHISINCT,7.57268e-89
FHICARCT,1.32693e-39
FHICADCT,4.12806e-144
FHICHPCT,0.00119149
FHIMILCT,0.38069
FHIPUBCT,0.00279314
FHIOGVCT,0.00526853
FHIIHSCT,0.00013327
FHIEXCT,7.79722e-09
FHICOVCT,8.91861e-15
FHIEBCCT,3.36787e-55
FPX,2.67473e-81
FSPOUS2,0.625152
FCOHAB3,0.535827
AGE-P,2.67767e-93
FMOTHER1,4.91356e-84
FFATHER1,6.95137e-72
WTIA,6.65747e-05
WTFA,0.88379
LATIME1,
LATIME2,
LATIME3,0.574141
LATIME4,0.969785
LATIME5,
LATIME6,
LATIME7,
LATIME8,
LATIME9,
LATIME10,
LATIME11,
LATIME12,
LATIME13,
LATIME15,
LATIME16,
LATIME17,0.418852
LATIME18,
LCTIME1,
LCTIME2,
LCTIME3,
LCTIME4,
LCTIME5,
LCTIME6,
LCTIME8,
LCTIME9,
LCTIME10,
LCTIME11,
LCTIME12,
LCTIME13,
LCTIME90,
LCTIME91,
LATIME19,
LATIME20,
LATIME21,
LATIME22,
LATIME23,
LATIME24,
LATIME25,
LATIME26,
LATIME27,
LATIME28,
LATIME29,
LATIME30,
LATIME31,
LATIME32,
LATIME33,
LATIME34,
LAUNIT24,
LAUNIT32,
LATIME90,
LATIME91,
LCDURA2,
LCDURA3,
LCDURA4,
LCDURA5,
LCDURA6,
LCDURA8,
LCDURA9,
LCDURA10,
LCDURA11,
LCDURA12,
LCDURA13,
LCDURA90,
LCDURA91,
LADURA1,
LADURA2,
LADURA3,0.997668
LADURA4,0.938933
LADURA5,
LADURA6,
LADURA7,
LADURA8,
LADURA9,
LADURA10,
LADURA11,
LADURA12,
LADURA13,
LADURA15,
LADURA16,
LADURA17,0.244025
LADURA18,
LADURA19,
LADURA20,
LADURA21,
LADURA22,
LADURA23,
LADURA24,
LADURA25,
LADURA26,
LADURA27,
LADURA28,
LADURA29,
LADURA30,
LADURA31,
LADURA32,
LADURA33,
LADURA34,
LADURA90,
LADURA91,
LTIME14A,
LDURA14A,
LCTIME7A,
LCDURA7A,
TANFMYR,
HINOTMYR,0.00028568
HICOSTR1,0.000468238
HICOSTR2,0.00353355
WRKHRS2,0.0
WRKMYR,0.0
WTIA-SA,1.00744e-05
WTFA-SA,0.0515629
LOCALL1B,8.70819e-13
YRSWRKPA,3.47199e-73
DIFAGE2,0.021342
HYBPCKNO,0.118922
CLCKNO,0.00578683
CANAGE1,
CANAGE2,
CANAGE3,
CANAGE4,
CANAGE5,
CANAGE6,
CANAGE7,
CANAGE8,
CANAGE9,
CANAGE10,
CANAGE11,
CANAGE12,
CANAGE13,
CANAGE14,
CANAGE15,
CANAGE16,
CANAGE17,
CANAGE18,
CANAGE19,
CANAGE20,
CANAGE21,
CANAGE22,
CANAGE23,
CANAGE24,
CANAGE25,
CANAGE26,
CANAGE27,
CANAGE28,
CANAGE29,
CANAGE30,
DIBAGE1,0.614077
ADURA14A,
ALDURA1,
ALDURA10,
ALDURA11,
ALDURA12,
ALDURA13,
ALDURA15,
ALDURA16,
ALDURA17,
ALDURA18,
ALDURA19,
ALDURA2,
ALDURA20,0.0726976
ALDURA21,
ALDURA22,
ALDURA23,
ALDURA24,
ALDURA25,
ALDURA26,
ALDURA27,
ALDURA28,
ALDURA29,
ALDURA3,0.952244
ALDURA30,
ALDURA31,
ALDURA32,
ALDURA33,
ALDURA34,
ALDURA4,0.050813
ALDURA5,0.609365
ALDURA6,
ALDURA7,
ALDURA8,
ALDURA9,
ALDURA90,
ALDURA91,
ALTIME1,
ALTIME10,
ALTIME11,
ALTIME12,
ALTIME13,
ALTIME15,
ALTIME16,
ALTIME17,
ALTIME18,
ALTIME19,
ALTIME2,
ALTIME20,0.31822
ALTIME21,
ALTIME22,
ALTIME23,
ALTIME24,
ALTIME25,
ALTIME26,
ALTIME27,
ALTIME28,
ALTIME29,
ALTIME3,0.549138
ALTIME30,
ALTIME31,
ALTIME32,
ALTIME33,
ALTIME34,
ALTIME4,0.00611558
ALTIME5,0.893523
ALTIME6,
ALTIME7,
ALTIME8,
ALTIME9,
ALTIME90,
ALTIME91,
BEDDAYR,0.000765418
WKDAYR,0.00979993
ALC12MNO,0.641127
ALC5UPN1,0.344059
ALC5UPY1,0.282931
ALCAMT,6.2566e-06
BINGE1,0.265665
CIG30D2,0.00106358
CIGDAMO,0.602796
CIGSDA1,0.164857
CIGSDA2,0.424181
ECIG30D2,0.123825
MODLNGNO,0.249758
MODNO,0.301259
SMKQTNO,0.268367
SMKREG,0.306881
STRNGNO,0.46793
VIGLNGNO,0.926774
VIGNO,0.496882
SMKQTY,0.848274
CIGSDAY,0.598414
VIGFREQW,1.45337e-31
MODFREQW,1.8732e-10
STRFREQW,9.66203e-24
VIGMIN,0.000102671
MODMIN,0.0122132
ALC12MWK,7.95268e-08
ALC12MYR,2.33948e-08
AHEIGHT,1.86679e-09
AWEIGHTP,0.9429
BMI,0.409359
FLUVAC-Y,0.352447
SHEPDOS,0.850395
AHPVAGE,0.523852
ASISLEEP,4.46165e-05
ASISLPFL,0.000174395
ASISLPST,0.347758
ASISLPMD,0.126838
ASIREST,0.0018971
AWEBOFNO,0.254164
AWEBMNO,0.585496
