INTV-QRT_1,0.88064
INTV-QRT_2,0.674248
INTV-QRT_3,0.410774
INTV-QRT_4,0.610739
INTV-MON_1,0.665321
INTV-MON_10,0.953588
INTV-MON_11,0.267285
INTV-MON_12,0.322886
INTV-MON_2,0.933285
INTV-MON_3,0.629332
INTV-MON_4,0.892359
INTV-MON_5,0.4053
INTV-MON_6,0.965986
INTV-MON_7,0.716507
INTV-MON_8,0.659821
INTV-MON_9,0.842939
LIVQRT_1.0,0.484522
LIVQRT_11.0,0.754427
LIVQRT_12.0,
LIVQRT_2.0,0.767505
LIVQRT_4.0,
LIVQRT_5.0,0.461297
LIVQRT_6.0,0.973784
LIVQRT_7.0,
LIVQRT_8.0,0.775529
LIVQRT_nan,0.790597
NON-INTV_nan,
RECTYPE_10,
REGION_1,0.991545
REGION_2,0.577698
REGION_3,0.570426
REGION_4,0.116984
FINT-M-P_1,0.718941
FINT-M-P_10,0.927928
FINT-M-P_11,0.183032
FINT-M-P_12,0.321981
FINT-M-P_2,0.960132
FINT-M-P_3,0.772969
FINT-M-P_4,0.848201
FINT-M-P_5,0.389849
FINT-M-P_6,0.83716
FINT-M-P_7,0.709416
FINT-M-P_8,0.438922
FINT-M-P_9,0.842653
FM-SIZE_1,0.838368
FM-SIZE_10,
FM-SIZE_12,
FM-SIZE_13,
FM-SIZE_14,
FM-SIZE_2,0.948471
FM-SIZE_3,0.648758
FM-SIZE_4,0.186264
FM-SIZE_5,0.649121
FM-SIZE_6,0.0137843
FM-SIZE_7,0.0804118
FM-SIZE_8,0.192455
FM-SIZE_9,0.780514
FM-STRCP_11.0,0.719393
FM-STRCP_12.0,0.817842
FM-STRCP_21.0,0.577441
FM-STRCP_22.0,0.198099
FM-STRCP_23.0,0.941274
FM-STRCP_31.0,0.178795
FM-STRCP_32.0,0.789822
FM-STRCP_33.0,0.141653
FM-STRCP_41.0,0.612235
FM-STRCP_42.0,0.307779
FM-STRCP_43.0,0.948169
FM-STRCP_44.0,0.061128
FM-STRCP_45.0,0.717836
FM-STRCP_nan,0.101397
FM-TYPE_1,0.838368
FM-TYPE_2,0.819412
FM-TYPE_3,0.446768
FM-TYPE_4,0.774693
FM-STRP_11.0,0.719393
FM-STRP_12.0,0.817842
FM-STRP_21.0,0.577441
FM-STRP_22.0,0.198099
FM-STRP_23.0,0.941274
FM-STRP_31.0,0.178795
FM-STRP_32.0,0.789822
FM-STRP_33.0,0.141653
FM-STRP_41.0,0.602336
FM-STRP_42.0,0.728657
FM-STRP_43.0,0.307779
FM-STRP_44.0,0.061128
FM-STRP_45.0,0.717836
FM-STRP_nan,0.101397
TELN-FLG_1.0,0.76075
TELN-FLG_2.0,0.640253
TELN-FLG_nan,0.773113
CURWRKN_1.0,0.876927
CURWRKN_2.0,0.831082
CURWRKN_nan,0.769237
TELCELN_1.0,0.229612
TELCELN_2.0,0.343598
TELCELN_nan,0.493537
PHONEUSE_1.0,0.210619
PHONEUSE_2.0,0.159931
PHONEUSE_3.0,0.498534
PHONEUSE_nan,0.781861
FLNGINTV_1.0,0.214726
FLNGINTV_2.0,0.440904
FLNGINTV_3.0,0.073402
FLNGINTV_4.0,0.131213
FLNGINTV_nan,0.697917
FM-EDUC1_1.0,0.823155
FM-EDUC1_2.0,0.32539
FM-EDUC1_3.0,0.21476
FM-EDUC1_4.0,0.300687
FM-EDUC1_5.0,0.299097
FM-EDUC1_6.0,0.475255
FM-EDUC1_nan,0.245573
F10DVYN_1.0,0.821308
F10DVYN_2.0,0.754064
F10DVYN_nan,0.661531
FDMEDYN_1.0,0.775218
FDMEDYN_2.0,0.775218
FDMEDYN_nan,
FHCDVYN_1.0,0.572473
FHCDVYN_2.0,0.595944
FHCDVYN_nan,0.582297
FHCHMYN_1.0,0.951374
FHCHMYN_2.0,0.951374
FHCHMYN_nan,
FHCPHRYN_1.0,0.700854
FHCPHRYN_2.0,0.659002
FHCPHRYN_nan,0.794947
FHOSP2YN_1.0,0.0256052
FHOSP2YN_2.0,0.0256052
FHOSP2YN_nan,
FNMEDYN_1.0,0.615246
FNMEDYN_2.0,0.615246
FNMEDYN_nan,
FSRUNOUT_1.0,0.867462
FSRUNOUT_2.0,0.151667
FSRUNOUT_3.0,0.384159
FSRUNOUT_nan,
FSLAST_1.0,0.0553666
FSLAST_2.0,0.351557
FSLAST_3.0,0.311376
FSLAST_nan,
FSBALANC_1.0,0.119068
FSBALANC_2.0,0.273229
FSBALANC_3.0,0.377713
FSBALANC_nan,0.939127
FSSKIP_1.0,0.942998
FSSKIP_2.0,0.215981
FSSKIP_nan,0.502188
FSLESS_1.0,0.538404
FSLESS_2.0,0.430294
FSLESS_nan,0.502188
FSHUNGRY_1.0,0.159966
FSHUNGRY_2.0,0.293668
FSHUNGRY_nan,0.502188
FSWEIGHT_1.0,0.83216
FSWEIGHT_2.0,0.273958
FSWEIGHT_nan,0.444441
FSNOTEAT_1.0,0.312225
FSNOTEAT_2.0,0.732137
FSNOTEAT_nan,0.931772
FCHLMYN_1.0,0.829472
FCHLMYN_2.0,0.569006
FCHLMYN_nan,0.632473
FSPEDYN_1.0,0.456882
FSPEDYN_2.0,0.932591
FSPEDYN_nan,0.956639
FLAADLYN_1,0.752906
FLAADLYN_2,0.752906
FLIADLYN_1,0.962485
FLIADLYN_2,0.962485
FWKLIMYN_1.0,0.442557
FWKLIMYN_2.0,0.442557
FWKLIMYN_nan,
FWALKYN_1,0.774362
FWALKYN_2,0.774362
FREMEMYN_1,0.454104
FREMEMYN_2,0.454104
FANYLYN_1.0,0.205494
FANYLYN_2.0,0.205494
FANYLYN_nan,
FGAH_1.0,0.00834972
FGAH_2.0,0.899724
FGAH_nan,0.926946
HOUSEOWN_1.0,0.817833
HOUSEOWN_2.0,0.926946
HOUSEOWN_3.0,0.653291
HOUSEOWN_nan,0.258711
FSNAP_1.0,0.317028
FSNAP_2.0,0.320614
FSNAP_nan,0.235501
INCGRP4_1.0,0.0426221
INCGRP4_2.0,0.400869
INCGRP4_3.0,0.381786
INCGRP4_4.0,0.713287
INCGRP4_5.0,0.511521
INCGRP4_6.0,0.000668252
INCGRP4_7.0,0.161271
INCGRP4_96.0,0.932401
INCGRP4_nan,0.467412
INCGRP5_1.0,0.0426221
INCGRP5_2.0,0.124486
INCGRP5_3.0,0.713287
INCGRP5_4.0,0.511521
INCGRP5_96.0,0.256155
INCGRP5_nan,0.467412
RAT-CAT4_1.0,0.606527
RAT-CAT4_10.0,0.56752
RAT-CAT4_11.0,0.841599
RAT-CAT4_12.0,0.622692
RAT-CAT4_13.0,0.7448
RAT-CAT4_14.0,0.571707
RAT-CAT4_15.0,
RAT-CAT4_16.0,0.0814246
RAT-CAT4_17.0,0.198364
RAT-CAT4_2.0,0.207074
RAT-CAT4_3.0,0.242482
RAT-CAT4_4.0,0.0798511
RAT-CAT4_5.0,0.853332
RAT-CAT4_6.0,0.406357
RAT-CAT4_7.0,0.64829
RAT-CAT4_8.0,0.468811
RAT-CAT4_9.0,0.787463
RAT-CAT4_96.0,0.391417
RAT-CAT4_nan,0.467412
RAT-CAT5_1.0,0.606527
RAT-CAT5_10.0,0.56752
RAT-CAT5_11.0,0.841599
RAT-CAT5_12.0,0.622692
RAT-CAT5_13.0,0.7448
RAT-CAT5_14.0,0.571707
RAT-CAT5_15.0,
RAT-CAT5_16.0,0.0814246
RAT-CAT5_17.0,0.830661
RAT-CAT5_18.0,0.0369242
RAT-CAT5_2.0,0.207074
RAT-CAT5_3.0,0.242482
RAT-CAT5_4.0,0.0798511
RAT-CAT5_5.0,0.853332
RAT-CAT5_6.0,0.406357
RAT-CAT5_7.0,0.64829
RAT-CAT5_8.0,0.468811
RAT-CAT5_9.0,0.787463
RAT-CAT5_96.0,0.150866
RAT-CAT5_nan,0.467412
FSALYN_1.0,0.881979
FSALYN_2.0,0.881979
FSALYN_nan,
FSEINCYN_1.0,0.851862
FSEINCYN_2.0,0.837892
FSEINCYN_nan,0.939127
FSSRRYN_1.0,0.322804
FSSRRYN_2.0,0.291657
FSSRRYN_nan,0.697917
FPENSYN_1.0,0.344404
FPENSYN_2.0,0.411185
FPENSYN_nan,0.258711
FOPENSYN_1.0,0.410964
FOPENSYN_2.0,0.410964
FOPENSYN_nan,
FSSIYN_1.0,0.0637659
FSSIYN_2.0,0.209555
FSSIYN_nan,0.186055
FTANFYN_1.0,0.0817
FTANFYN_2.0,0.0817
FTANFYN_nan,
FOWBENYN_1.0,0.344465
FOWBENYN_2.0,0.412981
FOWBENYN_nan,0.767505
FINTR1YN_1.0,0.799874
FINTR1YN_2.0,0.757724
FINTR1YN_nan,0.364613
FDIVDYN_1.0,0.958386
FDIVDYN_2.0,0.966478
FDIVDYN_nan,0.847286
FCHSPYN_1.0,0.57472
FCHSPYN_2.0,0.57472
FCHSPYN_nan,
FINCOTYN_1.0,0.469243
FINCOTYN_2.0,0.475271
FINCOTYN_nan,0.21641
FSSAPLYN_1.0,0.843501
FSSAPLYN_2.0,0.818885
FSSAPLYN_nan,0.808088
FSDAPLYN_1.0,0.761513
FSDAPLYN_2.0,0.702929
FSDAPLYN_nan,0.264235
FWICYN_1.0,0.35747
FWICYN_2.0,0.52606
FWICYN_nan,0.57243
COVCONF_1.0,0.433722
COVCONF_2.0,0.252836
COVCONF_3.0,0.845753
COVCONF_4.0,0.47151
COVCONF_nan,0.439406
FHICOST_0.0,0.992681
FHICOST_1.0,0.6451
FHICOST_2.0,0.499057
FHICOST_3.0,0.304662
FHICOST_4.0,0.123904
FHICOST_5.0,0.0789325
FHICOST_nan,0.356528
FMEDBILL_1.0,0.445267
FMEDBILL_2.0,0.369376
FMEDBILL_nan,0.340181
FMEDBPAY_1.0,0.951873
FMEDBPAY_2.0,0.967146
FMEDBPAY_nan,0.119762
FMEDBNOP_1.0,0.288468
FMEDBNOP_2.0,0.186283
FMEDBNOP_nan,0.422041
FSAF_1.0,0.360311
FSAF_2.0,0.324673
FSAF_nan,0.467216
FHICOVYN_1.0,0.419444
FHICOVYN_2.0,0.439906
FHICOVYN_nan,0.224209
FPRCOOH_1.0,0.0402705
FPRCOOH_2.0,0.622889
FPRCOOH_nan,0.325468
AGE-CHG_nan,
SEX_1,0.45842
SEX_2,0.45842
NOWAF_1.0,0.149513
NOWAF_2.0,0.853831
NOWAF_nan,0.824058
COHAB1_1.0,0.0859838
COHAB1_2.0,0.928916
COHAB1_nan,0.310776
COHAB2_1.0,
COHAB2_2.0,0.22966
COHAB2_3.0,0.0237762
COHAB2_4.0,0.865511
COHAB2_nan,0.0859838
ASTATFLG_0.0,0.0319135
ASTATFLG_1.0,0.0781044
ASTATFLG_2.0,0.359129
ASTATFLG_4.0,0.149513
CSTATFLG_nan,
RRP_1.0,0.0950951
RRP_10.0,0.258711
RRP_11.0,0.32638
RRP_12.0,0.758026
RRP_13.0,0.482415
RRP_14.0,0.603343
RRP_15.0,0.767505
RRP_2.0,0.242381
RRP_3.0,0.28631
RRP_4.0,0.564809
RRP_5.0,0.124362
RRP_6.0,0.119716
RRP_7.0,0.0545001
RRP_8.0,0.83485
RRP_9.0,
RRP_nan,
FRRP_1,0.187723
FRRP_10,0.258711
FRRP_11,0.32638
FRRP_12,0.758026
FRRP_2,0.242381
FRRP_3,0.28631
FRRP_4,0.564809
FRRP_5,0.124362
FRRP_6,0.119716
FRRP_7,0.0545001
FRRP_8,0.83485
FRRP_9,
ORIGIN-I_1,0.120865
ORIGIN-I_2,0.120865
HISPAN-I_0,0.433187
HISPAN-I_1,0.766981
HISPAN-I_12,0.120865
HISPAN-I_2,0.243406
HISPAN-I_3,0.276347
HISPAN-I_4,0.747903
HISPAN-I_5,0.88597
HISPAN-I_6,0.161868
HISPAN-I_7,0.113493
HISPAN-I_8,0.734066
RACRECI3_1,0.960078
RACRECI3_2,0.717138
RACRECI3_3,0.682665
RACRECI3_4,0.593193
QCADULT_1.0,0.101397
QCADULT_nan,0.101397
QCCHILD_nan,
R-MARITL_1.0,0.0949964
R-MARITL_2.0,0.29913
R-MARITL_4.0,0.526549
R-MARITL_5.0,0.783694
R-MARITL_6.0,0.867801
R-MARITL_nan,0.416833
MRACRPI2_1,0.960078
MRACRPI2_10,0.671437
MRACRPI2_11,0.459014
MRACRPI2_15,0.110491
MRACRPI2_16,0.885286
MRACRPI2_17,
MRACRPI2_2,0.717138
MRACRPI2_3,0.315209
MRACRPI2_9,0.703603
RACERPI2_1,0.965438
RACERPI2_2,0.76958
RACERPI2_3,0.195441
RACERPI2_4,0.69679
RACERPI2_5,0.885286
RACERPI2_6,0.456779
HISCODI3_1,0.120865
HISCODI3_2,0.543026
HISCODI3_3,0.645121
HISCODI3_4,0.772682
HISCODI3_5,0.616111
MRACBPI2_1,0.977857
MRACBPI2_12,0.703603
MRACBPI2_16,0.0899827
MRACBPI2_17,
MRACBPI2_2,0.717057
MRACBPI2_3,0.233869
MRACBPI2_6,0.671437
MRACBPI2_7,0.269513
HHREFLG_P,0.0950951
HHREFLG_nan,0.0950951
FMREFLG_P,0.187723
FMREFLG_nan,0.187723
FMRPFLG_B,0.228131
FMRPFLG_nan,0.228131
PARENTS_1,0.476183
PARENTS_2,0.525305
PARENTS_3,0.900361
PARENTS_4,0.943749
DAD-DEGP_1.0,0.987363
DAD-DEGP_2.0,0.0761513
DAD-DEGP_3.0,0.675617
DAD-DEGP_nan,0.909189
MOM-DEGP_1.0,0.74848
MOM-DEGP_2.0,
MOM-DEGP_3.0,0.796451
MOM-DEGP_nan,0.86318
SIB-DEGP_1.0,0.83485
SIB-DEGP_2.0,
SIB-DEGP_3.0,
SIB-DEGP_4.0,
SIB-DEGP_nan,0.83485
CDCMSTAT_1.0,0.782282
CDCMSTAT_2.0,0.124031
CDCMSTAT_3.0,0.154756
CDCMSTAT_4.0,0.390414
CDCMSTAT_5.0,0.46044
CDCMSTAT_nan,
DAD-ED_nan,
MOM-ED_nan,
FDRN-FLG_1,0.461203
FDRN-FLG_2,0.461203
PDMED12M_1.0,0.806247
PDMED12M_2.0,0.806247
PDMED12M_nan,
PNMED12M_1.0,0.72637
PNMED12M_2.0,0.72637
PNMED12M_nan,
PHOSPYR2_1.0,0.457482
PHOSPYR2_2.0,0.457482
PHOSPYR2_nan,
HOSPNO_1.0,0.527386
HOSPNO_10.0,
HOSPNO_14.0,
HOSPNO_2.0,0.881023
HOSPNO_3.0,0.388334
HOSPNO_4.0,0.939127
HOSPNO_5.0,
HOSPNO_6.0,
HOSPNO_9.0,
HOSPNO_nan,0.457482
HPNITE_1.0,0.666716
HPNITE_10.0,0.00545567
HPNITE_11.0,
HPNITE_12.0,0.54629
HPNITE_13.0,
HPNITE_14.0,0.113493
HPNITE_15.0,0.939127
HPNITE_16.0,
HPNITE_17.0,0.715577
HPNITE_2.0,0.624984
HPNITE_20.0,0.258711
HPNITE_21.0,
HPNITE_23.0,0.794947
HPNITE_24.0,
HPNITE_25.0,
HPNITE_28.0,
HPNITE_3.0,0.466058
HPNITE_30.0,0.378207
HPNITE_4.0,0.799695
HPNITE_44.0,
HPNITE_49.0,
HPNITE_5.0,0.341382
HPNITE_6.0,0.419828
HPNITE_63.0,
HPNITE_68.0,0.939127
HPNITE_7.0,0.939127
HPNITE_8.0,0.51417
HPNITE_9.0,
HPNITE_999.0,
HPNITE_nan,0.457482
PHCHM2W_1.0,0.840292
PHCHM2W_2.0,0.840292
PHCHM2W_nan,
PHCHMN2W_1.0,
PHCHMN2W_14.0,
PHCHMN2W_2.0,0.715057
PHCHMN2W_3.0,
PHCHMN2W_4.0,0.767505
PHCHMN2W_6.0,0.939127
PHCHMN2W_nan,0.840292
PHCPH2WR_1.0,0.585831
PHCPH2WR_2.0,0.513449
PHCPH2WR_nan,0.794947
PHCPHN2W_1.0,0.647115
PHCPHN2W_10.0,
PHCPHN2W_12.0,
PHCPHN2W_14.0,0.113493
PHCPHN2W_15.0,
PHCPHN2W_2.0,0.634696
PHCPHN2W_20.0,
PHCPHN2W_3.0,0.687495
PHCPHN2W_4.0,0.387711
PHCPHN2W_5.0,0.299747
PHCPHN2W_6.0,0.282596
PHCPHN2W_8.0,
PHCPHN2W_9.0,
PHCPHN2W_nan,0.485807
PHCDV2W_1.0,0.801983
PHCDV2W_2.0,0.831763
PHCDV2W_nan,0.582297
PHCDVN2W_1.0,0.920536
PHCDVN2W_10.0,0.715577
PHCDVN2W_11.0,
PHCDVN2W_14.0,
PHCDVN2W_2.0,0.497904
PHCDVN2W_3.0,0.803764
PHCDVN2W_4.0,0.701597
PHCDVN2W_5.0,0.113493
PHCDVN2W_6.0,0.104395
PHCDVN2W_7.0,0.939127
PHCDVN2W_8.0,
PHCDVN2W_9.0,
PHCDVN2W_nan,0.803302
P10DVYR_1.0,0.801432
P10DVYR_2.0,0.761676
P10DVYR_nan,0.661531
PLAPLYLM_nan,
PLAPLYUN_nan,
PSPEDEIS_nan,
PSPEDEM_nan,
PLAADL_1.0,0.589893
PLAADL_2.0,0.589893
LABATH_1.0,0.592993
LABATH_2.0,0.155102
LABATH_nan,0.476784
LADRESS_1.0,0.54629
LADRESS_2.0,0.479709
LADRESS_nan,0.589893
LAEAT_1.0,0.939127
LAEAT_2.0,0.516855
LAEAT_nan,0.589893
LABED_1.0,
LABED_2.0,0.589893
LABED_nan,0.589893
LATOILT_1.0,
LATOILT_2.0,0.589893
LATOILT_nan,0.589893
LAHOME_1.0,0.939127
LAHOME_2.0,0.516855
LAHOME_nan,0.589893
PLAIADL_1.0,0.59597
PLAIADL_2.0,0.59597
PLAWKNOW_1.0,0.444685
PLAWKNOW_2.0,0.444685
PLAWKNOW_nan,
PLAWKLIM_0.0,0.444685
PLAWKLIM_1.0,0.751814
PLAWKLIM_2.0,0.231225
PLAWKLIM_nan,
PLAWALK_1,0.983464
PLAWALK_2,0.983464
PLAREMEM_1,0.0945402
PLAREMEM_2,0.0945402
PLIMANY_0.0,0.489875
PLIMANY_1.0,0.460585
PLIMANY_2.0,0.496154
PLIMANY_nan,
LAHCC1_nan,
LAHCC2_nan,
LAHCC3_nan,
LAHCC4_nan,
LAHCC5_nan,
LAHCC6_nan,
LAHCC8_nan,
LAHCC9_nan,
LAHCC10_nan,
LAHCC11_nan,
LAHCC12_nan,
LAHCC13_nan,
LAHCC90_nan,
LAHCC91_nan,
LAHCA1_1.0,0.849747
LAHCA1_2.0,0.50337
LAHCA1_nan,0.411187
LAHCA2_1.0,0.756192
LAHCA2_2.0,0.347519
LAHCA2_nan,0.411187
LAHCA3_1.0,0.0495485
LAHCA3_2.0,0.494648
LAHCA3_nan,0.411187
LAHCA4_1.0,0.323823
LAHCA4_2.0,0.219949
LAHCA4_nan,0.411187
LAHCA5_1.0,0.470206
LAHCA5_2.0,0.704476
LAHCA5_nan,0.411187
LAHCA6_1.0,0.119762
LAHCA6_2.0,0.432009
LAHCA6_nan,0.411187
LAHCA7_1.0,0.378207
LAHCA7_2.0,0.39999
LAHCA7_nan,0.411187
LAHCA8_1.0,0.537347
LAHCA8_2.0,0.511464
LAHCA8_nan,0.411187
LAHCA9_1.0,0.54629
LAHCA9_2.0,0.453162
LAHCA9_nan,0.411187
LAHCA10_1.0,0.485425
LAHCA10_2.0,0.397212
LAHCA10_nan,0.411187
LAHCA11_1.0,0.767585
LAHCA11_2.0,0.370444
LAHCA11_nan,0.411187
LAHCA12_1.0,0.620808
LAHCA12_2.0,0.244813
LAHCA12_nan,0.411187
LAHCA13_1.0,0.235501
LAHCA13_2.0,0.602709
LAHCA13_nan,0.411187
LAHCA15_1.0,0.596189
LAHCA15_2.0,0.470109
LAHCA15_nan,0.411187
LAHCA16_1.0,0.110065
LAHCA16_2.0,0.423397
LAHCA16_nan,0.411187
LAHCA17_1.0,0.604009
LAHCA17_2.0,0.538538
LAHCA17_nan,0.411187
LAHCA18_1.0,
LAHCA18_2.0,0.411187
LAHCA18_nan,0.411187
PHSTAT_1.0,0.356379
PHSTAT_2.0,0.785795
PHSTAT_3.0,0.115859
PHSTAT_4.0,0.943692
PHSTAT_5.0,0.950827
PHSTAT_nan,0.119762
LAUNIT1_3.0,
LAUNIT1_4.0,0.849747
LAUNIT1_6.0,
LAUNIT1_nan,0.849747
LAUNIT2_3.0,
LAUNIT2_4.0,0.83884
LAUNIT2_6.0,0.113493
LAUNIT2_nan,0.756192
LAUNIT3_3.0,
LAUNIT3_4.0,0.0495485
LAUNIT3_nan,0.0495485
LAUNIT4_2.0,
LAUNIT4_3.0,
LAUNIT4_4.0,0.201462
LAUNIT4_6.0,0.258711
LAUNIT4_nan,0.323823
LAUNIT5_2.0,
LAUNIT5_3.0,0.113493
LAUNIT5_4.0,0.695505
LAUNIT5_6.0,
LAUNIT5_nan,0.470206
LAUNIT6_2.0,
LAUNIT6_3.0,
LAUNIT6_4.0,0.119762
LAUNIT6_nan,0.119762
LAUNIT7_3.0,
LAUNIT7_4.0,
LAUNIT7_6.0,0.378207
LAUNIT7_nan,0.378207
LAUNIT8_2.0,0.378207
LAUNIT8_3.0,
LAUNIT8_4.0,0.436901
LAUNIT8_nan,0.537347
LAUNIT9_3.0,
LAUNIT9_4.0,0.54629
LAUNIT9_nan,0.54629
LAUNIT10_1.0,
LAUNIT10_3.0,
LAUNIT10_4.0,0.485425
LAUNIT10_nan,0.485425
LAUNIT11_3.0,
LAUNIT11_4.0,0.566221
LAUNIT11_6.0,0.794947
LAUNIT11_nan,0.767585
LAUNIT12_3.0,0.766899
LAUNIT12_4.0,0.937404
LAUNIT12_nan,0.620808
LAUNIT13_6.0,0.235501
LAUNIT13_nan,0.235501
LAUNIT15_4.0,0.340181
LAUNIT15_6.0,0.767505
LAUNIT15_nan,0.596189
LAUNIT16_2.0,
LAUNIT16_3.0,
LAUNIT16_4.0,0.110065
LAUNIT16_nan,0.110065
LAUNIT17_3.0,
LAUNIT17_4.0,0.604009
LAUNIT17_6.0,
LAUNIT17_nan,0.604009
LAUNIT18_4.0,
LAUNIT18_6.0,
LAUNIT18_nan,
LCUNIT1_nan,
LCUNIT2_nan,
LCUNIT3_nan,
LCUNIT4_nan,
LCUNIT5_nan,
LCUNIT6_nan,
LCUNIT8_nan,
LCUNIT9_nan,
LCUNIT10_nan,
LCUNIT11_nan,
LCUNIT12_nan,
LCUNIT13_nan,
LCUNIT90_nan,
LCUNIT91_nan,
LAUNIT19_3.0,0.939127
LAUNIT19_4.0,0.282596
LAUNIT19_nan,0.715577
LAUNIT20_1.0,
LAUNIT20_3.0,
LAUNIT20_4.0,0.427217
LAUNIT20_6.0,0.258711
LAUNIT20_nan,0.310618
LAUNIT21_1.0,
LAUNIT21_4.0,
LAUNIT21_nan,
LAUNIT22_3.0,0.282596
LAUNIT22_4.0,0.939127
LAUNIT22_6.0,
LAUNIT22_nan,0.715577
LAUNIT23_3.0,
LAUNIT23_4.0,0.317955
LAUNIT23_6.0,
LAUNIT23_nan,0.317955
LAUNIT25_1.0,
LAUNIT25_3.0,
LAUNIT25_4.0,0.0192707
LAUNIT25_6.0,
LAUNIT25_nan,0.0192707
LAUNIT26_nan,
LAUNIT27_nan,
LAUNIT28_3.0,
LAUNIT28_4.0,
LAUNIT28_nan,
LAUNIT29_nan,
LAUNIT30_4.0,0.282596
LAUNIT30_6.0,
LAUNIT30_nan,0.282596
LAUNIT31_3.0,
LAUNIT31_4.0,
LAUNIT31_nan,
LAUNIT33_4.0,
LAUNIT33_nan,
LAUNIT34_3.0,
LAUNIT34_nan,
LAHCA90_1.0,0.614042
LAHCA90_2.0,0.446619
LAHCA90_nan,0.411187
LAUNIT90_3.0,
LAUNIT90_4.0,0.614042
LAUNIT90_nan,0.614042
LAHCA91_2.0,0.411187
LAHCA91_nan,0.411187
LAUNIT91_nan,
LCDURA1_nan,
LA1AR_1,0.496154
LA1AR_2,0.496154
LA1AR_3,
LCDURB1_nan,
LCDURB2_nan,
LCDURB3_nan,
LCDURB4_nan,
LCDURB5_nan,
LCDURB6_nan,
LCDURB8_nan,
LCDURB9_nan,
LCDURB10_nan,
LCDURB11_nan,
LCDURB12_nan,
LCDURB13_nan,
LCDURB90_nan,
LCDURB91_nan,
LCCHRC1_nan,
LCCHRC2_nan,
LCCHRC3_nan,
LCCHRC4_nan,
LCCHRC5_nan,
LCCHRC6_nan,
LCCHRC8_nan,
LCCHRC9_nan,
LCCHRC10_nan,
LCCHRC11_nan,
LCCHRC12_nan,
LCCHRC13_nan,
LCCHRC90_nan,
LCCHRC91_nan,
LADURB1_3.0,
LADURB1_4.0,0.849747
LADURB1_nan,0.849747
LADURB2_3.0,
LADURB2_4.0,0.756192
LADURB2_nan,0.756192
LADURB3_1.0,
LADURB3_3.0,0.939127
LADURB3_4.0,0.0224327
LADURB3_nan,0.0495485
LADURB4_1.0,
LADURB4_2.0,
LADURB4_3.0,
LADURB4_4.0,0.323823
LADURB4_nan,0.323823
LADURB5_1.0,
LADURB5_2.0,
LADURB5_3.0,0.113493
LADURB5_4.0,0.695505
LADURB5_nan,0.470206
LADURB6_1.0,
LADURB6_2.0,
LADURB6_3.0,
LADURB6_4.0,0.119762
LADURB6_nan,0.119762
LADURB7_1.0,
LADURB7_2.0,
LADURB7_3.0,
LADURB7_4.0,0.378207
LADURB7_nan,0.378207
LADURB8_1.0,0.378207
LADURB8_2.0,
LADURB8_3.0,0.767505
LADURB8_4.0,0.113493
LADURB8_nan,0.537347
LADURB9_2.0,
LADURB9_3.0,
LADURB9_4.0,0.54629
LADURB9_nan,0.54629
LADURB10_1.0,
LADURB10_3.0,0.767505
LADURB10_4.0,0.863244
LADURB10_nan,0.485425
LADURB11_3.0,
LADURB11_4.0,0.767585
LADURB11_nan,0.767585
LADURB12_1.0,0.794947
LADURB12_2.0,0.555417
LADURB12_3.0,0.591331
LADURB12_4.0,0.794947
LADURB12_nan,0.620808
LADURB13_4.0,0.235501
LADURB13_nan,0.235501
LADURB15_4.0,0.596189
LADURB15_nan,0.596189
LADURB16_1.0,
LADURB16_2.0,
LADURB16_3.0,
LADURB16_4.0,0.110065
LADURB16_nan,0.110065
LADURB17_3.0,
LADURB17_4.0,0.604009
LADURB17_nan,0.604009
LADURB18_4.0,
LADURB18_nan,
LADURB19_1.0,
LADURB19_3.0,0.939127
LADURB19_4.0,0.282596
LADURB19_nan,0.715577
LADURB20_1.0,
LADURB20_2.0,
LADURB20_3.0,
LADURB20_4.0,0.310618
LADURB20_nan,0.310618
LADURB21_1.0,
LADURB21_3.0,
LADURB21_4.0,
LADURB21_nan,
LADURB22_1.0,0.282596
LADURB22_2.0,
LADURB22_3.0,
LADURB22_4.0,0.939127
LADURB22_nan,0.715577
LADURB23_1.0,
LADURB23_2.0,
LADURB23_3.0,0.697917
LADURB23_4.0,0.0491269
LADURB23_nan,0.317955
LADURB24_3.0,
LADURB24_4.0,
LADURB24_nan,
LADURB25_1.0,
LADURB25_3.0,
LADURB25_4.0,0.0192707
LADURB25_nan,0.0192707
LADURB26_nan,
LADURB27_nan,
LADURB28_3.0,
LADURB28_4.0,
LADURB28_nan,
LADURB29_nan,
LADURB30_3.0,
LADURB30_4.0,0.282596
LADURB30_nan,0.282596
LADURB31_3.0,
LADURB31_4.0,
LADURB31_nan,
LADURB32_3.0,
LADURB32_4.0,0.0192707
LADURB32_nan,0.0192707
LADURB33_4.0,
LADURB33_nan,
LADURB34_1.0,
LADURB34_2.0,
LADURB34_nan,
LADURB90_2.0,
LADURB90_3.0,0.378207
LADURB90_4.0,0.54629
LADURB90_nan,0.614042
LADURB91_nan,
LACHRC1_1.0,0.849747
LACHRC1_nan,0.849747
LACHRC2_1.0,0.756192
LACHRC2_nan,0.756192
LACHRC3_1.0,0.0495485
LACHRC3_nan,0.0495485
LACHRC4_1.0,0.323823
LACHRC4_2.0,
LACHRC4_nan,0.323823
LACHRC5_1.0,0.470206
LACHRC5_2.0,
LACHRC5_nan,0.470206
LACHRC6_1.0,0.119762
LACHRC6_2.0,
LACHRC6_nan,0.119762
LACHRC7_1.0,0.378207
LACHRC7_nan,0.378207
LACHRC8_1.0,0.537347
LACHRC8_nan,0.537347
LACHRC9_1.0,0.54629
LACHRC9_nan,0.54629
LACHRC10_1.0,0.485425
LACHRC10_nan,0.485425
LACHRC11_1.0,0.767585
LACHRC11_nan,0.767585
LACHRC12_1.0,0.620808
LACHRC12_nan,0.620808
LACHRC13_1.0,0.235501
LACHRC13_nan,0.235501
LACHRC15_1.0,0.596189
LACHRC15_nan,0.596189
LACHRC16_1.0,0.110065
LACHRC16_nan,0.110065
LACHRC17_1.0,0.604009
LACHRC17_nan,0.604009
LACHRC18_1.0,
LACHRC18_nan,
LACHRC19_1.0,0.715577
LACHRC19_nan,0.715577
LACHRC20_1.0,0.310618
LACHRC20_2.0,
LACHRC20_nan,0.310618
LACHRC21_1.0,
LACHRC21_2.0,
LACHRC21_nan,
LACHRC22_1.0,0.939127
LACHRC22_2.0,0.282596
LACHRC22_nan,0.715577
LACHRC23_1.0,0.317955
LACHRC23_2.0,
LACHRC23_nan,0.317955
LACHRC24_1.0,
LACHRC24_nan,
LACHRC25_1.0,0.0192707
LACHRC25_2.0,
LACHRC25_nan,0.0192707
LACHRC26_nan,
LACHRC27_nan,
LACHRC28_1.0,
LACHRC28_nan,
LACHRC29_nan,
LACHRC30_1.0,0.282596
LACHRC30_nan,0.282596
LACHRC31_1.0,
LACHRC31_nan,
LACHRC32_1.0,0.0192707
LACHRC32_nan,0.0192707
LACHRC33_1.0,
LACHRC33_nan,
LACHRC34_2.0,
LACHRC34_nan,
LACHRC90_1.0,0.614042
LACHRC90_nan,0.614042
LACHRC91_nan,
LCONDRT_1.0,0.484228
LCONDRT_2.0,0.282596
LCONDRT_nan,0.411187
LACHRONR_0,0.496154
LACHRONR_1,0.484228
LACHRONR_2,0.282596
LACHRONR_3,0.258711
LAHCA19-_1.0,0.715577
LAHCA19-_2.0,0.420847
LAHCA19-_nan,0.411187
LAHCA20-_1.0,0.310618
LAHCA20-_2.0,0.400629
LAHCA20-_nan,0.411187
LAHCA21-_1.0,
LAHCA21-_2.0,0.411187
LAHCA21-_nan,0.411187
LAHCA22-_1.0,0.715577
LAHCA22-_2.0,0.420847
LAHCA22-_nan,0.411187
LAHCA23-_1.0,0.317955
LAHCA23-_2.0,0.356874
LAHCA23-_nan,0.411187
LAHCA24-_1.0,
LAHCA24-_2.0,0.411187
LAHCA24-_nan,0.411187
LAHCA25-_1.0,0.0192707
LAHCA25-_2.0,0.35333
LAHCA25-_nan,0.411187
LAHCA26-_2.0,0.411187
LAHCA26-_nan,0.411187
LAHCA27-_2.0,0.411187
LAHCA27-_nan,0.411187
LAHCA28-_1.0,
LAHCA28-_2.0,0.411187
LAHCA28-_nan,0.411187
LAHCA29-_2.0,0.411187
LAHCA29-_nan,0.411187
LAHCA30-_1.0,0.282596
LAHCA30-_2.0,0.484228
LAHCA30-_nan,0.411187
LAHCA31-_1.0,
LAHCA31-_2.0,0.411187
LAHCA31-_nan,0.411187
LAHCA32-_1.0,0.0192707
LAHCA32-_2.0,0.35333
LAHCA32-_nan,0.411187
LAHCA33-_1.0,
LAHCA33-_2.0,0.411187
LAHCA33-_nan,0.411187
LAHCA34-_1.0,
LAHCA34-_2.0,0.411187
LAHCA34-_nan,0.411187
LAHCA14A_1.0,0.767505
LAHCA14A_2.0,0.40706
LAHCA14A_nan,0.411187
LUNIT14A_3.0,
LUNIT14A_4.0,0.767505
LUNIT14A_6.0,
LUNIT14A_nan,0.767505
LDURB14A_4.0,0.767505
LDURB14A_nan,0.767505
LCHRC14A_1.0,0.767505
LCHRC14A_nan,0.767505
LAHCC7A_nan,
LCUNIT7A_nan,
LCDURB7A_nan,
LCCHRC7A_nan,
FINCINT_1.0,
FINCINT_nan,
PSAL_1.0,0.900956
PSAL_2.0,0.900956
PSAL_nan,
PSEINC_1.0,0.866225
PSEINC_2.0,0.83016
PSEINC_nan,0.939127
PSSRR_1.0,0.919478
PSSRR_2.0,0.91362
PSSRR_nan,0.697917
PSSRRDB_1.0,0.497962
PSSRRDB_2.0,0.583806
PSSRRDB_nan,0.572583
PSSRRD_1.0,0.497962
PSSRRD_2.0,
PSSRRD_nan,0.497962
PPENS_1.0,0.819837
PPENS_2.0,0.928638
PPENS_nan,0.258711
POPENS_1.0,0.775811
POPENS_2.0,0.775811
POPENS_nan,
PSSI_1.0,0.201933
PSSI_2.0,0.522465
PSSI_nan,0.186055
PSSID_1.0,0.246528
PSSID_2.0,0.863244
PSSID_nan,0.201933
PTANF_1.0,0.401041
PTANF_2.0,0.401041
PTANF_nan,
POWBEN_1.0,0.723874
POWBEN_2.0,0.660214
POWBEN_nan,0.767505
PINTRSTR_1.0,0.908414
PINTRSTR_2.0,0.868147
PINTRSTR_nan,0.364613
PDIVD_1.0,0.766806
PDIVD_2.0,0.843551
PDIVD_nan,0.847286
PCHLDSP_1.0,0.249461
PCHLDSP_2.0,0.249461
PCHLDSP_nan,
PINCOT_1.0,0.482624
PINCOT_2.0,0.34583
PINCOT_nan,0.21641
PSSAPL_1.0,0.844534
PSSAPL_2.0,0.656177
PSSAPL_nan,0.808088
PSDAPL_1.0,0.145714
PSDAPL_2.0,0.16032
PSDAPL_nan,0.264235
PWIC_1.0,0.640771
PWIC_2.0,0.499409
PWIC_nan,0.57243
ELIGPWIC_0,0.57243
ELIGPWIC_1,0.57243
WIC-FLAG_0.0,
WIC-FLAG_1.0,0.640771
WIC-FLAG_nan,0.640771
HIKINDNA_1.0,0.878373
HIKINDNA_2.0,0.884179
HIKINDNA_nan,0.56461
HIKINDNB_1.0,0.789621
HIKINDNB_2.0,0.904251
HIKINDNB_nan,0.56461
HIKINDNC_1.0,0.00624559
HIKINDNC_2.0,0.0762917
HIKINDNC_nan,0.56461
HIKINDND_1.0,0.81115
HIKINDND_2.0,0.88286
HIKINDND_nan,0.56461
HIKINDNE_1.0,
HIKINDNE_2.0,0.56461
HIKINDNE_nan,0.56461
HIKINDNF_1.0,0.249128
HIKINDNF_2.0,0.323714
HIKINDNF_nan,0.56461
HIKINDNG_1.0,0.203351
HIKINDNG_2.0,0.261983
HIKINDNG_nan,0.56461
HIKINDNH_1.0,0.951025
HIKINDNH_2.0,0.929429
HIKINDNH_nan,0.56461
HIKINDNI_1.0,0.371659
HIKINDNI_2.0,0.575376
HIKINDNI_nan,0.56461
HIKINDNJ_1.0,0.907953
HIKINDNJ_2.0,0.947153
HIKINDNJ_nan,0.56461
HIKINDNK_1.0,0.126862
HIKINDNK_2.0,0.0696626
HIKINDNK_nan,0.56461
MCAREPRB_1.0,0.686915
MCAREPRB_2.0,0.475391
MCAREPRB_nan,0.37864
MCAIDPRB_1.0,0.406827
MCAIDPRB_2.0,0.243399
MCAIDPRB_nan,0.15581
SINCOV_1.0,0.674367
SINCOV_2.0,0.732109
SINCOV_nan,0.499313
MCPART_1.0,0.319495
MCPART_2.0,0.104395
MCPART_3.0,0.937963
MCPART_nan,0.868811
MCCHOICE_1.0,0.742649
MCCHOICE_2.0,0.796674
MCCHOICE_nan,0.773393
MCHMO_1.0,0.294754
MCHMO_2.0,0.911236
MCHMO_nan,0.902747
MCPREM_1.0,0.811227
MCPREM_2.0,0.503878
MCPREM_nan,0.820996
MCREF_1.0,0.535344
MCREF_2.0,0.981412
MCREF_nan,0.918697
MCPARTD_1.0,0.492264
MCPARTD_2.0,0.682667
MCPARTD_nan,0.835049
MACHMD_1.0,0.764693
MACHMD_2.0,0.710743
MACHMD_3.0,0.756466
MACHMD_nan,0.543177
MXCHNG_1.0,0.459754
MXCHNG_2.0,0.870306
MXCHNG_nan,0.656922
MEDPREM_1.0,0.788997
MEDPREM_2.0,0.570551
MEDPREM_nan,0.595872
MDPRINC_1.0,0.788997
MDPRINC_2.0,
MDPRINC_nan,0.788997
SSTYPEA_1.0,0.0396158
SSTYPEA_2.0,0.792922
SSTYPEA_nan,0.646278
SSTYPEB_1.0,0.439649
SSTYPEB_2.0,0.66718
SSTYPEB_nan,0.646278
SSTYPEC_1.0,0.186121
SSTYPEC_2.0,0.680791
SSTYPEC_nan,0.646278
SSTYPED_1.0,0.325798
SSTYPED_2.0,0.686472
SSTYPED_nan,0.646278
SSTYPEE_1.0,0.683474
SSTYPEE_2.0,0.0254444
SSTYPEE_nan,0.646278
SSTYPEF_1.0,0.192134
SSTYPEF_2.0,0.911282
SSTYPEF_nan,0.646278
SSTYPEG_1.0,0.598568
SSTYPEG_2.0,0.698827
SSTYPEG_nan,0.646278
SSTYPEH_1.0,0.193216
SSTYPEH_2.0,0.627343
SSTYPEH_nan,0.646278
SSTYPEI_1.0,0.620355
SSTYPEI_2.0,0.748819
SSTYPEI_nan,0.646278
SSTYPEJ_1.0,0.380038
SSTYPEJ_2.0,0.53191
SSTYPEJ_nan,0.646278
SSTYPEK_1.0,0.24206
SSTYPEK_2.0,0.123256
SSTYPEK_nan,0.646278
SSTYPEL_1.0,0.584784
SSTYPEL_2.0,0.64815
SSTYPEL_nan,0.646278
PRPOLH1_1.0,0.56965
PRPOLH1_2.0,0.791121
PRPOLH1_3.0,0.794947
PRPOLH1_4.0,0.856438
PRPOLH1_nan,0.659154
PRPOLH2_1.0,0.939127
PRPOLH2_2.0,0.939127
PRPOLH2_4.0,
PRPOLH2_nan,0.592993
PRCOOH1_1.0,0.0770358
PRCOOH1_2.0,0.879624
PRCOOH1_nan,0.791491
PRCOOH2_1.0,0.384216
PRCOOH2_2.0,0.566904
PRCOOH2_nan,0.738625
PLNWRKS1_1.0,0.465448
PLNWRKS1_10.0,0.453024
PLNWRKS1_11.0,
PLNWRKS1_2.0,0.443512
PLNWRKS1_3.0,0.182873
PLNWRKS1_4.0,0.402806
PLNWRKS1_5.0,0.98519
PLNWRKS1_6.0,0.109615
PLNWRKS1_7.0,
PLNWRKS1_8.0,
PLNWRKS1_9.0,0.7513
PLNWRKS1_nan,0.870472
PLNWRKS2_1.0,0.802532
PLNWRKS2_2.0,0.939127
PLNWRKS2_3.0,
PLNWRKS2_4.0,
PLNWRKS2_5.0,0.4684
PLNWRKS2_6.0,
PLNWRKS2_nan,0.533373
PLNEXCH1_1.0,0.77558
PLNEXCH1_2.0,0.915538
PLNEXCH1_nan,0.923128
PLNEXCH2_1.0,
PLNEXCH2_2.0,0.4684
PLNEXCH2_nan,0.4684
PLNPAY11_1.0,0.871748
PLNPAY11_2.0,0.388373
PLNPAY11_nan,0.86447
PLNPAY21_1.0,0.433109
PLNPAY21_2.0,0.551
PLNPAY21_nan,0.86447
PLNPAY31_1.0,0.450488
PLNPAY31_2.0,0.839714
PLNPAY31_nan,0.86447
PLNPAY41_1.0,
PLNPAY41_2.0,0.86447
PLNPAY41_nan,0.86447
PLNPAY51_1.0,
PLNPAY51_2.0,0.86447
PLNPAY51_nan,0.86447
PLNPAY61_1.0,
PLNPAY61_2.0,0.86447
PLNPAY61_nan,0.86447
PLNPAY71_1.0,0.799577
PLNPAY71_2.0,0.799427
PLNPAY71_nan,0.86447
PLNPAY12_1.0,0.51048
PLNPAY12_2.0,0.96985
PLNPAY12_nan,0.594552
PLNPAY22_1.0,0.827486
PLNPAY22_2.0,0.171912
PLNPAY22_nan,0.594552
PLNPAY32_1.0,
PLNPAY32_2.0,0.594552
PLNPAY32_nan,0.594552
PLNPAY42_1.0,
PLNPAY42_2.0,0.594552
PLNPAY42_nan,0.594552
PLNPAY52_1.0,
PLNPAY52_2.0,0.594552
PLNPAY52_nan,0.594552
PLNPAY62_2.0,0.594552
PLNPAY62_nan,0.594552
PLNPAY72_2.0,0.594552
PLNPAY72_nan,0.594552
PLNPRE1_1.0,0.0846406
PLNPRE1_2.0,0.769685
PLNPRE1_nan,0.549737
PLNPRE2_1.0,0.584587
PLNPRE2_2.0,0.535253
PLNPRE2_nan,0.343886
PLNMGD1_1.0,0.493214
PLNMGD1_2.0,0.181003
PLNMGD1_3.0,0.352678
PLNMGD1_4.0,0.462447
PLNMGD1_5.0,0.090418
PLNMGD1_nan,0.953583
PLNMGD2_1.0,0.291705
PLNMGD2_2.0,0.402536
PLNMGD2_3.0,0.939127
PLNMGD2_4.0,0.5601
PLNMGD2_5.0,0.843233
PLNMGD2_nan,0.236741
HDHP1_1.0,0.801811
HDHP1_2.0,0.475732
HDHP1_nan,0.890327
HDHP2_1.0,0.253244
HDHP2_2.0,0.84696
HDHP2_nan,0.359469
HSAHRA1_1.0,0.0608334
HSAHRA1_2.0,0.997007
HSAHRA1_nan,0.513821
HSAHRA2_1.0,
HSAHRA2_2.0,0.84696
HSAHRA2_nan,0.84696
MGCHMD1_1.0,0.173589
MGCHMD1_2.0,0.449192
MGCHMD1_nan,0.686979
MGCHMD2_1.0,0.416895
MGCHMD2_2.0,0.399259
MGCHMD2_nan,0.39145
MGPRMD1_1.0,0.180295
MGPRMD1_2.0,0.0247486
MGPRMD1_nan,0.0496665
MGPRMD2_1.0,0.853587
MGPRMD2_2.0,0.277437
MGPRMD2_nan,0.324734
MGPYMD1_1.0,0.992132
MGPYMD1_2.0,0.0817414
MGPYMD1_nan,0.405289
MGPYMD2_1.0,0.773417
MGPYMD2_2.0,0.328904
MGPYMD2_nan,0.347637
PCPREQ1_1.0,0.662118
PCPREQ1_2.0,0.246677
PCPREQ1_nan,0.799085
PCPREQ2_1.0,0.844747
PCPREQ2_2.0,0.254963
PCPREQ2_nan,0.44564
PRRXCOV1_1.0,0.748329
PRRXCOV1_2.0,0.16044
PRRXCOV1_nan,0.774938
PRRXCOV2_1.0,0.501493
PRRXCOV2_2.0,0.800028
PRRXCOV2_nan,0.497819
PRDNCOV1_1.0,0.727753
PRDNCOV1_2.0,0.522044
PRDNCOV1_nan,0.70716
PRDNCOV2_1.0,0.226799
PRDNCOV2_2.0,0.263369
PRDNCOV2_nan,0.497819
FCOVCONF_1.0,0.433722
FCOVCONF_2.0,0.252836
FCOVCONF_3.0,0.845753
FCOVCONF_4.0,0.47151
FCOVCONF_nan,0.439406
CHXCHNG_1.0,
CHXCHNG_nan,
STRFPRM1_2.0,0.939127
STRFPRM1_nan,0.939127
CHPRINC_nan,
STDOC1_1.0,
STDOC1_2.0,0.939127
STDOC1_nan,0.939127
OPXCHNG_1.0,
OPXCHNG_2.0,0.069231
OPXCHNG_nan,0.069231
STRFPRM2_1.0,
STRFPRM2_2.0,0.069231
STRFPRM2_nan,0.069231
SSPRINC_1.0,
SSPRINC_2.0,
SSPRINC_nan,
STDOC2_1.0,0.5601
STDOC2_2.0,0.113493
STDOC2_3.0,
STDOC2_nan,0.069231
OGXCHNG_1.0,
OGXCHNG_2.0,0.777867
OGXCHNG_nan,0.777867
STRFPRM3_1.0,0.929456
STRFPRM3_2.0,0.939127
STRFPRM3_nan,0.777867
OGPRINC_1.0,
OGPRINC_2.0,0.929456
OGPRINC_nan,0.929456
STDOC3_1.0,0.777867
STDOC3_2.0,
STDOC3_3.0,
STDOC3_nan,0.777867
MILSPC1_1.0,0.562607
MILSPC1_2.0,0.364147
MILSPC1_nan,0.249128
MILSPC2_1.0,0.457252
MILSPC2_2.0,0.512241
MILSPC2_nan,0.249128
MILSPC3_1.0,0.678491
MILSPC3_2.0,0.29621
MILSPC3_nan,0.249128
MILSPC4_2.0,0.249128
MILSPC4_nan,0.249128
HILAST2_1.0,0.963593
HILAST2_2.0,0.602907
HILAST2_3.0,0.582053
HILAST2_4.0,0.489256
HILAST2_5.0,0.16838
HILAST2_6.0,0.291083
HILAST2_nan,0.263851
HISTOP1_1.0,0.299833
HISTOP1_2.0,0.130672
HISTOP1_nan,0.213456
HISTOP2_1.0,0.284058
HISTOP2_2.0,0.242514
HISTOP2_nan,0.213456
HISTOP3_1.0,0.722653
HISTOP3_2.0,0.201164
HISTOP3_nan,0.213456
HISTOP4_1.0,0.905149
HISTOP4_2.0,0.197016
HISTOP4_nan,0.213456
HISTOP5_1.0,0.215067
HISTOP5_2.0,0.278625
HISTOP5_nan,0.213456
HISTOP6_1.0,0.663487
HISTOP6_2.0,0.1918
HISTOP6_nan,0.213456
HISTOP7_1.0,0.898641
HISTOP7_2.0,0.11864
HISTOP7_nan,0.213456
HISTOP8_1.0,0.378207
HISTOP8_2.0,0.239674
HISTOP8_nan,0.213456
HISTOP9_1.0,0.716461
HISTOP9_2.0,0.26953
HISTOP9_nan,0.213456
HISTOP10_1.0,0.240741
HISTOP10_2.0,0.262819
HISTOP10_nan,0.213456
HINOTYR_1.0,0.282906
HINOTYR_2.0,0.144904
HINOTYR_nan,0.090475
FHICHNG_1.0,0.171984
FHICHNG_2.0,0.59152
FHICHNG_nan,0.144904
FHIKDBA_1.0,0.126832
FHIKDBA_2.0,0.205158
FHIKDBA_nan,0.122196
FHIKDBB_1.0,0.23864
FHIKDBB_2.0,0.0873079
FHIKDBB_nan,0.122196
FHIKDBC_1.0,
FHIKDBC_2.0,0.122196
FHIKDBC_nan,0.122196
FHIKDBD_1.0,0.798851
FHIKDBD_2.0,0.165904
FHIKDBD_nan,0.122196
FHIKDBE_1.0,0.937404
FHIKDBE_2.0,0.10463
FHIKDBE_nan,0.122196
FHIKDBF_1.0,0.820741
FHIKDBF_2.0,0.125334
FHIKDBF_nan,0.122196
FHIKDBG_1.0,
FHIKDBG_2.0,0.122196
FHIKDBG_nan,0.122196
FHIKDBH_1.0,0.94729
FHIKDBH_2.0,0.112709
FHIKDBH_nan,0.122196
FHIKDBI_1.0,0.00105597
FHIKDBI_2.0,0.0426577
FHIKDBI_nan,0.122196
FHIKDBJ_1.0,0.697917
FHIKDBJ_2.0,0.121334
FHIKDBJ_nan,0.122196
FHIKDBK_1.0,0.126242
FHIKDBK_2.0,0.542564
FHIKDBK_nan,0.122196
HCSPFYR_0.0,0.992681
HCSPFYR_1.0,0.6451
HCSPFYR_2.0,0.499057
HCSPFYR_3.0,0.304662
HCSPFYR_4.0,0.123904
HCSPFYR_5.0,0.0789325
HCSPFYR_nan,0.356528
MEDBILL_1.0,0.445267
MEDBILL_2.0,0.369376
MEDBILL_nan,0.340181
MEDBPAY_1.0,0.951873
MEDBPAY_2.0,0.967146
MEDBPAY_nan,0.119762
MEDBNOP_1.0,0.288468
MEDBNOP_2.0,0.186283
MEDBNOP_nan,0.422041
FSA_1.0,0.360311
FSA_2.0,0.324673
FSA_nan,0.467216
EXCHPR1_1.0,0.59536
EXCHPR1_2.0,0.333715
EXCHPR1_3.0,0.678491
EXCHPR1_nan,0.690588
EXCHPR2_1.0,0.258068
EXCHPR2_2.0,0.495124
EXCHPR2_3.0,
EXCHPR2_nan,0.93609
PLEXCHOP_1.0,
PLEXCHOP_2.0,0.069231
PLEXCHOP_nan,0.069231
PLEXCHOG_1.0,0.929456
PLEXCHOG_2.0,
PLEXCHOG_nan,0.929456
PRIVATE_1.0,0.796668
PRIVATE_2.0,0.518472
PRIVATE_3.0,0.745937
PRIVATE_nan,0.56461
MEDICARE_1.0,0.828583
MEDICARE_2.0,
MEDICARE_3.0,0.94053
MEDICARE_nan,0.56461
MEDICAID_1.0,0.73191
MEDICAID_2.0,
MEDICAID_3.0,0.846846
MEDICAID_nan,0.56461
SCHIP_1.0,0.939127
SCHIP_3.0,0.801325
SCHIP_nan,0.56461
MILCARE_1.0,0.249128
MILCARE_3.0,0.323714
MILCARE_nan,0.56461
IHS_1.0,0.203351
IHS_2.0,0.261983
IHS_nan,0.56461
OTHPUB_1.0,0.069231
OTHPUB_3.0,0.263873
OTHPUB_nan,0.56461
OTHGOV_1.0,0.777867
OTHGOV_3.0,0.933853
OTHGOV_nan,0.56461
SINGLE_1.0,0.646362
SINGLE_2.0,0.939127
SINGLE_3.0,0.703809
SINGLE_nan,0.340181
MCADVR_1.0,0.342486
MCADVR_2.0,0.54629
MCADVR_nan,0.598911
PXCHNG_1.0,0.397626
PXCHNG_2.0,0.888414
PXCHNG_nan,0.571232
PSTDOC_1.0,0.52735
PSTDOC_2.0,0.608594
PSTDOC_3.0,0.780514
PSTDOC_nan,0.524716
PSTRFPRM_1.0,0.404764
PSTRFPRM_2.0,0.787962
PSTRFPRM_nan,0.571232
PSSPRINC_1.0,0.33689
PSSPRINC_2.0,0.946036
PSSPRINC_nan,0.404764
PLEXCHPR_1.0,0.164152
PLEXCHPR_2.0,0.814277
PLEXCHPR_3.0,0.123481
PLEXCHPR_nan,0.246742
PRFLG_1.0,0.571232
PRFLG_nan,0.571232
HISTOP11_1.0,
HISTOP11_2.0,0.213456
HISTOP11_nan,0.213456
HISTOP12_1.0,0.282596
HISTOP12_2.0,0.271738
HISTOP12_nan,0.213456
HISTOP13_1.0,
HISTOP13_2.0,0.213456
HISTOP13_nan,0.213456
HISTOP14_1.0,0.795983
HISTOP14_2.0,0.131036
HISTOP14_nan,0.213456
HISTOP15_1.0,0.939127
HISTOP15_2.0,0.175945
HISTOP15_nan,0.213456
EXCHANGE_1.0,0.127056
EXCHANGE_2.0,0.589668
EXCHANGE_nan,0.754485
MAFLG_1.0,0.939127
MAFLG_nan,0.939127
CHFLG_nan,
OPFLG_1.0,
OPFLG_nan,
OGFLG_nan,
WHONAM1_1.0,0.853713
WHONAM1_2.0,0.91143
WHONAM1_3.0,0.659154
WHONAM1_nan,0.850711
WHONAM2_1.0,0.666209
WHONAM2_2.0,0.331116
WHONAM2_3.0,0.592993
WHONAM2_nan,0.638913
NOTCOV_1.0,0.222843
NOTCOV_2.0,0.123173
NOTCOV_nan,0.56461
PRPLPLUS_1.0,0.0560979
PRPLPLUS_2.0,0.925459
PRPLPLUS_nan,0.796668
PWRKBR1_1.0,0.209879
PWRKBR1_10.0,0.113493
PWRKBR1_2.0,
PWRKBR1_3.0,
PWRKBR1_4.0,0.767505
PWRKBR1_5.0,0.436166
PWRKBR1_6.0,0.391417
PWRKBR1_7.0,
PWRKBR1_8.0,0.939127
PWRKBR1_9.0,0.113493
PWRKBR1_nan,0.126832
COVER_1.0,0.813033
COVER_2.0,0.953858
COVER_3.0,0.551402
COVER_4.0,0.222843
COVER_5.0,0.56461
COVER_nan,0.824058
COVER65O_1.0,0.48834
COVER65O_2.0,0.258711
COVER65O_3.0,0.408787
COVER65O_4.0,0.603343
COVER65O_5.0,
COVER65O_6.0,
COVER65O_nan,0.824058
COVER65_1.0,0.33078
COVER65_2.0,0.258711
COVER65_3.0,0.543696
COVER65_4.0,0.810995
COVER65_5.0,0.603343
COVER65_6.0,
COVER65_nan,0.824058
MILMANR_1.0,0.62365
MILMANR_2.0,0.81817
MILMANR_4.0,0.887046
MILMANR_5.0,
MILMANR_nan,0.581681
REGIONBR_1.0,0.0397294
REGIONBR_10.0,0.261561
REGIONBR_11.0,0.00367301
REGIONBR_2.0,0.104374
REGIONBR_3.0,0.789819
REGIONBR_4.0,0.897113
REGIONBR_5.0,0.176831
REGIONBR_6.0,0.1254
REGIONBR_7.0,0.517849
REGIONBR_8.0,0.757799
REGIONBR_9.0,0.21505
REGIONBR_nan,
WHYNOWKP_1.0,0.817804
WHYNOWKP_10.0,0.142528
WHYNOWKP_2.0,0.522304
WHYNOWKP_3.0,0.846622
WHYNOWKP_4.0,0.543206
WHYNOWKP_5.0,0.250319
WHYNOWKP_6.0,0.863032
WHYNOWKP_7.0,0.469679
WHYNOWKP_8.0,0.774707
WHYNOWKP_9.0,0.278411
WHYNOWKP_nan,0.479316
GEOBRTH_1.0,0.0397294
GEOBRTH_2.0,0.622196
GEOBRTH_3.0,0.0499443
GEOBRTH_nan,
YRSINUS_1.0,0.54629
YRSINUS_2.0,0.898763
YRSINUS_3.0,0.589806
YRSINUS_4.0,0.284338
YRSINUS_5.0,0.0150582
YRSINUS_nan,0.0364982
CITIZENP_1.0,0.745704
CITIZENP_2.0,0.766942
CITIZENP_nan,0.275619
DOINGLWP_1.0,0.242084
DOINGLWP_2.0,0.50482
DOINGLWP_3.0,0.621014
DOINGLWP_4.0,0.441796
DOINGLWP_5.0,0.557892
DOINGLWP_nan,
WRKLYR1_1.0,
PLBORN_1.0,0.0397294
PLBORN_2.0,0.0397294
PLBORN_nan,
HEADST_nan,
HEADSTV1_nan,
ARMFVER_1.0,0.170883
ARMFVER_2.0,0.767505
ARMFVER_nan,0.149513
ARMFEV_1.0,0.579615
ARMFEV_2.0,0.579615
ARMFEV_nan,
ARMFFC_1.0,0.630943
ARMFFC_2.0,0.922463
ARMFFC_nan,0.615596
WRKFTALL_1.0,0.510118
WRKFTALL_2.0,0.313076
WRKFTALL_nan,0.245971
HIEMPOF_1.0,0.460422
HIEMPOF_2.0,0.806114
HIEMPOF_nan,0.493826
EDUC1_0.0,0.663487
EDUC1_1.0,
EDUC1_10.0,0.227868
EDUC1_11.0,0.0520779
EDUC1_12.0,0.59226
EDUC1_13.0,0.0771365
EDUC1_14.0,0.242668
EDUC1_15.0,0.838451
EDUC1_16.0,0.842773
EDUC1_17.0,0.694655
EDUC1_18.0,0.0398462
EDUC1_19.0,0.753712
EDUC1_2.0,
EDUC1_20.0,0.257128
EDUC1_21.0,0.25199
EDUC1_3.0,0.748541
EDUC1_4.0,0.22977
EDUC1_5.0,0.0192707
EDUC1_6.0,0.0827444
EDUC1_7.0,
EDUC1_8.0,0.414408
EDUC1_9.0,0.537102
EDUC1_nan,0.0775168
ERNYR-P_1.0,0.723639
ERNYR-P_10.0,0.977739
ERNYR-P_11.0,0.269194
ERNYR-P_2.0,0.158375
ERNYR-P_3.0,0.958529
ERNYR-P_4.0,0.402586
ERNYR-P_5.0,0.376378
ERNYR-P_6.0,0.780228
ERNYR-P_7.0,0.509198
ERNYR-P_8.0,0.508956
ERNYR-P_9.0,0.425963
ARMFTM7P_1.0,
ARMFTM7P_2.0,
ARMFTM7P_nan,
ARMFTM1P_1.0,0.300715
ARMFTM1P_2.0,0.606662
ARMFTM1P_nan,0.579615
ARMFTM2P_1.0,0.733523
ARMFTM2P_2.0,0.51336
ARMFTM2P_nan,0.780442
ARMFTM3P_1.0,0.49361
ARMFTM3P_2.0,0.627338
ARMFTM3P_nan,0.636947
ARMFTM4P_1.0,0.320189
ARMFTM4P_2.0,0.255928
ARMFTM4P_nan,0.179746
ARMFTM5P_1.0,0.375035
ARMFTM5P_2.0,0.569268
ARMFTM5P_nan,0.529198
ARMFTM6P_1.0,
ARMFTM6P_2.0,
ARMFTM6P_nan,
ENGLANG_1.0,0.630334
ENGLANG_2.0,0.382604
ENGLANG_3.0,0.268125
ENGLANG_4.0,0.267187
ENGLANG_nan,0.113493
PROX1_1.0,0.428311
PROX1_nan,0.428311
PROX2_1.0,0.7129
PROX2_2.0,0.282596
PROX2_3.0,0.282596
PROX2_4.0,
PROX2_nan,0.428311
LATEINTA_1.0,0.484405
LATEINTA_2.0,0.181202
LATEINTA_nan,0.0781044
PROXYSA_1.0,0.428311
PROXYSA_2.0,0.142509
PROXYSA_3.0,0.623713
PROXYSA_nan,0.0781044
PAR-STAT_1.0,0.553011
PAR-STAT_2.0,0.581298
PAR-STAT_3.0,0.627472
PAR-STAT_nan,0.0781044
DOINGLWA_1.0,0.0620632
DOINGLWA_2.0,0.268259
DOINGLWA_3.0,0.521172
DOINGLWA_4.0,0.93343
DOINGLWA_5.0,0.346397
DOINGLWA_nan,0.0781044
WHYNOWKA_1.0,0.536175
WHYNOWKA_10.0,0.0596752
WHYNOWKA_2.0,0.599014
WHYNOWKA_3.0,0.926077
WHYNOWKA_4.0,0.772302
WHYNOWKA_5.0,
WHYNOWKA_6.0,0.772256
WHYNOWKA_7.0,0.414092
WHYNOWKA_8.0,0.381162
WHYNOWKA_9.0,0.754391
WHYNOWKA_nan,0.085011
EVERWRK_1.0,0.147877
EVERWRK_2.0,0.113493
EVERWRK_nan,0.129521
SUPERVIS_1.0,0.144149
SUPERVIS_2.0,0.407172
SUPERVIS_nan,0.104428
WRKCATA_1.0,0.0689832
WRKCATA_2.0,0.838969
WRKCATA_3.0,0.650118
WRKCATA_4.0,0.308857
WRKCATA_5.0,0.458815
WRKCATA_6.0,0.937404
WRKCATA_nan,0.104416
BUSINC1A_1.0,0.849682
BUSINC1A_2.0,0.33913
BUSINC1A_nan,0.458815
WRKLONGH_1.0,0.471899
WRKLONGH_2.0,0.437478
WRKLONGH_nan,0.121272
HOURPDA_1.0,0.571102
HOURPDA_2.0,0.398452
HOURPDA_nan,0.100033
PDSICKA_1.0,0.120866
PDSICKA_2.0,0.869831
PDSICKA_nan,0.0978711
ONEJOB_1.0,0.932911
ONEJOB_2.0,0.195121
ONEJOB_nan,0.129885
WRKLYR4_0.0,0.129885
WRKLYR4_1.0,0.233994
WRKLYR4_2.0,0.533936
WRKLYR4_3.0,0.113493
WRKLYR4_nan,0.0781044
INDSTRN1_1.0,0.592993
INDSTRN1_10.0,0.797213
INDSTRN1_11.0,0.565491
INDSTRN1_12.0,0.794947
INDSTRN1_13.0,
INDSTRN1_14.0,0.767505
INDSTRN1_15.0,
INDSTRN1_17.0,0.113493
INDSTRN1_18.0,0.767505
INDSTRN1_19.0,
INDSTRN1_2.0,0.15692
INDSTRN1_20.0,0.485425
INDSTRN1_21.0,0.00392847
INDSTRN1_22.0,0.794947
INDSTRN1_23.0,0.663487
INDSTRN1_24.0,0.164277
INDSTRN1_25.0,0.794947
INDSTRN1_26.0,0.76707
INDSTRN1_27.0,0.220383
INDSTRN1_28.0,0.5601
INDSTRN1_29.0,0.197663
INDSTRN1_30.0,0.614042
INDSTRN1_31.0,0.642646
INDSTRN1_32.0,0.922518
INDSTRN1_33.0,0.363989
INDSTRN1_34.0,
INDSTRN1_35.0,0.845745
INDSTRN1_36.0,0.939127
INDSTRN1_37.0,
INDSTRN1_38.0,0.470529
INDSTRN1_39.0,0.96763
INDSTRN1_4.0,
INDSTRN1_40.0,0.863494
INDSTRN1_41.0,0.745914
INDSTRN1_42.0,0.582297
INDSTRN1_43.0,0.494074
INDSTRN1_44.0,0.304231
INDSTRN1_45.0,0.000517556
INDSTRN1_46.0,0.444257
INDSTRN1_47.0,0.210956
INDSTRN1_48.0,0.582297
INDSTRN1_49.0,0.578153
INDSTRN1_5.0,
INDSTRN1_50.0,0.856438
INDSTRN1_51.0,0.378207
INDSTRN1_52.0,0.60661
INDSTRN1_53.0,0.582297
INDSTRN1_54.0,0.239412
INDSTRN1_55.0,0.296603
INDSTRN1_56.0,0.863262
INDSTRN1_57.0,0.456159
INDSTRN1_58.0,0.885286
INDSTRN1_59.0,0.281905
INDSTRN1_6.0,
INDSTRN1_60.0,
INDSTRN1_61.0,0.333749
INDSTRN1_62.0,
INDSTRN1_63.0,0.436373
INDSTRN1_64.0,0.025394
INDSTRN1_65.0,0.978465
INDSTRN1_66.0,0.0922883
INDSTRN1_67.0,0.543765
INDSTRN1_68.0,0.0647892
INDSTRN1_69.0,0.378207
INDSTRN1_7.0,0.939127
INDSTRN1_70.0,0.937404
INDSTRN1_71.0,0.662266
INDSTRN1_72.0,0.277795
INDSTRN1_73.0,0.287625
INDSTRN1_74.0,0.494891
INDSTRN1_75.0,0.743027
INDSTRN1_76.0,0.495461
INDSTRN1_77.0,0.930311
INDSTRN1_78.0,0.348024
INDSTRN1_79.0,
INDSTRN1_8.0,0.592993
INDSTRN1_9.0,0.608054
INDSTRN1_nan,0.0826208
INDSTRN2_1.0,0.106292
INDSTRN2_10.0,0.146781
INDSTRN2_11.0,0.74625
INDSTRN2_12.0,0.333749
INDSTRN2_13.0,
INDSTRN2_14.0,0.436373
INDSTRN2_15.0,0.025394
INDSTRN2_16.0,0.50094
INDSTRN2_17.0,0.760617
INDSTRN2_18.0,0.199983
INDSTRN2_19.0,0.722369
INDSTRN2_2.0,0.24819
INDSTRN2_20.0,0.348024
INDSTRN2_21.0,
INDSTRN2_3.0,0.608054
INDSTRN2_4.0,0.797213
INDSTRN2_5.0,0.108339
INDSTRN2_6.0,0.5927
INDSTRN2_7.0,0.259809
INDSTRN2_8.0,0.175606
INDSTRN2_9.0,0.704185
INDSTRN2_nan,0.0826208
OCCUPN1_1.0,0.681868
OCCUPN1_10.0,0.550299
OCCUPN1_11.0,0.282596
OCCUPN1_12.0,
OCCUPN1_13.0,0.224899
OCCUPN1_14.0,
OCCUPN1_15.0,0.939127
OCCUPN1_16.0,0.058614
OCCUPN1_17.0,0.00902916
OCCUPN1_18.0,0.136515
OCCUPN1_19.0,0.754391
OCCUPN1_2.0,0.557744
OCCUPN1_20.0,0.15665
OCCUPN1_21.0,0.704914
OCCUPN1_22.0,0.697917
OCCUPN1_23.0,0.445267
OCCUPN1_24.0,0.362043
OCCUPN1_25.0,0.0881467
OCCUPN1_26.0,0.370242
OCCUPN1_27.0,0.680173
OCCUPN1_28.0,0.697917
OCCUPN1_29.0,0.960139
OCCUPN1_3.0,0.24557
OCCUPN1_30.0,0.659925
OCCUPN1_31.0,
OCCUPN1_32.0,0.201715
OCCUPN1_33.0,
OCCUPN1_34.0,0.496207
OCCUPN1_35.0,0.378207
OCCUPN1_36.0,
OCCUPN1_37.0,0.47895
OCCUPN1_38.0,0.600279
OCCUPN1_39.0,0.00466089
OCCUPN1_4.0,0.693754
OCCUPN1_40.0,0.233308
OCCUPN1_41.0,0.101957
OCCUPN1_42.0,0.726731
OCCUPN1_43.0,
OCCUPN1_44.0,0.506889
OCCUPN1_45.0,0.355652
OCCUPN1_46.0,
OCCUPN1_47.0,0.939127
OCCUPN1_48.0,0.484444
OCCUPN1_49.0,
OCCUPN1_5.0,0.695368
OCCUPN1_50.0,0.950374
OCCUPN1_51.0,
OCCUPN1_52.0,0.955033
OCCUPN1_53.0,0.592901
OCCUPN1_54.0,0.99003
OCCUPN1_55.0,0.718502
OCCUPN1_56.0,0.810938
OCCUPN1_57.0,0.095214
OCCUPN1_58.0,0.572005
OCCUPN1_6.0,0.905298
OCCUPN1_60.0,0.420008
OCCUPN1_61.0,0.745518
OCCUPN1_62.0,0.122893
OCCUPN1_63.0,0.208068
OCCUPN1_64.0,0.33319
OCCUPN1_65.0,
OCCUPN1_66.0,0.354424
OCCUPN1_67.0,
OCCUPN1_69.0,0.0192707
OCCUPN1_7.0,0.412988
OCCUPN1_70.0,0.7984
OCCUPN1_71.0,
OCCUPN1_72.0,0.775529
OCCUPN1_73.0,0.939127
OCCUPN1_74.0,0.51417
OCCUPN1_75.0,0.110065
OCCUPN1_76.0,0.950827
OCCUPN1_77.0,0.43745
OCCUPN1_78.0,0.23864
OCCUPN1_79.0,0.0431091
OCCUPN1_8.0,0.929456
OCCUPN1_80.0,0.492084
OCCUPN1_81.0,0.427511
OCCUPN1_82.0,
OCCUPN1_83.0,
OCCUPN1_84.0,0.113493
OCCUPN1_85.0,
OCCUPN1_86.0,0.965772
OCCUPN1_87.0,0.767505
OCCUPN1_88.0,
OCCUPN1_89.0,0.0201159
OCCUPN1_9.0,0.459022
OCCUPN1_90.0,0.258711
OCCUPN1_92.0,0.939127
OCCUPN1_93.0,0.913097
OCCUPN1_94.0,
OCCUPN1_nan,0.104711
OCCUPN2_1.0,0.865617
OCCUPN2_10.0,0.869748
OCCUPN2_11.0,0.127471
OCCUPN2_12.0,0.672972
OCCUPN2_13.0,0.690291
OCCUPN2_14.0,0.30334
OCCUPN2_15.0,0.709848
OCCUPN2_16.0,0.152265
OCCUPN2_17.0,0.138134
OCCUPN2_18.0,0.354424
OCCUPN2_19.0,0.73832
OCCUPN2_2.0,0.601938
OCCUPN2_20.0,0.833374
OCCUPN2_21.0,0.0596072
OCCUPN2_22.0,0.103157
OCCUPN2_23.0,
OCCUPN2_3.0,0.472045
OCCUPN2_4.0,0.813983
OCCUPN2_5.0,0.5601
OCCUPN2_6.0,0.0231837
OCCUPN2_7.0,0.491949
OCCUPN2_8.0,0.32695
OCCUPN2_9.0,0.344013
OCCUPN2_nan,0.104711
HYPEV_1.0,0.15209
HYPEV_2.0,0.102536
HYPEV_nan,0.0824345
HYPDIFV_1.0,0.200374
HYPDIFV_2.0,0.992086
HYPDIFV_nan,0.15209
HYBPCKTP_0.0,0.41217
HYBPCKTP_1.0,0.490881
HYBPCKTP_2.0,0.367679
HYBPCKTP_3.0,0.726975
HYBPCKTP_4.0,0.615385
HYBPCKTP_nan,0.0775572
HYBPLEV_1.0,0.06408
HYBPLEV_2.0,0.992581
HYBPLEV_3.0,0.075321
HYBPLEV_4.0,0.690712
HYBPLEV_5.0,0.86458
HYBPLEV_nan,0.0572341
HYPMDEV2_1.0,0.048762
HYPMDEV2_2.0,0.691414
HYPMDEV2_nan,0.15209
HYPMED2_1.0,0.154494
HYPMED2_2.0,0.471727
HYPMED2_nan,0.048762
CHLEV_1.0,0.426146
CHLEV_2.0,0.0966514
CHLEV_nan,0.0781044
CHLYR_1.0,0.953478
CHLYR_2.0,0.70252
CHLYR_nan,0.500898
CLCKTP_0.0,0.0296459
CLCKTP_1.0,0.338106
CLCKTP_2.0,0.140591
CLCKTP_3.0,0.415439
CLCKTP_4.0,0.0517668
CLCKTP_nan,0.114989
CHLMDEV2_1.0,0.82263
CHLMDEV2_2.0,0.456748
CHLMDEV2_nan,0.426146
CHLMDNW2_1.0,0.894334
CHLMDNW2_2.0,0.656483
CHLMDNW2_nan,0.82263
CHDEV_1.0,0.409107
CHDEV_2.0,0.0512044
CHDEV_nan,0.0770522
ANGEV_1.0,0.958584
ANGEV_2.0,0.0488443
ANGEV_nan,0.0781044
MIEV_1.0,0.0394904
MIEV_2.0,0.0526655
MIEV_nan,0.0781044
HRTEV_1.0,0.451971
HRTEV_2.0,0.108268
HRTEV_nan,0.0781044
STREV_1.0,0.941764
STREV_2.0,0.0610961
STREV_nan,0.0781044
EPHEV_1.0,
EPHEV_2.0,0.0781044
EPHEV_nan,0.0781044
JAWP_1.0,0.145574
JAWP_2.0,0.794815
JAWP_nan,0.146821
WEA_1.0,0.731346
WEA_2.0,0.0505734
WEA_nan,0.0489964
CHE_1.0,0.138874
CHE_2.0,0.53981
CHE_nan,0.0728456
ARM_1.0,0.222011
ARM_2.0,0.229341
ARM_nan,0.0870891
BRTH_1.0,0.1219
BRTH_2.0,0.850321
BRTH_nan,0.0779909
AHADO_1.0,0.0556722
AHADO_2.0,0.609519
AHADO_3.0,0.173316
AHADO_4.0,0.0192707
AHADO_5.0,0.907902
AHADO_nan,0.0890862
FACE_1.0,0.0367802
FACE_2.0,0.847235
FACE_nan,0.0798493
SPEAKING_1.0,0.194619
SPEAKING_2.0,0.678121
SPEAKING_nan,0.0883295
EYE_1.0,0.577284
EYE_2.0,0.102065
EYE_nan,0.134253
WALKING_1.0,0.222609
WALKING_2.0,0.349096
WALKING_nan,0.067847
HEADACHE_1.0,0.31727
HEADACHE_2.0,0.56901
HEADACHE_nan,0.100804
ASTDO_1.0,0.11966
ASTDO_2.0,0.113493
ASTDO_3.0,0.160774
ASTDO_4.0,
ASTDO_5.0,0.846144
ASTDO_nan,0.0835464
COPDEV_1.0,0.154692
COPDEV_2.0,0.0845678
COPDEV_nan,0.0781044
ASPMEDEV_1.0,0.252166
ASPMEDEV_2.0,0.475063
ASPMEDEV_nan,0.136151
ASPMEDAD_1.0,0.688131
ASPMEDAD_2.0,0.746165
ASPMEDAD_nan,0.303152
ASPMDMED_1.0,0.836493
ASPMDMED_2.0,0.706047
ASPMDMED_nan,0.746165
ASPONOWN_1.0,0.901129
ASPONOWN_2.0,0.463976
ASPONOWN_nan,0.475063
AASMEV_1.0,0.609886
AASMEV_2.0,0.0568444
AASMEV_nan,0.0745685
AASSTILL_1.0,0.688132
AASSTILL_2.0,0.812616
AASSTILL_nan,0.765601
AASMYR_1.0,0.450388
AASMYR_2.0,0.720665
AASMYR_nan,0.609886
AASERYR1_1.0,0.201745
AASERYR1_2.0,0.673215
AASERYR1_nan,0.609886
ULCEV_1.0,0.598737
ULCEV_2.0,0.170303
ULCEV_nan,0.0781044
ULCYR_1.0,0.817947
ULCYR_2.0,0.439826
ULCYR_nan,0.598737
CANEV_1.0,0.0832154
CANEV_2.0,0.11443
CANEV_nan,0.0781044
CNKIND1_1.0,
CNKIND1_2.0,0.0832154
CNKIND1_nan,0.0832154
CNKIND2_1.0,
CNKIND2_2.0,0.0832154
CNKIND2_nan,0.0832154
CNKIND3_1.0,0.939127
CNKIND3_2.0,0.115982
CNKIND3_nan,0.0832154
CNKIND4_1.0,
CNKIND4_2.0,0.0832154
CNKIND4_nan,0.0832154
CNKIND5_1.0,0.656736
CNKIND5_2.0,0.222794
CNKIND5_nan,0.0832154
CNKIND6_1.0,0.558397
CNKIND6_2.0,0.484111
CNKIND6_nan,0.421126
CNKIND7_1.0,0.209844
CNKIND7_2.0,0.213271
CNKIND7_nan,0.0832154
CNKIND8_2.0,0.0832154
CNKIND8_nan,0.0832154
CNKIND9_2.0,0.0832154
CNKIND9_nan,0.0832154
CNKIND10_1.0,0.0192707
CNKIND10_2.0,0.0883228
CNKIND10_nan,0.0832154
CNKIND11_1.0,
CNKIND11_2.0,0.0832154
CNKIND11_nan,0.0832154
CNKIND12_1.0,
CNKIND12_2.0,0.0832154
CNKIND12_nan,0.0832154
CNKIND13_1.0,
CNKIND13_2.0,0.0832154
CNKIND13_nan,0.0832154
CNKIND14_1.0,
CNKIND14_2.0,0.0832154
CNKIND14_nan,0.0832154
CNKIND15_1.0,0.4684
CNKIND15_2.0,0.145207
CNKIND15_nan,0.0832154
CNKIND16_1.0,0.101397
CNKIND16_2.0,0.0443854
CNKIND16_nan,0.0832154
CNKIND17_1.0,
CNKIND17_2.0,0.0832154
CNKIND17_nan,0.0832154
CNKIND18_1.0,0.153397
CNKIND18_2.0,0.431835
CNKIND18_nan,0.421126
CNKIND19_2.0,0.0832154
CNKIND19_nan,0.0832154
CNKIND20_1.0,0.23864
CNKIND20_2.0,0.103833
CNKIND20_nan,0.288757
CNKIND21_1.0,
CNKIND21_2.0,0.0832154
CNKIND21_nan,0.0832154
CNKIND22_1.0,0.429018
CNKIND22_2.0,0.146726
CNKIND22_nan,0.0832154
CNKIND23_1.0,0.767505
CNKIND23_2.0,0.0519218
CNKIND23_nan,0.0832154
CNKIND24_1.0,
CNKIND24_2.0,0.0832154
CNKIND24_nan,0.0832154
CNKIND25_1.0,
CNKIND25_2.0,0.0832154
CNKIND25_nan,0.0832154
CNKIND26_1.0,0.32638
CNKIND26_2.0,0.2745
CNKIND26_nan,0.288757
CNKIND27_1.0,0.939127
CNKIND27_2.0,0.115982
CNKIND27_nan,0.0832154
CNKIND28_1.0,0.603343
CNKIND28_2.0,0.122847
CNKIND28_nan,0.0832154
CNKIND29_1.0,0.929456
CNKIND29_2.0,0.415294
CNKIND29_nan,0.421126
CNKIND30_1.0,0.282596
CNKIND30_2.0,0.0635617
CNKIND30_nan,0.0832154
CNKIND31_2.0,
CNKIND31_nan,
PREGEVER_1.0,0.463717
PREGEVER_2.0,0.949948
PREGEVER_nan,0.645182
DBHVPAY_1.0,0.356886
DBHVPAY_2.0,0.650656
DBHVPAY_nan,0.0781044
DBHVCLY_1.0,0.79866
DBHVCLY_2.0,0.179211
DBHVCLY_nan,0.0781044
DBHVWLY_1.0,0.758532
DBHVWLY_2.0,0.157612
DBHVWLY_nan,0.0781044
DBHVPAN_1.0,0.134622
DBHVPAN_2.0,0.858011
DBHVPAN_nan,0.0781044
DBHVCLN_1.0,0.686144
DBHVCLN_2.0,0.592489
DBHVCLN_nan,0.0781044
DBHVWLN_1.0,0.50466
DBHVWLN_2.0,0.286378
DBHVWLN_nan,0.0781044
DIBREL_1.0,0.140267
DIBREL_2.0,0.640543
DIBREL_nan,0.204153
DIBEV1_1.0,0.25001
DIBEV1_2.0,0.259759
DIBEV1_3.0,0.625578
DIBEV1_nan,0.0781044
DIBPRE2_1.0,0.733185
DIBPRE2_2.0,0.182526
DIBPRE2_nan,0.0988867
DIBTEST_1.0,0.211163
DIBTEST_2.0,0.0665
DIBTEST_3.0,0.0293774
DIBTEST_4.0,0.0096555
DIBTEST_5.0,0.250049
DIBTEST_nan,0.127533
DIBTYPE_1.0,0.829704
DIBTYPE_2.0,0.43536
DIBTYPE_3.0,
DIBTYPE_nan,0.303984
DIBPILL1_1.0,0.590557
DIBPILL1_2.0,0.572498
DIBPILL1_nan,0.291059
INSLN1_1.0,0.335305
INSLN1_2.0,0.329845
INSLN1_nan,0.291059
DIBINS2_1.0,0.5601
DIBINS2_2.0,
DIBINS2_3.0,0.697917
DIBINS2_4.0,0.0425863
DIBINS2_nan,0.314658
DIBINS3_1.0,
DIBINS3_2.0,0.335305
DIBINS3_nan,0.335305
DIBINS4_2.0,
DIBINS4_nan,
EPILEP1_1.0,0.450379
EPILEP1_2.0,0.0911774
EPILEP1_nan,0.0781044
EPILEP2_1.0,0.617089
EPILEP2_2.0,0.297017
EPILEP2_nan,0.450379
EPILEP3_0.0,0.630552
EPILEP3_1.0,
EPILEP3_2.0,0.767505
EPILEP3_4.0,0.939127
EPILEP3_nan,0.450379
EPILEP4_1.0,0.84853
EPILEP4_2.0,0.516229
EPILEP4_nan,0.450379
EPILEP5_1.0,0.606013
EPILEP5_2.0,0.939127
EPILEP5_3.0,
EPILEP5_nan,0.450379
DIBGDM_1.0,0.806194
DIBGDM_2.0,0.420277
DIBGDM_nan,0.463717
DIBBABY_1.0,0.537854
DIBBABY_2.0,0.306211
DIBBABY_nan,0.463717
DIBPRGM_1.0,0.227308
DIBPRGM_2.0,0.100391
DIBPRGM_nan,0.0988867
DIBREFER_1.0,0.32701
DIBREFER_2.0,0.111148
DIBREFER_nan,0.0988867
DIBBEGIN_1.0,0.571482
DIBBEGIN_2.0,0.741501
DIBBEGIN_3.0,0.286695
DIBBEGIN_nan,0.100391
AHAYFYR_1.0,0.429249
AHAYFYR_2.0,0.29073
AHAYFYR_nan,0.0781044
SINYR_1.0,0.308669
SINYR_2.0,0.379163
SINYR_nan,0.0781044
CBRCHYR_1.0,0.915363
CBRCHYR_2.0,0.110927
CBRCHYR_nan,0.0781044
KIDWKYR_1.0,0.614608
KIDWKYR_2.0,0.0801261
KIDWKYR_nan,0.0781044
LIVYR_1.0,0.480906
LIVYR_2.0,0.0650473
LIVYR_nan,0.0781044
JNTSYMP_1.0,0.0614178
JNTSYMP_2.0,0.403408
JNTSYMP_nan,0.0781044
JMTHP1_1.0,0.882617
JMTHP1_2.0,0.0182542
JMTHP1_nan,0.0531076
JMTHP2_1.0,0.781287
JMTHP2_2.0,0.100516
JMTHP2_nan,0.0531076
JMTHP3_1.0,0.608821
JMTHP3_2.0,0.129398
JMTHP3_nan,0.0531076
JMTHP4_1.0,0.257687
JMTHP4_2.0,0.0774146
JMTHP4_nan,0.0531076
JMTHP5_1.0,0.884391
JMTHP5_2.0,0.0279395
JMTHP5_nan,0.0531076
JMTHP6_1.0,0.893412
JMTHP6_2.0,0.0394008
JMTHP6_nan,0.0531076
JMTHP7_1.0,0.2854
JMTHP7_2.0,0.158323
JMTHP7_nan,0.0531076
JMTHP8_1.0,0.366154
JMTHP8_2.0,0.16542
JMTHP8_nan,0.0531076
JMTHP9_1.0,0.000350041
JMTHP9_2.0,0.634825
JMTHP9_nan,0.0531076
JMTHP10_1.0,0.000496293
JMTHP10_2.0,0.710172
JMTHP10_nan,0.0531076
JMTHP11_1.0,0.498333
JMTHP11_2.0,0.116365
JMTHP11_nan,0.0531076
JMTHP12_1.0,0.948475
JMTHP12_2.0,0.0736778
JMTHP12_nan,0.0531076
JMTHP13_1.0,0.642631
JMTHP13_2.0,0.028951
JMTHP13_nan,0.0531076
JMTHP14_1.0,0.817672
JMTHP14_2.0,0.0383244
JMTHP14_nan,0.0531076
JMTHP15_1.0,0.681496
JMTHP15_2.0,0.158655
JMTHP15_nan,0.0531076
JMTHP16_1.0,0.731228
JMTHP16_2.0,0.0501515
JMTHP16_nan,0.0531076
JMTHP17_1.0,0.387248
JMTHP17_2.0,0.0225489
JMTHP17_nan,0.0531076
JNTCHR_1.0,0.172862
JNTCHR_2.0,0.378019
JNTCHR_nan,0.0544857
JNTHP_1.0,0.884669
JNTHP_2.0,0.00477428
JNTHP_nan,0.0614178
ARTH1_1.0,0.393973
ARTH1_2.0,0.48403
ARTH1_nan,0.0781044
ARTHLMT_1.0,0.927815
ARTHLMT_2.0,0.0408448
ARTHLMT_nan,0.151745
PAINECK_1.0,0.322202
PAINECK_2.0,0.542516
PAINECK_nan,0.0781044
PAINLB_1.0,0.278436
PAINLB_2.0,0.803379
PAINLB_nan,0.0781044
PAINLEG_1.0,0.469121
PAINLEG_2.0,0.00901093
PAINLEG_nan,0.277671
PAINFACE_1.0,0.956895
PAINFACE_2.0,0.0946246
PAINFACE_nan,0.0781044
AMIGR_1.0,0.834206
AMIGR_2.0,0.125492
AMIGR_nan,0.0781044
ACOLD2W_1.0,0.158258
ACOLD2W_2.0,0.188625
ACOLD2W_nan,0.0745685
AINTIL2W_1.0,0.581636
AINTIL2W_2.0,0.174552
AINTIL2W_nan,0.0781044
PREGNOW_1.0,0.361248
PREGNOW_2.0,0.880187
PREGNOW_nan,0.82439
PREGFLYR_1.0,0.0368278
PREGFLYR_2.0,0.867457
PREGFLYR_nan,0.924605
HRAIDNOW_1.0,0.652896
HRAIDNOW_2.0,0.0617701
HRAIDNOW_nan,0.0781044
HRAIDEV_1.0,0.346135
HRAIDEV_2.0,0.0459221
HRAIDEV_nan,0.0617701
AHEARST1_1.0,0.804915
AHEARST1_2.0,0.300991
AHEARST1_3.0,0.0243035
AHEARST1_4.0,0.60967
AHEARST1_5.0,0.662414
AHEARST1_6.0,
AHEARST1_nan,0.0781044
AVISION_1.0,0.338881
AVISION_2.0,0.158905
AVISION_nan,0.0781044
ABLIND_1.0,0.391417
ABLIND_2.0,0.466673
ABLIND_nan,0.338881
VIM-DREV_1.0,0.683118
VIM-DREV_2.0,0.102498
VIM-DREV_nan,0.0781044
VIMLS-DR_1.0,
VIMLS-DR_2.0,0.45053
VIMLS-DR_nan,0.45053
VIM-CAEV_1.0,0.573417
VIM-CAEV_2.0,0.183293
VIM-CAEV_nan,0.0824345
VIMLS-CA_1.0,0.878229
VIMLS-CA_2.0,0.228352
VIMLS-CA_nan,0.573417
VIMCSURG_1.0,0.539338
VIMCSURG_2.0,0.544195
VIMCSURG_nan,0.573417
VIM-GLEV_1.0,0.94661
VIM-GLEV_2.0,0.0998907
VIM-GLEV_nan,0.0781044
VIMLS-GL_1.0,0.510098
VIMLS-GL_2.0,0.737534
VIMLS-GL_nan,0.94661
VIM-MDEV_1.0,0.899656
VIM-MDEV_2.0,0.0835395
VIM-MDEV_nan,0.0781044
VIMLS-MD_1.0,0.795965
VIMLS-MD_2.0,0.671757
VIMLS-MD_nan,0.899656
VIMGLASS_1.0,0.116529
VIMGLASS_2.0,0.785828
VIMGLASS_nan,0.0780522
VIMREAD_1.0,0.0693903
VIMREAD_2.0,0.185647
VIMREAD_nan,0.116529
VIMDRIVE_1.0,0.210241
VIMDRIVE_2.0,0.528279
VIMDRIVE_nan,0.116529
AVISREH_1.0,0.113493
AVISREH_2.0,0.295702
AVISREH_nan,0.338881
AVISDEV_1.0,0.00545567
AVISDEV_2.0,0.251938
AVISDEV_nan,0.338881
AVDF-NWS_0.0,0.190516
AVDF-NWS_1.0,0.398035
AVDF-NWS_2.0,0.0793329
AVDF-NWS_3.0,0.620491
AVDF-NWS_4.0,0.775529
AVDF-NWS_6.0,
AVDF-NWS_nan,0.0780522
AVDF-CLS_0.0,0.305163
AVDF-CLS_1.0,0.328729
AVDF-CLS_2.0,0.495209
AVDF-CLS_3.0,0.778103
AVDF-CLS_4.0,
AVDF-CLS_6.0,0.939127
AVDF-CLS_nan,0.0780522
AVDF-NIT_0.0,0.0503846
AVDF-NIT_1.0,0.822089
AVDF-NIT_2.0,0.652592
AVDF-NIT_3.0,0.791676
AVDF-NIT_4.0,
AVDF-NIT_6.0,0.794947
AVDF-NIT_nan,0.0780522
AVDF-DRV_0.0,0.0724346
AVDF-DRV_1.0,0.215262
AVDF-DRV_2.0,0.592993
AVDF-DRV_3.0,
AVDF-DRV_4.0,
AVDF-DRV_6.0,0.721051
AVDF-DRV_nan,0.0780522
AVDF-PER_0.0,0.0484188
AVDF-PER_1.0,0.208201
AVDF-PER_2.0,0.950374
AVDF-PER_3.0,0.937404
AVDF-PER_4.0,
AVDF-PER_6.0,
AVDF-PER_nan,0.0780522
AVDF-CRD_0.0,0.221755
AVDF-CRD_1.0,0.499491
AVDF-CRD_2.0,0.946859
AVDF-CRD_3.0,0.108987
AVDF-CRD_4.0,
AVDF-CRD_6.0,
AVDF-CRD_nan,0.0780522
AVISEXAM_1.0,0.216112
AVISEXAM_2.0,0.618144
AVISEXAM_3.0,0.933021
AVISEXAM_4.0,0.0357846
AVISEXAM_5.0,0.685783
AVISEXAM_nan,0.0564582
AVISACT_1.0,0.324622
AVISACT_2.0,0.358053
AVISACT_nan,0.0781044
AVISPROT_1.0,0.580448
AVISPROT_2.0,0.73828
AVISPROT_3.0,0.685357
AVISPROT_4.0,0.304647
AVISPROT_nan,0.324622
LUPPRT_1.0,0.57708
LUPPRT_2.0,0.15445
LUPPRT_nan,0.0781044
CHPAIN6M_1.0,0.655858
CHPAIN6M_2.0,0.237435
CHPAIN6M_3.0,0.331793
CHPAIN6M_4.0,0.37096
CHPAIN6M_nan,0.0781044
PAINLMT_1.0,0.273016
PAINLMT_2.0,0.981111
PAINLMT_3.0,0.764686
PAINLMT_4.0,0.153516
PAINLMT_nan,0.206131
HYPYR1_1.0,0.662537
HYPYR1_2.0,0.163518
HYPYR1_nan,0.282632
ACHRC14A_1.0,
ACHRC14A_nan,
ADURB14A_4.0,
ADURB14A_nan,
AFLHC19-_1.0,0.715577
AFLHC19-_2.0,0.429458
AFLHC19-_nan,0.329629
AFLHC20-_1.0,0.590713
AFLHC20-_2.0,0.0466235
AFLHC20-_nan,0.329629
AFLHC21-_1.0,0.378207
AFLHC21-_2.0,0.326108
AFLHC21-_nan,0.329629
AFLHC22-_1.0,0.937404
AFLHC22-_2.0,0.315866
AFLHC22-_nan,0.329629
AFLHC23-_1.0,0.697917
AFLHC23-_2.0,0.283332
AFLHC23-_nan,0.329629
AFLHC24-_1.0,0.582297
AFLHC24-_2.0,0.257872
AFLHC24-_nan,0.329629
AFLHC25-_1.0,
AFLHC25-_2.0,0.329629
AFLHC25-_nan,0.329629
AFLHC26-_1.0,
AFLHC26-_2.0,0.329629
AFLHC26-_nan,0.329629
AFLHC27-_1.0,
AFLHC27-_2.0,0.329629
AFLHC27-_nan,0.329629
AFLHC28-_1.0,
AFLHC28-_2.0,0.329629
AFLHC28-_nan,0.329629
AFLHC29-_2.0,0.329629
AFLHC29-_nan,0.329629
AFLHC30-_1.0,0.113493
AFLHC30-_2.0,0.399304
AFLHC30-_nan,0.329629
AFLHC31-_1.0,0.54629
AFLHC31-_2.0,0.412496
AFLHC31-_nan,0.329629
AFLHC32-_1.0,0.436901
AFLHC32-_2.0,0.37981
AFLHC32-_nan,0.329629
AFLHC33-_1.0,0.00609181
AFLHC33-_2.0,0.592364
AFLHC33-_nan,0.329629
AFLHC34-_1.0,0.794947
AFLHC34-_2.0,0.305149
AFLHC34-_nan,0.329629
AFLHCA1_1.0,0.177137
AFLHCA1_2.0,0.351372
AFLHCA1_nan,0.329629
AFLHCA10_1.0,0.929456
AFLHCA10_2.0,0.322062
AFLHCA10_nan,0.329629
AFLHCA11_1.0,0.488313
AFLHCA11_2.0,0.493901
AFLHCA11_nan,0.329629
AFLHCA12_1.0,0.603343
AFLHCA12_2.0,0.438394
AFLHCA12_nan,0.329629
AFLHCA13_1.0,0.275619
AFLHCA13_2.0,0.39681
AFLHCA13_nan,0.329629
AFLHCA15_1.0,
AFLHCA15_2.0,0.329629
AFLHCA15_nan,0.329629
AFLHCA16_1.0,0.767505
AFLHCA16_2.0,0.311172
AFLHCA16_nan,0.329629
AFLHCA17_1.0,0.297092
AFLHCA17_2.0,0.115424
AFLHCA17_nan,0.329629
AFLHCA18_1.0,0.852724
AFLHCA18_2.0,0.279369
AFLHCA18_nan,0.329629
AFLHCA2_1.0,0.929456
AFLHCA2_2.0,0.322062
AFLHCA2_nan,0.329629
AFLHCA3_1.0,0.418372
AFLHCA3_2.0,0.725261
AFLHCA3_nan,0.329629
AFLHCA4_1.0,0.919035
AFLHCA4_2.0,0.0528876
AFLHCA4_nan,0.329629
AFLHCA5_1.0,0.316799
AFLHCA5_2.0,0.434731
AFLHCA5_nan,0.329629
AFLHCA6_1.0,0.565491
AFLHCA6_2.0,0.275266
AFLHCA6_nan,0.329629
AFLHCA7_1.0,0.406827
AFLHCA7_2.0,0.413421
AFLHCA7_nan,0.329629
AFLHCA8_1.0,0.378207
AFLHCA8_2.0,0.326108
AFLHCA8_nan,0.329629
AFLHCA9_1.0,0.793537
AFLHCA9_2.0,0.393423
AFLHCA9_nan,0.329629
AFLHCA90_1.0,0.686836
AFLHCA90_2.0,0.394795
AFLHCA90_nan,0.329629
AFLHCA91_2.0,0.329629
AFLHCA91_nan,0.329629
AHSTATYR_1.0,0.918498
AHSTATYR_2.0,0.99008
AHSTATYR_3.0,0.15397
AHSTATYR_nan,0.0781044
ALCHRC1_1.0,0.177137
ALCHRC1_nan,0.177137
ALCHRC10_1.0,0.929456
ALCHRC10_nan,0.929456
ALCHRC11_1.0,0.488313
ALCHRC11_2.0,
ALCHRC11_nan,0.488313
ALCHRC12_1.0,0.603343
ALCHRC12_nan,0.603343
ALCHRC13_1.0,0.275619
ALCHRC13_nan,0.275619
ALCHRC15_1.0,
ALCHRC15_nan,
ALCHRC16_1.0,0.767505
ALCHRC16_nan,0.767505
ALCHRC17_1.0,0.357678
ALCHRC17_2.0,
ALCHRC17_nan,0.357678
ALCHRC18_1.0,0.852724
ALCHRC18_nan,0.852724
ALCHRC19_1.0,0.715577
ALCHRC19_nan,0.715577
ALCHRC2_1.0,0.929456
ALCHRC2_2.0,
ALCHRC2_nan,0.929456
ALCHRC20_1.0,0.590713
ALCHRC20_2.0,
ALCHRC20_nan,0.590713
ALCHRC21_1.0,0.378207
ALCHRC21_nan,0.378207
ALCHRC22_1.0,0.937404
ALCHRC22_nan,0.937404
ALCHRC23_1.0,0.697917
ALCHRC23_2.0,
ALCHRC23_nan,0.697917
ALCHRC24_1.0,0.582297
ALCHRC24_2.0,
ALCHRC24_nan,0.582297
ALCHRC25_1.0,
ALCHRC25_2.0,
ALCHRC25_nan,
ALCHRC26_1.0,
ALCHRC26_nan,
ALCHRC27_1.0,
ALCHRC27_2.0,
ALCHRC27_nan,
ALCHRC28_1.0,
ALCHRC28_nan,
ALCHRC29_nan,
ALCHRC3_1.0,0.418372
ALCHRC3_nan,0.418372
ALCHRC30_1.0,0.113493
ALCHRC30_nan,0.113493
ALCHRC31_1.0,0.54629
ALCHRC31_nan,0.54629
ALCHRC32_1.0,0.436901
ALCHRC32_nan,0.436901
ALCHRC33_1.0,0.00609181
ALCHRC33_nan,0.00609181
ALCHRC34_2.0,0.794947
ALCHRC34_nan,0.794947
ALCHRC4_1.0,0.919035
ALCHRC4_2.0,
ALCHRC4_nan,0.919035
ALCHRC5_1.0,0.316799
ALCHRC5_2.0,
ALCHRC5_nan,0.316799
ALCHRC6_1.0,0.565491
ALCHRC6_2.0,
ALCHRC6_nan,0.565491
ALCHRC7_1.0,0.406827
ALCHRC7_nan,0.406827
ALCHRC8_1.0,0.378207
ALCHRC8_nan,0.378207
ALCHRC9_1.0,0.793537
ALCHRC9_nan,0.793537
ALCHRC90_1.0,0.4684
ALCHRC90_2.0,
ALCHRC90_nan,0.4684
ALCHRC91_nan,
ALCHRONR_0.0,0.341641
ALCHRONR_1.0,0.286709
ALCHRONR_2.0,0.794947
ALCHRONR_3.0,0.543404
ALCHRONR_nan,0.0781044
ALCNDRT_1.0,0.286709
ALCNDRT_2.0,0.794947
ALCNDRT_nan,0.308624
ALDURB1_3.0,
ALDURB1_4.0,0.177137
ALDURB1_nan,0.177137
ALDURB10_3.0,0.767505
ALDURB10_4.0,0.939127
ALDURB10_nan,0.929456
ALDURB11_1.0,
ALDURB11_2.0,
ALDURB11_3.0,
ALDURB11_4.0,0.488313
ALDURB11_nan,0.488313
ALDURB12_2.0,0.939127
ALDURB12_3.0,0.282596
ALDURB12_4.0,0.939127
ALDURB12_nan,0.603343
ALDURB13_4.0,0.275619
ALDURB13_nan,0.275619
ALDURB15_4.0,
ALDURB15_nan,
ALDURB16_3.0,
ALDURB16_4.0,0.767505
ALDURB16_nan,0.767505
ALDURB17_1.0,
ALDURB17_3.0,
ALDURB17_4.0,0.357678
ALDURB17_nan,0.357678
ALDURB18_3.0,
ALDURB18_4.0,0.852724
ALDURB18_nan,0.852724
ALDURB19_3.0,0.939127
ALDURB19_4.0,0.282596
ALDURB19_nan,0.715577
ALDURB2_1.0,
ALDURB2_3.0,
ALDURB2_4.0,0.929456
ALDURB2_nan,0.929456
ALDURB20_1.0,
ALDURB20_2.0,0.679738
ALDURB20_3.0,0.837348
ALDURB20_4.0,0.736729
ALDURB20_nan,0.590713
ALDURB21_2.0,
ALDURB21_3.0,0.378207
ALDURB21_4.0,
ALDURB21_nan,0.378207
ALDURB22_4.0,0.937404
ALDURB22_nan,0.937404
ALDURB23_1.0,
ALDURB23_2.0,
ALDURB23_3.0,
ALDURB23_4.0,0.697917
ALDURB23_nan,0.697917
ALDURB24_1.0,
ALDURB24_3.0,
ALDURB24_4.0,0.582297
ALDURB24_nan,0.582297
ALDURB25_1.0,
ALDURB25_3.0,
ALDURB25_4.0,
ALDURB25_nan,
ALDURB26_4.0,
ALDURB26_nan,
ALDURB27_1.0,
ALDURB27_4.0,
ALDURB27_nan,
ALDURB28_4.0,
ALDURB28_nan,
ALDURB29_nan,
ALDURB3_1.0,
ALDURB3_2.0,
ALDURB3_3.0,0.522067
ALDURB3_4.0,0.220467
ALDURB3_nan,0.418372
ALDURB30_4.0,0.113493
ALDURB30_nan,0.113493
ALDURB31_3.0,0.939127
ALDURB31_4.0,0.113493
ALDURB31_nan,0.54629
ALDURB32_2.0,
ALDURB32_3.0,0.767505
ALDURB32_4.0,0.113493
ALDURB32_nan,0.436901
ALDURB33_3.0,
ALDURB33_4.0,0.00609181
ALDURB33_nan,0.00609181
ALDURB34_1.0,
ALDURB34_2.0,
ALDURB34_3.0,0.794947
ALDURB34_nan,0.794947
ALDURB4_1.0,
ALDURB4_2.0,0.767505
ALDURB4_3.0,0.752167
ALDURB4_4.0,0.726232
ALDURB4_nan,0.919035
ALDURB5_1.0,
ALDURB5_2.0,
ALDURB5_3.0,0.603508
ALDURB5_4.0,0.392398
ALDURB5_nan,0.316799
ALDURB6_1.0,
ALDURB6_2.0,
ALDURB6_3.0,
ALDURB6_4.0,0.565491
ALDURB6_nan,0.565491
ALDURB7_1.0,
ALDURB7_3.0,
ALDURB7_4.0,0.406827
ALDURB7_nan,0.406827
ALDURB8_1.0,0.378207
ALDURB8_2.0,
ALDURB8_3.0,
ALDURB8_4.0,
ALDURB8_nan,0.378207
ALDURB9_4.0,0.793537
ALDURB9_nan,0.793537
ALDURB90_1.0,
ALDURB90_3.0,
ALDURB90_4.0,0.4684
ALDURB90_nan,0.4684
ALDURB91_nan,
ALHCA14A_1.0,
ALHCA14A_2.0,0.329629
ALHCA14A_nan,0.329629
ALUNIT1_4.0,0.707647
ALUNIT1_6.0,0.113493
ALUNIT1_nan,0.177137
ALUNIT10_4.0,0.929456
ALUNIT10_nan,0.929456
ALUNIT11_3.0,
ALUNIT11_4.0,0.488313
ALUNIT11_6.0,
ALUNIT11_nan,0.488313
ALUNIT12_3.0,0.592993
ALUNIT12_4.0,0.282596
ALUNIT12_nan,0.603343
ALUNIT13_6.0,0.275619
ALUNIT13_nan,0.275619
ALUNIT15_3.0,
ALUNIT15_4.0,
ALUNIT15_6.0,
ALUNIT15_nan,
ALUNIT16_4.0,0.767505
ALUNIT16_nan,0.767505
ALUNIT17_3.0,
ALUNIT17_4.0,0.357678
ALUNIT17_6.0,
ALUNIT17_nan,0.357678
ALUNIT18_3.0,
ALUNIT18_4.0,0.823833
ALUNIT18_6.0,0.119762
ALUNIT18_nan,0.852724
ALUNIT19_3.0,0.939127
ALUNIT19_4.0,0.282596
ALUNIT19_nan,0.715577
ALUNIT2_1.0,
ALUNIT2_4.0,0.767505
ALUNIT2_6.0,0.939127
ALUNIT2_nan,0.929456
ALUNIT20_1.0,
ALUNIT20_2.0,
ALUNIT20_3.0,0.863918
ALUNIT20_4.0,0.763581
ALUNIT20_6.0,
ALUNIT20_nan,0.590713
ALUNIT21_3.0,0.378207
ALUNIT21_4.0,
ALUNIT21_6.0,
ALUNIT21_nan,0.378207
ALUNIT22_4.0,0.937404
ALUNIT22_nan,0.937404
ALUNIT23_2.0,
ALUNIT23_3.0,
ALUNIT23_4.0,0.697917
ALUNIT23_6.0,
ALUNIT23_nan,0.697917
ALUNIT24_2.0,
ALUNIT24_3.0,
ALUNIT24_4.0,0.582297
ALUNIT24_nan,0.582297
ALUNIT25_3.0,
ALUNIT25_4.0,
ALUNIT25_nan,
ALUNIT26_4.0,
ALUNIT26_6.0,
ALUNIT26_nan,
ALUNIT27_3.0,
ALUNIT27_4.0,
ALUNIT27_nan,
ALUNIT28_3.0,
ALUNIT28_4.0,
ALUNIT28_nan,
ALUNIT29_nan,
ALUNIT3_3.0,0.939127
ALUNIT3_4.0,0.38378
ALUNIT3_6.0,
ALUNIT3_nan,0.418372
ALUNIT30_4.0,0.113493
ALUNIT30_6.0,
ALUNIT30_nan,0.113493
ALUNIT31_3.0,
ALUNIT31_4.0,0.54629
ALUNIT31_nan,0.54629
ALUNIT32_3.0,
ALUNIT32_4.0,0.436901
ALUNIT32_nan,0.436901
ALUNIT33_3.0,
ALUNIT33_4.0,0.340181
ALUNIT33_6.0,0.0294975
ALUNIT33_nan,0.00609181
ALUNIT34_2.0,0.794947
ALUNIT34_3.0,
ALUNIT34_nan,0.794947
ALUNIT4_1.0,
ALUNIT4_2.0,
ALUNIT4_3.0,0.83884
ALUNIT4_4.0,0.901165
ALUNIT4_6.0,0.794947
ALUNIT4_nan,0.919035
ALUNIT5_2.0,
ALUNIT5_3.0,0.601213
ALUNIT5_4.0,0.116134
ALUNIT5_6.0,
ALUNIT5_nan,0.316799
ALUNIT6_3.0,
ALUNIT6_4.0,0.565491
ALUNIT6_nan,0.565491
ALUNIT7_2.0,
ALUNIT7_3.0,
ALUNIT7_4.0,0.282596
ALUNIT7_6.0,0.378207
ALUNIT7_nan,0.406827
ALUNIT8_2.0,0.378207
ALUNIT8_3.0,
ALUNIT8_4.0,
ALUNIT8_nan,0.378207
ALUNIT9_4.0,0.793537
ALUNIT9_nan,0.793537
ALUNIT90_2.0,
ALUNIT90_3.0,
ALUNIT90_4.0,0.4684
ALUNIT90_6.0,
ALUNIT90_nan,0.4684
ALUNIT91_nan,
ATIME14A_96.0,
ATIME14A_nan,
AUNIT14A_6.0,
AUNIT14A_nan,
FLA1AR_1.0,0.316964
FLA1AR_2.0,0.341641
FLA1AR_3.0,
FLA1AR_nan,0.0781044
FLCARRY_0.0,0.172889
FLCARRY_1.0,0.891809
FLCARRY_2.0,0.348737
FLCARRY_3.0,0.880402
FLCARRY_4.0,0.767505
FLCARRY_6.0,0.748541
FLCARRY_nan,0.0781044
FLCLIMB_0.0,0.281595
FLCLIMB_1.0,0.922803
FLCLIMB_2.0,0.359897
FLCLIMB_3.0,0.343987
FLCLIMB_4.0,0.767505
FLCLIMB_6.0,0.939127
FLCLIMB_nan,0.0781044
FLGRASP_0.0,0.127174
FLGRASP_1.0,0.241255
FLGRASP_2.0,0.778377
FLGRASP_3.0,0.650408
FLGRASP_4.0,
FLGRASP_nan,0.0781044
FLPUSH_0.0,0.289154
FLPUSH_1.0,0.0936524
FLPUSH_2.0,0.358863
FLPUSH_3.0,0.570098
FLPUSH_4.0,0.555417
FLPUSH_6.0,0.813161
FLPUSH_nan,0.0781044
FLREACH_0.0,0.0939044
FLREACH_1.0,0.0174015
FLREACH_2.0,0.896447
FLREACH_3.0,0.763568
FLREACH_4.0,0.939127
FLREACH_6.0,
FLREACH_nan,0.0781044
FLRELAX_0.0,0.126987
FLRELAX_1.0,0.194411
FLRELAX_2.0,0.0174192
FLRELAX_3.0,0.767505
FLRELAX_4.0,
FLRELAX_6.0,
FLRELAX_nan,0.0781044
FLSHOP_0.0,0.166528
FLSHOP_1.0,0.755698
FLSHOP_2.0,0.823839
FLSHOP_3.0,0.767505
FLSHOP_4.0,
FLSHOP_6.0,0.7129
FLSHOP_nan,0.0781044
FLSIT_0.0,0.114008
FLSIT_1.0,0.414756
FLSIT_2.0,0.418344
FLSIT_3.0,0.295116
FLSIT_4.0,
FLSIT_6.0,
FLSIT_nan,0.0781044
FLSOCL_0.0,0.140895
FLSOCL_1.0,0.833775
FLSOCL_2.0,0.620882
FLSOCL_3.0,0.597328
FLSOCL_4.0,
FLSOCL_6.0,0.486151
FLSOCL_nan,0.0781044
FLSTAND_0.0,0.279148
FLSTAND_1.0,0.862953
FLSTAND_2.0,0.691641
FLSTAND_3.0,0.625832
FLSTAND_4.0,0.767505
FLSTAND_6.0,0.697917
FLSTAND_nan,0.0781044
FLSTOOP_0.0,0.541623
FLSTOOP_1.0,0.501721
FLSTOOP_2.0,0.989498
FLSTOOP_3.0,0.275535
FLSTOOP_4.0,0.113143
FLSTOOP_6.0,0.939127
FLSTOOP_nan,0.0781044
FLWALK_0.0,0.0837334
FLWALK_1.0,0.31667
FLWALK_2.0,0.515112
FLWALK_3.0,0.160341
FLWALK_4.0,0.281905
FLWALK_6.0,0.52752
FLWALK_nan,0.0781044
SPECEQ_1.0,0.301089
SPECEQ_2.0,0.0675201
SPECEQ_nan,0.0781044
ALC12MTP_0.0,0.115459
ALC12MTP_1.0,0.813608
ALC12MTP_2.0,0.000645234
ALC12MTP_3.0,0.516885
ALC12MTP_nan,0.0798479
ALC1YR_1.0,0.0139175
ALC1YR_2.0,0.757812
ALC1YR_nan,0.111829
ALC5UPT1_0.0,0.434639
ALC5UPT1_1.0,0.776281
ALC5UPT1_2.0,0.108577
ALC5UPT1_3.0,0.0347485
ALC5UPT1_nan,0.0741625
ALCLIFE_1.0,0.303722
ALCLIFE_2.0,0.977142
ALCLIFE_nan,0.788178
CIGAREV2_1.0,0.199322
CIGAREV2_2.0,0.265849
CIGAREV2_nan,0.0808768
CIGCUR2_1.0,0.54629
CIGCUR2_2.0,0.446991
CIGCUR2_3.0,0.369503
CIGCUR2_nan,0.199322
CIGQTYR_1.0,0.64942
CIGQTYR_2.0,0.276389
CIGQTYR_nan,0.533235
ECIGCUR2_1.0,0.37863
ECIGCUR2_2.0,0.919014
ECIGCUR2_3.0,0.479988
ECIGCUR2_nan,0.458009
ECIGEV2_1.0,0.458009
ECIGEV2_2.0,0.120387
ECIGEV2_nan,0.0843948
MODLNGTP_1.0,0.167267
MODLNGTP_2.0,0.315332
MODLNGTP_nan,0.381251
MODTP_0.0,0.800613
MODTP_1.0,0.0948839
MODTP_2.0,0.212774
MODTP_3.0,0.524386
MODTP_4.0,0.0591367
MODTP_6.0,0.113493
MODTP_nan,0.14156
PIPECUR2_1.0,0.582297
PIPECUR2_2.0,0.463764
PIPECUR2_3.0,0.23221
PIPECUR2_nan,0.164054
PIPEV2_1.0,0.164054
PIPEV2_2.0,0.423117
PIPEV2_nan,0.0808768
SMKEV_1.0,0.124
SMKEV_2.0,0.845779
SMKEV_nan,0.0843948
SMKLSCR2_1.0,0.908815
SMKLSCR2_2.0,0.506359
SMKLSCR2_3.0,0.274764
SMKLSCR2_nan,0.408114
SMKLSTB1_1.0,0.408114
SMKLSTB1_2.0,0.0188938
SMKLSTB1_nan,0.0808768
SMKNOW_1.0,0.93351
SMKNOW_2.0,0.503097
SMKNOW_3.0,0.00840547
SMKNOW_nan,0.124
SMKQTTP_1.0,0.378207
SMKQTTP_2.0,0.258711
SMKQTTP_3.0,0.824189
SMKQTTP_4.0,0.0354893
SMKQTTP_nan,0.00840547
STRNGTP_0.0,0.524732
STRNGTP_1.0,0.470922
STRNGTP_2.0,0.317288
STRNGTP_3.0,0.345151
STRNGTP_4.0,
STRNGTP_6.0,
STRNGTP_nan,0.162225
VIGLNGTP_1.0,0.694041
VIGLNGTP_2.0,0.280714
VIGLNGTP_nan,0.253044
VIGTP_0.0,0.422205
VIGTP_1.0,0.513208
VIGTP_2.0,0.0484946
VIGTP_3.0,0.6657
VIGTP_4.0,0.83852
VIGTP_6.0,0.408016
VIGTP_nan,0.161198
SMKSTAT2_1.0,0.93351
SMKSTAT2_2.0,0.503097
SMKSTAT2_3.0,0.00840547
SMKSTAT2_4.0,0.845779
SMKSTAT2_5.0,
SMKSTAT2_nan,0.0843948
ALCSTAT_1.0,0.977142
ALCSTAT_10.0,0.389908
ALCSTAT_2.0,0.116854
ALCSTAT_3.0,0.383373
ALCSTAT_5.0,0.56223
ALCSTAT_6.0,0.000111988
ALCSTAT_7.0,0.4054
ALCSTAT_8.0,0.592117
ALCSTAT_9.0,0.258711
ALCSTAT_nan,0.0781044
AUSUALPL_1.0,0.0224062
AUSUALPL_2.0,0.108567
AUSUALPL_3.0,0.496656
AUSUALPL_nan,0.119039
APLKIND_1.0,0.57649
APLKIND_2.0,0.456522
APLKIND_3.0,0.132796
APLKIND_4.0,0.0206118
APLKIND_5.0,0.460133
APLKIND_6.0,0.249363
APLKIND_nan,0.0250943
AHCPLROU_1.0,0.140393
AHCPLROU_2.0,0.290468
AHCPLROU_nan,0.0286867
AHCPLKND_0.0,0.0212226
AHCPLKND_1.0,0.155064
AHCPLKND_2.0,0.654617
AHCPLKND_3.0,0.570405
AHCPLKND_4.0,
AHCPLKND_5.0,0.452976
AHCPLKND_6.0,0.811464
AHCPLKND_nan,0.165151
AHCCHGYR_1.0,0.121086
AHCCHGYR_2.0,0.0923151
AHCCHGYR_nan,0.0250943
AHCCHGHI_1.0,0.600547
AHCCHGHI_2.0,0.391777
AHCCHGHI_nan,0.121086
APRVTRYR_1.0,0.967352
APRVTRYR_2.0,0.0958576
APRVTRYR_nan,0.119039
APRVTRFD_1.0,0.9665
APRVTRFD_2.0,0.745914
APRVTRFD_nan,0.967352
ADRNANP_1.0,0.912205
ADRNANP_2.0,0.124053
ADRNANP_nan,0.119039
ADRNAI_1.0,0.440987
ADRNAI_2.0,0.0655925
ADRNAI_nan,0.119039
AHCDLYR1_1.0,0.879289
AHCDLYR1_2.0,0.154578
AHCDLYR1_nan,0.119039
AHCDLYR2_1.0,0.168483
AHCDLYR2_2.0,0.0449639
AHCDLYR2_nan,0.119039
AHCDLYR3_1.0,0.830628
AHCDLYR3_2.0,0.141518
AHCDLYR3_nan,0.119039
AHCDLYR4_1.0,0.0819393
AHCDLYR4_2.0,0.0375237
AHCDLYR4_nan,0.119039
AHCDLYR5_1.0,0.685627
AHCDLYR5_2.0,0.0982214
AHCDLYR5_nan,0.119039
AHCAFYR1_1.0,0.568629
AHCAFYR1_2.0,0.12974
AHCAFYR1_nan,0.119039
AHCAFYR2_1.0,0.728068
AHCAFYR2_2.0,0.142327
AHCAFYR2_nan,0.119039
AHCAFYR3_1.0,0.385956
AHCAFYR3_2.0,0.340893
AHCAFYR3_nan,0.119039
AHCAFYR4_1.0,0.659758
AHCAFYR4_2.0,0.0835096
AHCAFYR4_nan,0.119039
AHCAFYR5_1.0,0.633991
AHCAFYR5_2.0,0.118552
AHCAFYR5_nan,0.119039
AHCAFYR6_1.0,0.169954
AHCAFYR6_2.0,0.113872
AHCAFYR6_nan,0.119039
AWORPAY_1.0,0.323827
AWORPAY_2.0,0.333442
AWORPAY_3.0,0.563876
AWORPAY_nan,0.126487
AHICOMP_1.0,0.546262
AHICOMP_2.0,0.664008
AHICOMP_3.0,0.267284
AHICOMP_nan,0.141041
ARX12MO_1.0,0.300241
ARX12MO_2.0,0.587884
ARX12MO_nan,0.130532
ARX12-1_1.0,0.217883
ARX12-1_2.0,0.186009
ARX12-1_nan,0.300241
ARX12-2_1.0,0.489805
ARX12-2_2.0,0.177898
ARX12-2_nan,0.300241
ARX12-3_1.0,0.45052
ARX12-3_2.0,0.414179
ARX12-3_nan,0.300241
ARX12-4_1.0,0.363705
ARX12-4_2.0,0.17403
ARX12-4_nan,0.300241
ARX12-5_1.0,0.225754
ARX12-5_2.0,0.123993
ARX12-5_nan,0.126487
ARX12-6_1.0,0.623814
ARX12-6_2.0,0.104545
ARX12-6_nan,0.126487
ADNLONG2_0.0,0.763437
ADNLONG2_1.0,0.334907
ADNLONG2_2.0,0.738581
ADNLONG2_3.0,0.361223
ADNLONG2_4.0,0.437326
ADNLONG2_5.0,0.570706
ADNLONG2_nan,0.137512
AHCSYR1_1.0,0.626839
AHCSYR1_2.0,0.380045
AHCSYR1_nan,0.126487
AHCSYR2_1.0,0.838591
AHCSYR2_2.0,0.274796
AHCSYR2_nan,0.120987
AHCSYR3_1.0,0.59388
AHCSYR3_2.0,0.125276
AHCSYR3_nan,0.126487
AHCSYR4_1.0,0.603949
AHCSYR4_2.0,0.124387
AHCSYR4_nan,0.126487
AHCSYR5_1.0,0.80296
AHCSYR5_2.0,0.164696
AHCSYR5_nan,0.126487
AHCSYR6_1.0,0.0418524
AHCSYR6_2.0,0.0302796
AHCSYR6_nan,0.109012
AHCSYR7_1.0,0.580975
AHCSYR7_2.0,0.30553
AHCSYR7_nan,0.664172
AHCSYR8_1.0,0.16949
AHCSYR8_2.0,0.276776
AHCSYR8_nan,0.126487
AHCSYR9_1.0,0.116447
AHCSYR9_2.0,0.764798
AHCSYR9_nan,0.126487
AHCSYR10_1.0,0.667103
AHCSYR10_2.0,0.207194
AHCSYR10_nan,0.120746
AHERNOY2_0.0,0.0989504
AHERNOY2_1.0,0.713142
AHERNOY2_2.0,0.889976
AHERNOY2_3.0,0.54629
AHERNOY2_4.0,0.406827
AHERNOY2_5.0,0.258711
AHERNOY2_6.0,
AHERNOY2_nan,0.126487
AERVISND_1.0,0.719291
AERVISND_2.0,0.833748
AERVISND_nan,0.914207
AERHOS_1.0,0.407057
AERHOS_2.0,0.982545
AERHOS_nan,0.90442
AERREA1R_1.0,0.367867
AERREA1R_2.0,0.477335
AERREA1R_nan,0.90442
AERREA2R_1.0,0.503276
AERREA2R_2.0,0.953185
AERREA2R_nan,0.90442
AERREA3R_1.0,0.122673
AERREA3R_2.0,0.976788
AERREA3R_nan,0.90442
AERREA4R_1.0,0.303828
AERREA4R_2.0,0.190498
AERREA4R_nan,0.919205
AERREA5R_1.0,0.344499
AERREA5R_2.0,0.0736922
AERREA5R_nan,0.854786
AERREA6R_1.0,0.267213
AERREA6R_2.0,0.897095
AERREA6R_nan,0.90442
AERREA7R_1.0,0.000981052
AERREA7R_2.0,0.887812
AERREA7R_nan,0.90442
AERREA8R_1.0,0.321426
AERREA8R_2.0,0.808627
AERREA8R_nan,0.90442
AHCHYR_1.0,0.872136
AHCHYR_2.0,0.182158
AHCHYR_nan,0.126487
AHCHMOYR_1.0,0.863244
AHCHMOYR_10.0,0.939127
AHCHMOYR_11.0,
AHCHMOYR_12.0,0.113493
AHCHMOYR_2.0,0.281905
AHCHMOYR_3.0,
AHCHMOYR_4.0,
AHCHMOYR_5.0,0.939127
AHCHMOYR_7.0,0.939127
AHCHMOYR_8.0,
AHCHMOYR_9.0,
AHCHMOYR_nan,0.872136
AHCHNOY2_1.0,0.794947
AHCHNOY2_2.0,
AHCHNOY2_3.0,
AHCHNOY2_4.0,
AHCHNOY2_5.0,0.663487
AHCHNOY2_6.0,0.939127
AHCHNOY2_nan,0.950374
AHCNOYR2_0.0,0.174459
AHCNOYR2_1.0,0.792827
AHCNOYR2_2.0,0.587267
AHCNOYR2_3.0,0.127906
AHCNOYR2_4.0,0.758269
AHCNOYR2_5.0,0.529891
AHCNOYR2_6.0,0.870989
AHCNOYR2_nan,0.433915
ASRGYR_1.0,0.785049
ASRGYR_2.0,0.315409
ASRGYR_nan,0.120987
AMDLONGR_0.0,0.771114
AMDLONGR_1.0,0.456997
AMDLONGR_2.0,0.388236
AMDLONGR_3.0,0.873405
AMDLONGR_4.0,0.0113897
AMDLONGR_5.0,0.970308
AMDLONGR_nan,0.124242
HIT1A_1.0,0.125428
HIT1A_2.0,0.712079
HIT1A_nan,0.157024
HIT2A_1.0,0.116979
HIT2A_2.0,0.0855628
HIT2A_nan,0.157024
HIT3A_1.0,0.405912
HIT3A_2.0,0.214694
HIT3A_nan,0.157024
HIT4A_1.0,0.738884
HIT4A_2.0,0.512456
HIT4A_nan,0.157024
HIT5A_1.0,0.671581
HIT5A_2.0,0.192896
HIT5A_nan,0.157024
FLUVACYR_1.0,0.331889
FLUVACYR_2.0,0.224671
FLUVACYR_nan,0.170017
FLUVACTP_1.0,0.331889
FLUVACTP_2.0,
FLUVACTP_nan,0.331889
FLUVAC-M_1.0,0.72238
FLUVAC-M_10.0,0.0499213
FLUVAC-M_11.0,0.782383
FLUVAC-M_12.0,0.89136
FLUVAC-M_2.0,0.00583974
FLUVAC-M_3.0,0.939127
FLUVAC-M_4.0,
FLUVAC-M_5.0,0.378207
FLUVAC-M_6.0,0.929456
FLUVAC-M_7.0,0.937404
FLUVAC-M_8.0,0.103148
FLUVAC-M_9.0,0.36258
FLUVAC-M_nan,0.320951
FLUSHPG1_1.0,0.939127
FLUSHPG1_2.0,0.794947
FLUSHPG1_nan,0.937404
FLUSHPG2_1.0,0.258711
FLUSHPG2_2.0,
FLUSHPG2_3.0,0.391417
FLUSHPG2_nan,0.0420648
SHTPNUYR_1.0,0.460511
SHTPNUYR_2.0,0.518584
SHTPNUYR_nan,0.223067
APOX_1.0,0.255993
APOX_2.0,0.970338
APOX_nan,0.141267
APOX12MO_1.0,0.767505
APOX12MO_2.0,0.253589
APOX12MO_nan,0.255993
AHEP_1.0,0.754851
AHEP_2.0,0.182946
AHEP_nan,0.157024
AHEPLIV_1.0,0.378473
AHEPLIV_2.0,0.116248
AHEPLIV_nan,0.125333
AHEPBTST_1.0,0.812668
AHEPBTST_2.0,0.215497
AHEPBTST_nan,0.30551
SHTHEPB_1.0,0.293055
SHTHEPB_2.0,0.0670998
SHTHEPB_nan,0.103059
SHTHEPA_1.0,0.400491
SHTHEPA_2.0,0.131682
SHTHEPA_nan,0.0614935
SHEPANUM_1.0,0.166062
SHEPANUM_12.0,
SHEPANUM_2.0,0.854453
SHEPANUM_3.0,0.837348
SHEPANUM_4.0,
SHEPANUM_6.0,
SHEPANUM_7.0,
SHEPANUM_96.0,0.016194
SHEPANUM_nan,0.802182
AHEPCTST_1.0,0.844668
AHEPCTST_2.0,0.0319683
AHEPCTST_nan,0.205259
AHEPCRES_1.0,0.30605
AHEPCRES_2.0,0.207346
AHEPCRES_3.0,0.503526
AHEPCRES_4.0,0.156589
AHEPCRES_nan,0.863908
SHINGLES_1.0,0.452971
SHINGLES_2.0,0.210617
SHINGLES_nan,0.141925
SHTTD_1.0,0.0785318
SHTTD_2.0,0.557566
SHTTD_nan,0.132189
SHTHPV2_1.0,0.858517
SHTHPV2_2.0,0.107355
SHTHPV2_3.0,
SHTHPV2_nan,0.158056
SHHPVDOS_1.0,0.579454
SHHPVDOS_15.0,0.767505
SHHPVDOS_2.0,0.209165
SHHPVDOS_3.0,0.364829
SHHPVDOS_4.0,
SHHPVDOS_6.0,
SHHPVDOS_9.0,
SHHPVDOS_96.0,0.32701
SHHPVDOS_nan,0.631834
LIVEV_1.0,0.541566
LIVEV_2.0,0.185275
LIVEV_nan,0.157024
TRAVEL_1.0,0.0466376
TRAVEL_2.0,0.476991
TRAVEL_nan,0.16237
WRKDIR_1.0,0.788973
WRKDIR_2.0,0.91987
WRKDIR_nan,0.734011
APSBPCHK_1.0,0.0810891
APSBPCHK_2.0,0.720662
APSBPCHK_nan,0.164214
APSCHCHK_1.0,0.288977
APSCHCHK_2.0,0.556998
APSCHCHK_nan,0.124045
APSBSCHK_1.0,0.208589
APSBSCHK_2.0,0.289953
APSBSCHK_nan,0.180802
APSPAP_1.0,0.826484
APSPAP_2.0,0.788423
APSPAP_nan,0.647485
APSMAM_1.0,0.791318
APSMAM_2.0,0.562244
APSMAM_nan,0.542149
APSCOL_1.0,0.136726
APSCOL_2.0,0.021281
APSCOL_nan,0.171983
APSDIET_1.0,0.993848
APSDIET_2.0,0.246337
APSDIET_nan,0.164214
APSSMKC_1.0,0.594006
APSSMKC_2.0,0.441457
APSSMKC_nan,0.55416
AINDPRCH_1.0,0.615216
AINDPRCH_2.0,0.212006
AINDPRCH_nan,0.692426
AINDWHO_1.0,0.291405
AINDWHO_2.0,0.357185
AINDWHO_3.0,0.625387
AINDWHO_nan,0.615216
AINDDIF1_1.0,0.429682
AINDDIF1_2.0,0.396101
AINDDIF1_3.0,0.31535
AINDDIF1_nan,0.615216
AINDDIF2_1.0,0.165025
AINDDIF2_2.0,0.832717
AINDDIF2_3.0,0.144964
AINDDIF2_nan,0.553003
AEXCHNG_1.0,0.257436
AEXCHNG_2.0,0.123905
AEXCHNG_nan,0.178686
CLAS1_1.0,0.978438
CLAS1_2.0,0.242705
CLAS1_3.0,0.224694
CLAS1_4.0,0.761382
CLAS1_nan,0.181573
CLAS2_1.0,0.915937
CLAS2_2.0,0.105924
CLAS2_3.0,0.212113
CLAS2_4.0,0.63113
CLAS2_nan,0.244026
CLAS3_1.0,0.151705
CLAS3_2.0,0.880858
CLAS3_3.0,0.284295
CLAS3_4.0,0.367616
CLAS3_nan,0.181573
CLAS4_1.0,0.0579576
CLAS4_2.0,0.700026
CLAS4_3.0,0.457043
CLAS4_4.0,0.641404
CLAS4_nan,0.192933
CLAS5_1.0,0.32146
CLAS5_2.0,0.0744513
CLAS5_3.0,0.705354
CLAS5_4.0,0.320901
CLAS5_nan,0.181573
SHTTDAP2_1.0,0.452636
SHTTDAP2_2.0,0.855942
SHTTDAP2_3.0,0.124025
SHTTDAP2_nan,0.218443
WRKHLTH2_1.0,0.734011
WRKHLTH2_2.0,0.146024
WRKHLTH2_nan,0.157024
AINDINS2_1.0,0.692426
AINDINS2_2.0,0.136385
AINDINS2_nan,0.164214
ASRGNOYP_1.0,0.724296
ASRGNOYP_2.0,0.897335
ASRGNOYP_3.0,0.767505
ASRGNOYP_4.0,
ASRGNOYP_5.0,0.939127
ASRGNOYP_6.0,0.939127
ASRGNOYP_nan,0.785049
ASICPUSE_1.0,0.915493
ASICPUSE_2.0,0.982169
ASICPUSE_3.0,0.950059
ASICPUSE_4.0,0.278169
ASICPUSE_nan,0.1689
ASISATHC_1.0,0.379291
ASISATHC_2.0,0.368493
ASISATHC_3.0,0.465115
ASISATHC_4.0,0.441166
ASISATHC_5.0,0.589314
ASISATHC_nan,0.1689
ASITENUR_1.0,0.0414189
ASITENUR_2.0,0.927759
ASITENUR_3.0,0.664507
ASITENUR_4.0,0.375978
ASITENUR_5.0,0.154038
ASITENUR_nan,0.175102
ASINHELP_1.0,0.376815
ASINHELP_2.0,0.232095
ASINHELP_3.0,0.132828
ASINHELP_4.0,0.795981
ASINHELP_nan,0.163008
ASINCNTO_1.0,0.202711
ASINCNTO_2.0,0.0205366
ASINCNTO_3.0,0.0727672
ASINCNTO_4.0,0.166919
ASINCNTO_nan,0.141107
ASINTRU_1.0,0.200364
ASINTRU_2.0,0.163578
ASINTRU_3.0,0.108255
ASINTRU_4.0,0.0365754
ASINTRU_nan,0.191676
ASINKNT_1.0,0.522461
ASINKNT_2.0,0.57245
ASINKNT_3.0,0.274479
ASINKNT_4.0,0.246808
ASINKNT_nan,0.196238
ASISIM_1.0,0.477771
ASISIM_2.0,0.544119
ASISIM_3.0,0.391808
ASISIM_4.0,
ASISIM_5.0,
ASISIM_nan,0.444332
ASISIF_1.0,0.828559
ASISIF_2.0,0.733846
ASISIF_3.0,0.370797
ASISIF_4.0,0.262919
ASISIF_5.0,0.937404
ASISIF_nan,0.741905
ASIRETR_1.0,0.0843901
ASIRETR_2.0,0.0656893
ASIRETR_3.0,0.802086
ASIRETR_4.0,0.600648
ASIRETR_nan,0.1689
ASIMEDC_1.0,0.771523
ASIMEDC_2.0,0.0952469
ASIMEDC_3.0,0.29193
ASIMEDC_4.0,0.712283
ASIMEDC_nan,0.1689
ASISTLV_1.0,0.393198
ASISTLV_2.0,0.497661
ASISTLV_3.0,0.859662
ASISTLV_4.0,0.948625
ASISTLV_nan,0.1689
ASICNHC_1.0,0.354129
ASICNHC_2.0,0.0419143
ASICNHC_3.0,0.232112
ASICNHC_4.0,0.551746
ASICNHC_nan,0.1689
ASICCOLL_1.0,0.496143
ASICCOLL_2.0,0.202961
ASICCOLL_3.0,0.0388028
ASICCOLL_4.0,0.364333
ASICCOLL_5.0,0.54651
ASICCOLL_nan,0.175691
ASINBILL_1.0,0.475382
ASINBILL_2.0,0.651244
ASINBILL_3.0,0.159715
ASINBILL_4.0,0.750624
ASINBILL_nan,0.1689
ASIHCST_1.0,0.551833
ASIHCST_2.0,0.676041
ASIHCST_3.0,0.270479
ASIHCST_4.0,0.956608
ASIHCST_nan,0.1689
ASICCMP_1.0,0.444721
ASICCMP_2.0,0.635109
ASICCMP_3.0,0.211255
ASICCMP_4.0,0.892822
ASICCMP_5.0,0.336293
ASICCMP_nan,0.211811
ASISAD_1.0,0.804347
ASISAD_2.0,0.246655
ASISAD_3.0,0.932543
ASISAD_4.0,0.0791127
ASISAD_5.0,0.530272
ASISAD_nan,0.231016
ASINERV_1.0,0.982405
ASINERV_2.0,0.128132
ASINERV_3.0,0.569168
ASINERV_4.0,0.551845
ASINERV_5.0,0.37303
ASINERV_nan,0.231016
ASIRSTLS_1.0,0.655509
ASIRSTLS_2.0,0.495228
ASIRSTLS_3.0,0.426547
ASIRSTLS_4.0,0.0699232
ASIRSTLS_5.0,0.288176
ASIRSTLS_nan,0.231016
ASIHOPLS_1.0,0.415588
ASIHOPLS_2.0,0.428311
ASIHOPLS_3.0,0.347974
ASIHOPLS_4.0,0.616285
ASIHOPLS_5.0,0.339101
ASIHOPLS_nan,0.231016
ASIEFFRT_1.0,0.777468
ASIEFFRT_2.0,0.397314
ASIEFFRT_3.0,0.0682701
ASIEFFRT_4.0,0.866988
ASIEFFRT_5.0,0.179274
ASIEFFRT_nan,0.231016
ASIWTHLS_1.0,0.663487
ASIWTHLS_2.0,0.767364
ASIWTHLS_3.0,0.859504
ASIWTHLS_4.0,0.295367
ASIWTHLS_5.0,0.613976
ASIWTHLS_nan,0.231016
ASIMUCH_1.0,0.300205
ASIMUCH_2.0,0.289452
ASIMUCH_3.0,0.714975
ASIMUCH_4.0,0.730196
ASIMUCH_nan,0.248974
ASIHIVT_1.0,0.311673
ASIHIVT_2.0,0.116462
ASIHIVT_nan,0.397566
ASIHIVWN_1.0,0.0768253
ASIHIVWN_2.0,0.939127
ASIHIVWN_3.0,
ASIHIVWN_4.0,
ASIHIVWN_5.0,
ASIHIVWN_6.0,0.0677216
ASIHIVWN_nan,0.070601
AWEBUSE_1.0,0.166026
AWEBUSE_2.0,0.812466
AWEBUSE_nan,0.221371
AWEBOFTP_1.0,0.115656
AWEBOFTP_2.0,0.0940297
AWEBOFTP_3.0,0.854418
AWEBOFTP_4.0,0.234728
AWEBOFTP_nan,0.14279
AWEBEML_1.0,0.30688
AWEBEML_2.0,0.320677
AWEBEML_nan,0.238032
AWEBMTP_1.0,0.110873
AWEBMTP_2.0,0.887904
AWEBMTP_3.0,0.289503
AWEBMTP_4.0,0.378207
AWEBMTP_nan,0.279473
NAT-USM1_1.0,0.672324
NAT-USM1_2.0,0.258199
NAT-USM1_nan,0.270827
CHE-USM1_1.0,
CHE-USM1_2.0,0.211656
CHE-USM1_nan,0.211656
TRD-USM1_1.0,0.667839
TRD-USM1_2.0,0.2425
TRD-USM1_nan,0.211656
TR-USM21_1.0,0.377912
TR-USM21_2.0,0.939127
TR-USM21_nan,0.667839
TR-USM22_1.0,
TR-USM22_2.0,0.667839
TR-USM22_nan,0.667839
TR-USM23_1.0,
TR-USM23_2.0,0.667839
TR-USM23_nan,0.667839
TR-USM24_1.0,
TR-USM24_2.0,0.667839
TR-USM24_nan,0.667839
TR-USM25_1.0,0.0192707
TR-USM25_2.0,0.887493
TR-USM25_nan,0.667839
TR-USM26_1.0,0.939127
TR-USM26_2.0,0.377912
TR-USM26_nan,0.667839
HOM-USM1_1.0,0.194679
HOM-USM1_2.0,0.264532
HOM-USM1_nan,0.211656
MBO-MAN1_1.0,0.184464
MBO-MAN1_2.0,0.295763
MBO-MAN1_nan,0.211656
MBO-MND1_1.0,0.167079
MBO-MND1_2.0,0.291304
MBO-MND1_nan,0.220663
MBO-SPR1_1.0,0.477372
MBO-SPR1_2.0,0.443885
MBO-SPR1_nan,0.211656
MBO-IMG1_1.0,0.00840512
MBO-IMG1_2.0,0.365819
MBO-IMG1_nan,0.211656
MBO-PRO1_1.0,0.00604941
MBO-PRO1_2.0,0.592055
MBO-PRO1_nan,0.211656
YTQU-YG1_1.0,0.723875
YTQU-YG1_2.0,0.360826
YTQU-YG1_nan,0.211656
YTQ-BTY1_1.0,0.689323
YTQ-BTY1_2.0,0.680855
YTQ-BTY1_nan,0.723875
YTQ-MDY1_1.0,0.984327
YTQ-MDY1_2.0,0.397758
YTQ-MDY1_nan,0.723875
YTQU-TA1_1.0,0.0558421
YTQU-TA1_2.0,0.17719
YTQU-TA1_nan,0.211656
YTQ-BTT1_1.0,0.123269
YTQ-BTT1_2.0,0.391417
YTQ-BTT1_nan,0.0558421
YTQ-MDT1_1.0,0.0165635
YTQ-MDT1_2.0,0.62863
YTQ-MDT1_nan,0.0558421
YTQU-QG1_1.0,0.236199
YTQU-QG1_2.0,0.233375
YTQU-QG1_nan,0.211656
YTQ-BTQ1_1.0,0.236199
YTQ-BTQ1_2.0,
YTQ-BTQ1_nan,0.236199
YTQ-MDQ1_1.0,0.236859
YTQ-MDQ1_2.0,0.794947
YTQ-MDQ1_nan,0.236199
ACPTCHLD,0.00131504
REJ-PER,0.0102977
REJ-FAM,0.0415064
ACPT-PER,0.00040848
ACPT-FAM,2.54396e-13
SRVY-YR,
HHX,0.00748182
WTIA-HH,0.103823
WTFA-HH,0.000122611
PSTRAT,0.749911
PPSU,0.143945
FINT-Y-P,0.588702
FMX,4.12852e-09
WRKCELN,0.000345727
WTFA-FAM,0.0221062
FM-KIDS,0.00115986
FM-ELDR,3.87638e-17
F10DVCT,0.00331739
FDMEDCT,8.99671e-31
FHCDVCT,0.0342284
FHCHMCT,0.0569284
FHCPHRCT,0.00356338
FHOSP2CT,1.19019e-05
FNMEDCT,2.19844e-34
FSSKDAYS,0.0798333
FSNEDAYS,
FHDSTCT,5.47845e-28
FDGLWCT1,2.45156e-23
FDGLWCT2,1.16224e-21
FWRKLWCT,1.41391e-104
FCHLMCT,0.476745
FSPEDCT,0.000414001
FLIADLCT,2.19878e-14
FWKLIMCT,1.07571e-48
FWALKCT,4.91061e-09
FREMEMCT,3.30962e-10
FANYLCT,1.54366e-34
FHSTATEX,1.05399e-19
FHSTATVG,0.000233605
FHSTATG,3.13214e-33
FHSTATFR,8.35207e-37
FHSTATPR,7.95666e-08
FLAADLCT,3.37665e-05
FSNAPMYR,0.250409
FSALCT,0.00925506
FSEINCCT,4.37264e-13
FSSRRCT,4.599e-64
FPENSCT,0.00234804
FOPENSCT,4.31778e-16
FSSICT,7.37473e-13
FTANFCT,1.25774e-10
FOWBENCT,7.23954e-12
FINTR1CT,7.62106e-125
FDIVDCT,5.85279e-114
FCHSPCT,5.04464e-06
FINCOTCT,1.55146e-07
FSSAPLCT,5.05401e-28
FSDAPLCT,2.90085e-26
FWICCT,6.85905e-30
FHIPRVCT,1.66552e-173
FHISINCT,1.01266e-92
FHICARCT,6.05499e-38
FHICADCT,3.83317e-151
FHICHPCT,0.000868068
FHIMILCT,0.546254
FHIPUBCT,0.142449
FHIOGVCT,0.000308546
FHIIHSCT,0.215801
FHIEXCT,9.42935e-13
FHICOVCT,2.40796e-12
FHIEBCCT,2.77006e-49
FPX,1.74388e-76
FSPOUS2,0.240082
FCOHAB3,0.0459504
AGE-P,7.17283e-97
FMOTHER1,5.70836e-76
FFATHER1,4.79336e-87
WTIA,0.00117916
WTFA,0.364488
LATIME1,
LATIME2,
LATIME3,
LATIME4,0.125471
LATIME5,
LATIME6,
LATIME7,
LATIME8,
LATIME9,
LATIME10,
LATIME11,
LATIME12,
LATIME13,
LATIME15,
LATIME16,
LATIME17,
LATIME18,
LCTIME1,
LCTIME2,
LCTIME3,
LCTIME4,
LCTIME5,
LCTIME6,
LCTIME8,
LCTIME9,
LCTIME10,
LCTIME11,
LCTIME12,
LCTIME13,
LCTIME90,
LCTIME91,
LATIME19,
LATIME20,
LATIME21,
LATIME22,
LATIME23,
LATIME24,
LATIME25,
LATIME26,
LATIME27,
LATIME28,
LATIME29,
LATIME30,
LATIME31,
LATIME32,
LATIME33,
LATIME34,
LAUNIT24,
LAUNIT32,
LATIME90,
LATIME91,
LCDURA2,
LCDURA3,
LCDURA4,
LCDURA5,
LCDURA6,
LCDURA8,
LCDURA9,
LCDURA10,
LCDURA11,
LCDURA12,
LCDURA13,
LCDURA90,
LCDURA91,
LADURA1,
LADURA2,
LADURA3,
LADURA4,0.32045
LADURA5,
LADURA6,
LADURA7,
LADURA8,
LADURA9,
LADURA10,
LADURA11,
LADURA12,
LADURA13,
LADURA15,
LADURA16,
LADURA17,
LADURA18,
LADURA19,
LADURA20,
LADURA21,
LADURA22,
LADURA23,
LADURA24,
LADURA25,
LADURA26,
LADURA27,
LADURA28,
LADURA29,
LADURA30,
LADURA31,
LADURA32,
LADURA33,
LADURA34,
LADURA90,
LADURA91,
LTIME14A,
LDURA14A,
LCTIME7A,
LCDURA7A,
TANFMYR,
HINOTMYR,0.0887345
HICOSTR1,0.00141225
HICOSTR2,0.202307
WRKHRS2,0.0
WRKMYR,0.0
WTIA-SA,1.09379e-06
WTFA-SA,0.013865
LOCALL1B,3.01441e-12
YRSWRKPA,2.78851e-71
DIFAGE2,0.37195
HYBPCKNO,0.742034
CLCKNO,0.0165136
CANAGE1,
CANAGE2,
CANAGE3,
CANAGE4,
CANAGE5,
CANAGE6,
CANAGE7,
CANAGE8,
CANAGE9,
CANAGE10,
CANAGE11,
CANAGE12,
CANAGE13,
CANAGE14,
CANAGE15,
CANAGE16,
CANAGE17,
CANAGE18,
CANAGE19,
CANAGE20,
CANAGE21,
CANAGE22,
CANAGE23,
CANAGE24,
CANAGE25,
CANAGE26,
CANAGE27,
CANAGE28,
CANAGE29,
CANAGE30,
DIBAGE1,0.946701
ADURA14A,
ALDURA1,
ALDURA10,
ALDURA11,
ALDURA12,
ALDURA13,
ALDURA15,
ALDURA16,
ALDURA17,
ALDURA18,
ALDURA19,
ALDURA2,
ALDURA20,0.0702158
ALDURA21,
ALDURA22,
ALDURA23,
ALDURA24,
ALDURA25,
ALDURA26,
ALDURA27,
ALDURA28,
ALDURA29,
ALDURA3,0.461552
ALDURA30,
ALDURA31,
ALDURA32,
ALDURA33,
ALDURA34,
ALDURA4,0.795179
ALDURA5,0.0518795
ALDURA6,
ALDURA7,
ALDURA8,
ALDURA9,
ALDURA90,
ALDURA91,
ALTIME1,
ALTIME10,
ALTIME11,
ALTIME12,
ALTIME13,
ALTIME15,
ALTIME16,
ALTIME17,
ALTIME18,
ALTIME19,
ALTIME2,
ALTIME20,0.0488872
ALTIME21,
ALTIME22,
ALTIME23,
ALTIME24,
ALTIME25,
ALTIME26,
ALTIME27,
ALTIME28,
ALTIME29,
ALTIME3,0.322242
ALTIME30,
ALTIME31,
ALTIME32,
ALTIME33,
ALTIME34,
ALTIME4,0.786225
ALTIME5,0.0498646
ALTIME6,
ALTIME7,
ALTIME8,
ALTIME9,
ALTIME90,
ALTIME91,
BEDDAYR,0.188673
WKDAYR,0.230246
ALC12MNO,0.54419
ALC5UPN1,0.150643
ALC5UPY1,0.0474878
ALCAMT,0.000157312
BINGE1,0.171949
CIG30D2,0.231051
CIGDAMO,0.148361
CIGSDA1,0.459419
CIGSDA2,0.316284
ECIG30D2,0.368543
MODLNGNO,0.121373
MODNO,0.570971
SMKQTNO,0.000632255
SMKREG,0.195241
STRNGNO,0.658754
VIGLNGNO,0.749666
VIGNO,0.263239
SMKQTY,0.000149929
CIGSDAY,0.564744
VIGFREQW,1.43221e-29
MODFREQW,9.73098e-09
STRFREQW,1.75667e-19
VIGMIN,0.0609851
MODMIN,0.0165661
ALC12MWK,0.000178618
ALC12MYR,0.000584285
AHEIGHT,2.79964e-05
AWEIGHTP,0.00873503
BMI,0.000378718
FLUVAC-Y,0.411205
SHEPDOS,0.163245
AHPVAGE,0.784645
ASISLEEP,0.000271163
ASISLPFL,0.000607994
ASISLPST,0.386171
ASISLPMD,0.970383
ASIREST,6.58071e-06
AWEBOFNO,0.673963
AWEBMNO,0.000847627
