Numéro de centre_1,0.945094944859741
Numéro de centre_10,0.09012321146984824
Numéro de centre_11,0.06538769209157838
Numéro de centre_12,0.7736001290730635
Numéro de centre_13,0.5279355373644379
Numéro de centre_14,0.55172490555454
Numéro de centre_16,0.9363499997126411
Numéro de centre_17,0.38767952760757884
Numéro de centre_19,0.49597198021359234
Numéro de centre_2,0.278889399395313
Numéro de centre_21,0.3678721788187833
Numéro de centre_3,0.5196650679093979
Numéro de centre_4,0.9898070413004217
Numéro de centre_5,0.44400311301439443
Numéro de centre_6,0.24803024460572343
Numéro de centre_7,0.9442302804119553
Numéro de centre_8,0.2140452170331264
Age du patient (ans),2.802149293625085e-222
BMI,0.0002974273901534728
"Mécanisme en cause_AVP (voiture, camion, bus)",0.8456914082426735
Mécanisme en cause_AVP 2 roues motorisé,0.5939774599600713
"Mécanisme en cause_AVP autre (avion, bateau, train, autres)",0.6754260559673215
Mécanisme en cause_AVP bicyclette,0.5382179621735812
Mécanisme en cause_AVP piéton,0.038929726441832374
Mécanisme en cause_Arme blanche,0.31018187053316953
Mécanisme en cause_Arme à feu,0.23613967151123494
Mécanisme en cause_Autre,0.5639988283286761
Mécanisme en cause_Chute (de sa hauteur),0.8998549704328003
Mécanisme en cause_Chute d'une hauteur,0.614683013565199
Mécanisme en cause_Engin de déplacement personnel motorisé,0.7243857729451199
Mécanisme en cause_Inconnu,0.4366923467099638
Mécanisme en cause_Traumatisme par objet contondant (non pénétrant),0.1955042548158645
Mécanisme en cause_nan,0.5106645655997883
Intentionnalité_Accident (non intentionnel),0.27068597054898974
Intentionnalité_Agression,0.32448606905373756
"Intentionnalité_Auto-infligé (suicide, blessure)",0.7169036245603051
Intentionnalité_Autre,0.26953648350436926
Intentionnalité_Inconnue,0.5188535720624303
Intentionnalité_nan,0.14843971103741307
Origine du patient_GGNC,0.8527608013363734
Origine du patient_Primaire,0.38485950096094645
Origine du patient_SAU,0.9326570219478778
Origine du patient_Secondaire,0.3238798861485297
Origine du patient_nan,0.9294123062146794
SAMU: département_04 - Alpes de haute provence,0.8978195655956391
SAMU: département_05 - Hautes Alpes,0.896576665375754
SAMU: département_06 - Alpes maritimes,0.21862206272503706
SAMU: département_08 - Ardennes,0.7176502854272634
SAMU: département_09 - Ariège,0.7001607288705584
SAMU: département_10 - Aube,0.845584699720489
SAMU: département_11 - Aude,0.9149525696553372
SAMU: département_12 - Aveyron,0.5874001368344093
SAMU: département_13 - Bouches du Rhône,0.7435831896762384
SAMU: département_14 - Calvados,0.7714942748133489
SAMU: département_27 - Eure,0.8217846319550739
SAMU: département_28 - Eure-et-Loir,0.5673389309690566
SAMU: département_31 - Haute-Garonne,0.5813334754439627
SAMU: département_32 - Gers,0.9149525696553372
SAMU: département_45 - Loiret,0.130815023314421
SAMU: département_46 - Lot,0.9960148520024492
SAMU: département_47 - Lot-et-Garonne,0.7243857729451199
SAMU: département_50 - Manche,0.9172471673452158
SAMU: département_51 - Marne,0.7733005500703002
SAMU: département_52 - Haute Marne,0.35078093140006184
SAMU: département_54 - Meurthe-et-Moselle,0.5267973433144264
SAMU: département_55 - Meuse,0.8541132998124316
SAMU: département_57 - Moselle,0.8896876668690121
SAMU: département_58 - Nièvre,0.004566276044631201
SAMU: département_59 - Nord,0.5900735274172186
SAMU: département_60 - Oise,0.20648552565041128
SAMU: département_61 - Orne,0.010003397281479915
SAMU: département_62 - Pas-de-Calais,0.4053622936211243
SAMU: département_65 - Hautes-Pyrénées,0.5237775981544424
SAMU: département_67 - Bas-Rhin,0.745757951207151
SAMU: département_68 - Haut-Rhin,0.46337148284999186
SAMU: département_75 - Paris,0.6440245027810322
SAMU: département_77 - Seine-et-Marne,0.720751704245739
SAMU: département_78 - Yvelines,0.3610518089433167
SAMU: département_81 - Tarn,0.2601029883152333
SAMU: département_82 - Tarn-et-Garonne,0.5106645655997883
SAMU: département_83 - Var,0.040571636845472506
SAMU: département_84 - Vaucluse,0.8524941982234737
SAMU: département_88 - Vosges,0.09037703687467562
SAMU: département_89 - Yonne,0.6774150179476814
SAMU: département_91 - Essonne,0.27380291797133793
SAMU: département_92 - Haut-de-Seine,0.08670004805019636
SAMU: département_93 - Seine-Saint-Denis,0.4848967191963752
SAMU: département_94 - Val-de-Marne,0.768630134918286
SAMU: département_95 - Val-d'Oise,0.031005558392440544
SAMU: département_BSPP,0.6726222816442277
SAMU: département_Hors IDF,0.5130893158914237
SAMU: département_nan,0.2931000977800978
SMUR (SAMU Ville)_ARRAS,0.7243857729451199
SMUR (SAMU Ville)_Agen,0.7243857729451199
SMUR (SAMU Ville)_Aix-en-provence,0.11809358063229201
SMUR (SAMU Ville)_Albi,0.8350946951119794
SMUR (SAMU Ville)_Alençon,0.00028270495936557737
SMUR (SAMU Ville)_Alpes Maritimes (Villeneuve Loubet),0.7243857729451199
SMUR (SAMU Ville)_Apt,0.6180104065926522
SMUR (SAMU Ville)_Argentan,0.661364717953391
SMUR (SAMU Ville)_Argenteuil,0.8163191052151572
SMUR (SAMU Ville)_Arles,0.29002155724707845
SMUR (SAMU Ville)_Armenthieres,0.9260394365044313
SMUR (SAMU Ville)_Arpajon,0.023866738987815155
SMUR (SAMU Ville)_Arras,0.8110439363726429
SMUR (SAMU Ville)_Aubagne,0.48064045788108534
SMUR (SAMU Ville)_Auch,0.9960148520024492
SMUR (SAMU Ville)_Aulnay-sous-Bois,0.12811821868191076
SMUR (SAMU Ville)_Autre,0.38767952760757884
SMUR (SAMU Ville)_Auxerre,0.5237775981544424
SMUR (SAMU Ville)_Avignon,0.5334572965593605
SMUR (SAMU Ville)_Avranches,0.7001607288705584
SMUR (SAMU Ville)_BAGNOL,0.7243857729451199
SMUR (SAMU Ville)_BRIGNOLES,0.21862206272503706
SMUR (SAMU Ville)_Bar-le-Duc,0.5413550725599818
SMUR (SAMU Ville)_Bayeux,0.35078093140006184
SMUR (SAMU Ville)_Beaujon,0.5047036651091865
SMUR (SAMU Ville)_Beaumont,0.8403254325138756
SMUR (SAMU Ville)_Beauvais,0.9409640132191448
SMUR (SAMU Ville)_Bobigny,0.36200201563737844
SMUR (SAMU Ville)_Boulogne sur mer,0.5413550725599818
SMUR (SAMU Ville)_Brest,0.7243857729451199
SMUR (SAMU Ville)_Briançon,0.6180104065926522
SMUR (SAMU Ville)_Briey,0.48064045788108534
SMUR (SAMU Ville)_Brignoles,0.7787282816481848
SMUR (SAMU Ville)_Brignolles,0.6180104065926522
SMUR (SAMU Ville)_Béthune,0.4303787998848805
SMUR (SAMU Ville)_CAEN,0.5413550725599818
SMUR (SAMU Ville)_CH Nevers,0.004566276044631201
SMUR (SAMU Ville)_Caen,0.5413550725599818
SMUR (SAMU Ville)_Caen 1,0.8804797635589723
SMUR (SAMU Ville)_Caen 2,0.763310662577815
SMUR (SAMU Ville)_Cahors,0.5237775981544424
SMUR (SAMU Ville)_Calais,0.7243857729451199
SMUR (SAMU Ville)_Cambrai,0.5413550725599818
SMUR (SAMU Ville)_Canjuers,0.7243857729451199
SMUR (SAMU Ville)_Carcassonne,0.661364717953391
SMUR (SAMU Ville)_Carpentras,0.0021296230650647784
SMUR (SAMU Ville)_Castelnaudary,0.5413550725599818
SMUR (SAMU Ville)_Castres,0.35078093140006184
SMUR (SAMU Ville)_Cavaillon,0.896576665375754
SMUR (SAMU Ville)_Champerret,0.311383341225305
SMUR (SAMU Ville)_Charleville-Mézières,0.20344210823051626
SMUR (SAMU Ville)_Chartres,0.7909526757636991
SMUR (SAMU Ville)_Chateaudun,0.5413550725599818
SMUR (SAMU Ville)_Chaumont,0.7243857729451199
SMUR (SAMU Ville)_Cherbourg,0.046691957262951986
SMUR (SAMU Ville)_Châlons-en-Champagne,0.661364717953391
SMUR (SAMU Ville)_Clermont (Oise),0.48064045788108534
SMUR (SAMU Ville)_Colmar,0.2919214560898223
SMUR (SAMU Ville)_Compiègne,0.6180104065926522
SMUR (SAMU Ville)_Corbeil,0.74876695532723
SMUR (SAMU Ville)_Corse du sud : 2A,0.7243857729451199
SMUR (SAMU Ville)_Coulommiers,0.5428189580110876
SMUR (SAMU Ville)_Creil,0.5413550725599818
SMUR (SAMU Ville)_DAKAR,0.7243857729451199
SMUR (SAMU Ville)_DRAGUIGNAN,0.5413550725599818
SMUR (SAMU Ville)_Decazeville,0.7243857729451199
SMUR (SAMU Ville)_Digne-les-Bains,0.8217846319550739
SMUR (SAMU Ville)_Douai,0.5355352783292601
SMUR (SAMU Ville)_Draguignan,0.26470343167269356
SMUR (SAMU Ville)_Dreux,0.6066153758726784
SMUR (SAMU Ville)_Dunkerque,0.7854274906492946
SMUR (SAMU Ville)_Eaubonne,0.05824789913100254
SMUR (SAMU Ville)_Endoume,0.7243857729451199
SMUR (SAMU Ville)_Epinal,0.13445479964029547
SMUR (SAMU Ville)_Etampes,0.9245308932084813
SMUR (SAMU Ville)_Evreux,0.35078093140006184
SMUR (SAMU Ville)_FREJUS,0.896576665375754
SMUR (SAMU Ville)_Falaise,0.6188654889674017
SMUR (SAMU Ville)_Figeac,0.5413550725599818
SMUR (SAMU Ville)_Flers,0.1395104646166085
SMUR (SAMU Ville)_Foix,0.896576665375754
SMUR (SAMU Ville)_Fontainebleau,0.8870352549255848
SMUR (SAMU Ville)_Forbach,0.5413550725599818
SMUR (SAMU Ville)_Fréjus,0.896576665375754
SMUR (SAMU Ville)_GASSIN,0.7243857729451199
SMUR (SAMU Ville)_Gap,0.661364717953391
SMUR (SAMU Ville)_Garches,0.48920217931683263
SMUR (SAMU Ville)_Gisors,0.0021296230650647784
SMUR (SAMU Ville)_Gonesse,0.4356885887587487
SMUR (SAMU Ville)_Gourdon,
SMUR (SAMU Ville)_Granville,0.4303787998848805
SMUR (SAMU Ville)_Grasse,0.7243857729451199
SMUR (SAMU Ville)_Gérardmer,0.29002155724707845
SMUR (SAMU Ville)_HAUT VAR,0.7243857729451199
SMUR (SAMU Ville)_HYERES,0.29002155724707845
SMUR (SAMU Ville)_Haguenau,0.44266269730655694
SMUR (SAMU Ville)_Haute corse : 2B,0.004566276044631201
SMUR (SAMU Ville)_Hyeres,0.21862206272503706
SMUR (SAMU Ville)_Hyères,0.49597198021359234
SMUR (SAMU Ville)_Hôtel Dieu,0.48445637243624273
SMUR (SAMU Ville)_Joigny,0.37395695488464875
SMUR (SAMU Ville)_Juvisy,0.8859667647495316
SMUR (SAMU Ville)_L Aigle,0.5413550725599818
SMUR (SAMU Ville)_LE CASTELLET,0.07908523739082836
SMUR (SAMU Ville)_La ferté Macé,0.6180104065926522
SMUR (SAMU Ville)_Lagny,0.020133973069789337
SMUR (SAMU Ville)_Lanemezan,0.7243857729451199
SMUR (SAMU Ville)_Lariboisière,0.9108118034562578
SMUR (SAMU Ville)_Lavaur,0.38767952760757884
SMUR (SAMU Ville)_Laveran,0.5413550725599818
SMUR (SAMU Ville)_Le Havre,0.7243857729451199
SMUR (SAMU Ville)_Le Luc,0.7243857729451199
SMUR (SAMU Ville)_Lens,0.42028707454549274
SMUR (SAMU Ville)_Ligny-en-Barrois,0.5413550725599818
SMUR (SAMU Ville)_Lille,0.7253709467980407
SMUR (SAMU Ville)_Lisieux,0.8350946951119794
SMUR (SAMU Ville)_Longjumeau,0.9600682708232852
SMUR (SAMU Ville)_Louvain,0.7243857729451199
SMUR (SAMU Ville)_Lunéville,0.763310662577815
SMUR (SAMU Ville)_Manosque,0.763310662577815
SMUR (SAMU Ville)_Mantes-la-Jolie,0.5046911700521668
SMUR (SAMU Ville)_Marignane,0.9023375819094153
SMUR (SAMU Ville)_Marne la vallée,0.6377415279691626
SMUR (SAMU Ville)_Marne-la-Vallée,0.3270038750055333
SMUR (SAMU Ville)_Marseille,0.5465666329473094
SMUR (SAMU Ville)_Marseille - Nord,0.3885282573248653
SMUR (SAMU Ville)_Marseille - Timone,0.9260394365044313
SMUR (SAMU Ville)_Martigues,0.8541132998124316
SMUR (SAMU Ville)_Masséna,0.041810836616262115
SMUR (SAMU Ville)_Maubeuge,0.5413550725599818
SMUR (SAMU Ville)_Meaux,0.42134567192389194
SMUR (SAMU Ville)_Melun,0.848016926070877
SMUR (SAMU Ville)_Metz,0.3258696968709296
SMUR (SAMU Ville)_Moissac,0.37395695488464875
SMUR (SAMU Ville)_Mondor,0.5081377666317488
SMUR (SAMU Ville)_Mont-Saint-Martin,0.21862206272503706
SMUR (SAMU Ville)_Montargis,0.5413550725599818
SMUR (SAMU Ville)_Montauban,0.6188654889674017
SMUR (SAMU Ville)_Montereau,0.6768619794169564
SMUR (SAMU Ville)_Montfermeil,0.7337907816110611
SMUR (SAMU Ville)_Montreuil,0.010980528211834607
SMUR (SAMU Ville)_Mulhouse,0.24207413759673366
SMUR (SAMU Ville)_Ménilmontant,0.83249298790677
SMUR (SAMU Ville)_NON CONNUE,0.7243857729451199
SMUR (SAMU Ville)_NON RENSEIGNE,0.6180104065926522
SMUR (SAMU Ville)_NON RENSIGNE,0.004566276044631201
SMUR (SAMU Ville)_Nancy,0.6633009286202374
SMUR (SAMU Ville)_Necker,0.8826307762920232
SMUR (SAMU Ville)_Nemours,0.9910796467365026
SMUR (SAMU Ville)_Neuchâteau,0.21862206272503706
SMUR (SAMU Ville)_Nogent-le-Rotrou,0.35078093140006184
SMUR (SAMU Ville)_OPEX STRAT AE,0.7243857729451199
SMUR (SAMU Ville)_Orange,0.35078093140006184
SMUR (SAMU Ville)_Orléans,0.0021296230650647784
SMUR (SAMU Ville)_Orsay,0.41495498847077095
SMUR (SAMU Ville)_Pertuis,0.661364717953391
SMUR (SAMU Ville)_Pithiviers,0.6180104065926522
SMUR (SAMU Ville)_Pitié Salpêtrière,0.09335589557118822
SMUR (SAMU Ville)_Plessis-Clamart,0.08174046569565548
SMUR (SAMU Ville)_Plombières,0.5413550725599818
SMUR (SAMU Ville)_Poissy,0.46671902657480946
SMUR (SAMU Ville)_Pompiers 78,0.7243857729451199
SMUR (SAMU Ville)_Pompiers des Bouches du Rhône,0.16462126341236188
SMUR (SAMU Ville)_Pont-à-Mousson,0.48064045788108534
SMUR (SAMU Ville)_Pontoise,0.40431137133573847
SMUR (SAMU Ville)_Provins,0.5967045140600051
SMUR (SAMU Ville)_Rambouillet,0.4896658856759184
SMUR (SAMU Ville)_Reims,0.8059329830570421
SMUR (SAMU Ville)_Remiremont,0.48064045788108534
SMUR (SAMU Ville)_Rethel,0.5413550725599818
SMUR (SAMU Ville)_Rodez,0.7854274906492946
SMUR (SAMU Ville)_Romilly,0.7243857729451199
SMUR (SAMU Ville)_Romilly sur Seine (GHAM),0.29002155724707845
SMUR (SAMU Ville)_Roubaix,0.16693724998722156
SMUR (SAMU Ville)_Rouen,0.6180104065926522
SMUR (SAMU Ville)_SAMU 83,0.7243857729451199
SMUR (SAMU Ville)_SANARY,0.7243857729451199
"SMUR (SAMU Ville)_SFAX, TUNISIE",0.7243857729451199
SMUR (SAMU Ville)_ST TROPEZ,0.6180104065926522
SMUR (SAMU Ville)_Saint Raphael,
SMUR (SAMU Ville)_Saint hilaire du Harcouet,0.7243857729451199
SMUR (SAMU Ville)_Saint-Affrique,0.7243857729451199
SMUR (SAMU Ville)_Saint-Avold,0.5413550725599818
SMUR (SAMU Ville)_Saint-Céré,
SMUR (SAMU Ville)_Saint-Denis,0.9651309180879715
SMUR (SAMU Ville)_Saint-Dizier,0.38767952760757884
SMUR (SAMU Ville)_Saint-Dié-des-Vosges,0.48064045788108534
SMUR (SAMU Ville)_Saint-Gaudens,0.35078093140006184
SMUR (SAMU Ville)_Saint-Germain-en-Laye,0.1554535390471879
SMUR (SAMU Ville)_Saint-Girons,0.5413550725599818
SMUR (SAMU Ville)_Saint-Mihiel,0.7243857729451199
SMUR (SAMU Ville)_Saint-Tropez,0.24207413759673366
SMUR (SAMU Ville)_Sainte-Menehould,0.7243857729451199
SMUR (SAMU Ville)_Salon,0.3325801054355131
SMUR (SAMU Ville)_Sarrebourg,0.26470343167269356
SMUR (SAMU Ville)_Sarreguemines,0.3671918556543814
SMUR (SAMU Ville)_Saverne,0.763310662577815
SMUR (SAMU Ville)_Sedan,0.03904386947810628
SMUR (SAMU Ville)_Senlis,0.9960148520024492
SMUR (SAMU Ville)_Sens,0.9960148520024492
SMUR (SAMU Ville)_Sisteron,0.4303787998848805
SMUR (SAMU Ville)_St Lo,0.30447953763373736
SMUR (SAMU Ville)_Strasbourg,0.418585794136206
SMUR (SAMU Ville)_Sélestat,0.7787282816481848
SMUR (SAMU Ville)_Sézanne,0.6180104065926522
SMUR (SAMU Ville)_TOULON,0.8060986009148542
SMUR (SAMU Ville)_TROYS,0.07908523739082836
SMUR (SAMU Ville)_Tarbes,0.37395695488464875
SMUR (SAMU Ville)_Thionville,0.20856554957865575
SMUR (SAMU Ville)_Toul,0.661364717953391
SMUR (SAMU Ville)_Toulon,0.19060390602841187
SMUR (SAMU Ville)_Toulon83,0.7243857729451199
SMUR (SAMU Ville)_Toulouse,0.7812335421501317
SMUR (SAMU Ville)_Tourcoing,0.056086047277965095
SMUR (SAMU Ville)_Troyes,0.3325801054355131
SMUR (SAMU Ville)_Vaison,0.6180104065926522
SMUR (SAMU Ville)_Valenciennes,0.9960148520024492
SMUR (SAMU Ville)_Vandoeuvre-lès-Nancy,0.6180104065926522
SMUR (SAMU Ville)_Verdun,0.20856554957865575
SMUR (SAMU Ville)_Vernon,0.48064045788108534
SMUR (SAMU Ville)_Versailles,0.2872585388320819
SMUR (SAMU Ville)_Villefranche de Rouergue,0.5413550725599818
SMUR (SAMU Ville)_Villeneuve-Saint-Georges,0.7309428335148422
SMUR (SAMU Ville)_Vire,0.38767952760757884
SMUR (SAMU Ville)_Vitry,0.6482892240789349
SMUR (SAMU Ville)_Vitry-le-François,0.013004586615453761
SMUR (SAMU Ville)_Vittel,
SMUR (SAMU Ville)_Vouziers,0.6180104065926522
SMUR (SAMU Ville)_Wissembourg,0.9149525696553372
SMUR (SAMU Ville)_argentan,0.5413550725599818
SMUR (SAMU Ville)_armentière,0.7243857729451199
SMUR (SAMU Ville)_arras,0.21862206272503706
SMUR (SAMU Ville)_avranches,0.7243857729451199
SMUR (SAMU Ville)_bayeux,0.07908523739082836
SMUR (SAMU Ville)_brignoles,0.7243857729451199
SMUR (SAMU Ville)_caen,0.03660323422249756
SMUR (SAMU Ville)_calais,0.7243857729451199
SMUR (SAMU Ville)_cherbourg,0.07908523739082836
SMUR (SAMU Ville)_cote fleurie,0.7243857729451199
SMUR (SAMU Ville)_deauville,0.7243857729451199
SMUR (SAMU Ville)_douai,0.7243857729451199
SMUR (SAMU Ville)_dragon 83,0.7243857729451199
SMUR (SAMU Ville)_draguignan,0.7243857729451199
SMUR (SAMU Ville)_dunkerque,0.7243857729451199
SMUR (SAMU Ville)_flers,0.7243857729451199
SMUR (SAMU Ville)_fréjus,0.004566276044631201
SMUR (SAMU Ville)_granville,0.6180104065926522
SMUR (SAMU Ville)_l'Aigle,0.004566276044631201
SMUR (SAMU Ville)_lens,0.6180104065926522
SMUR (SAMU Ville)_lille,0.18688292992757446
SMUR (SAMU Ville)_nan,0.4192257051128748
SMUR (SAMU Ville)_nevers,0.7243857729451199
SMUR (SAMU Ville)_pompiers 83,0.7243857729451199
SMUR (SAMU Ville)_rang du fliers,0.7243857729451199
SMUR (SAMU Ville)_rapasan militaire,0.7243857729451199
SMUR (SAMU Ville)_rappatriment,0.004566276044631201
SMUR (SAMU Ville)_romilly,0.7243857729451199
SMUR (SAMU Ville)_saint hilaire du Harcouet,0.7243857729451199
SMUR (SAMU Ville)_saint lo,0.6180104065926522
SMUR (SAMU Ville)_samu 83 brignoles,0.7243857729451199
SMUR (SAMU Ville)_smur 83,0.7243857729451199
SMUR (SAMU Ville)_toulon,0.6673924412004005
SMUR (SAMU Ville)_tourcoing,0.6180104065926522
SMUR (SAMU Ville)_valenciennes,0.7243857729451199
SMUR (SAMU Ville)_Épernay,0.2217555061176605
Durée de l incarcération (min),0.29627731508576133
Surface corporelle brulée,0.00019456686958434382
Glasgow initial,0.0
Glasgow moteur initial,0.0
Anomalie pupillaire (Pré-hospitalier)_Anisocorie (unilatérale),0.5157398511883815
Anomalie pupillaire (Pré-hospitalier)_Mydriase Bilatérale,0.5385883113245866
Anomalie pupillaire (Pré-hospitalier)_Non,0.48610085636400047
Anomalie pupillaire (Pré-hospitalier)_Pas précisé,0.8791057287495584
Anomalie pupillaire (Pré-hospitalier)_nan,0.7777255598051267
Mannitol / SSH_Mannitol,0.8557160024075405
Mannitol / SSH_Pas de mydriase,0.48610085636400047
Mannitol / SSH_Rien,0.3882050541972748
Mannitol / SSH_SSH,0.8645700613798903
Mannitol / SSH_nan,0.8397254532274185
Pression Artérielle Systolique (PAS) à l arrivée du SMUR,3.2041672266485143e-48
Pression Artérielle Diastolique (PAD) à l arrivée du SMUR,3.0803899614491353e-81
Fréquence cardiaque (FC) à l arrivée du SMUR,4.04340643724782e-41
Pression Artérielle Systolique (PAS) minimum,0.0
Pression Artérielle Diastolique (PAD) minimum,0.0
Fréquence cardiaque (FC) maximum,1.3795649231573379e-52
Lactates pré-hospitalier,1.8433772458555263e-17
Cristalloïdes,3.2136307649525984e-134
Colloïdes,2.4497622636601576e-68
Hémocue initial,5.164556330229955e-157
"Hémocue, à l arrivée hôpital par équipe hôpital",0.0
Delta Hémocue,5.373975474981905e-13
SpO2 min,2.6982397381928303e-283
Nombre culots globulaires transfusés en préhospitalier,5.231942687132419e-08
Délai « départ base - arrivée sur les lieux »,0.9349184247244112
Délai « arrivée sur les lieux - arrivée hôpital »,1.701087583985816e-06
Glasgow moteur,0.0
Anomalie pupillaire (Phase hospitalière)_Anisocorie (unilatérale),0.2580136990571073
Anomalie pupillaire (Phase hospitalière)_Mydriase (bilatérale),0.6672517589593926
Anomalie pupillaire (Phase hospitalière)_Non,0.15795179332459203
Anomalie pupillaire (Phase hospitalière)_nan,0.28668109909463024
FC en phase hospitalière,8.417913761581292e-12
Pression Artérielle Systolique - PAS,4.3834521402063094e-91
Pression Artérielle Diastolique - PAD,8.246794716002456e-77
Saturation périphérique oxygène - SpO2,2.050499847769054e-16
Température,6.786515660048874e-81
"Doppler TransCrânien (DTC), Index de Pulsatilité (IP) max",3.0996325947112695e-199
pH,0.0
PaO2,9.60808060925739e-19
pCO2,7.772415748010373e-37
Lactates,0.0
Lactates H2,3.795634669613663e-96
"Sinon, lactates > H2",3.6019153951916305e-89
Excès de base,3.218940682466834e-219
Ventilation (FiO2)_Contrôlée,0.2282574292875422
Ventilation (FiO2)_Spontanée air ambiant,0.18980395580456566
Ventilation (FiO2)_Spontanée sous lunettes,0.4061542427221654
Ventilation (FiO2)_Spontanée sous masque HC,0.3090851266553781
Ventilation (FiO2)_Spontanée sous masque MC,0.023668977234766714
Ventilation (FiO2)_nan,0.9703210401100596
FiO2,0.0
Hb conventionnelle laboratoire,0.0
Plaquettes,8.41073805323657e-162
TP,0.0
Fibrinogène,6.656023636950999e-178
Créatinine,6.119341102694066e-76
Bicar mesuré,0.0
Troponine standard,6.138248174449539e-47
Troponine ultrasensible,5.216848165939685e-16
Alcoolémie (g/L),0.9355672936053013
Délai départ au scanner ou bloc,2.584170674312821e-17
Dernière PAS avant départ scan ou bloc,3.099552865623089e-33
Dernière PAD avant départ scan ou bloc,2.662155828522646e-62
Dose noradrénaline au moment départ au scan,1.5554856379028165e-198
Nombre culots globulaires (avant départ scanner ou bloc),3.464369585441426e-270
Nombre plasma frais congelés (avant départ scanner ou bloc),7.072405222136436e-118
Nombre concentré plaquettaire (avant départ scanner ou bloc),3.6807677034511087e-57
Mode d admission_Chirurgie programmée,0.6673924412004005
Mode d admission_Chirurgie urgente,0.6624170379766531
Mode d admission_Médecine,0.1658905771894903
Mode d admission_nan,0.5393668964048175
Maladies chroniques_Aucune,0.39069809724494164
Maladies chroniques_Cancer métastasé,0.04260340629037874
Maladies chroniques_Maladie hémato.,0.7431398078933565
Maladies chroniques_SIDA,0.9930939255031775
Maladies chroniques_nan,0.4835530046904325
Total Score IGS,0.0
SOFA Cardiovasculaire_Dopamine > 15 ou Adrénaline / Noradrénaline > 0.1,0.5728553748741592
SOFA Cardiovasculaire_Dopamine > 5 ou Adrénaline / Noradrénaline ? 0.1,0.23199079912461382
SOFA Cardiovasculaire_Dopamine ?5 ou Dobutamine,0.9930939255031775
SOFA Cardiovasculaire_PAM < 70 mmHg,0.7065653326433368
SOFA Cardiovasculaire_Pas d'hypotension,0.36712546869206286
SOFA Cardiovasculaire_nan,0.390893686022048
 Total Score SOFA,0.0
Température min,1.7513885647723662e-28
Premier type d action thérapeutique essentielle_Autre,0.3733038481682529
Premier type d action thérapeutique essentielle_Chirurgie orthopédique,0.41784472060635247
Premier type d action thérapeutique essentielle_Laparotomie,0.4266431145540911
Premier type d action thérapeutique essentielle_Packing bassin extrapéritonéal,0.7683796742263328
Premier type d action thérapeutique essentielle_Pas de choc hémorragique,0.03645475276759268
Premier type d action thérapeutique essentielle_Technique radiointerventionnelle,0.40829297564682165
Premier type d action thérapeutique essentielle_Thoracotomie,0.2900573618364578
Premier type d action thérapeutique essentielle_nan,0.4037123317418465
Délai « admission trauma center - incision/ponction pour geste »,0.0013070881350769838
Délai introduction catécholamines dans choc hémorragique,8.539527230582664e-08
Catécholamines max dans choc hémorragique,9.870007233570986e-83
CGR 6h,5.3697127258916917e-14
PFC 6h,4.379669604888009e-09
Concentré plaquettaire 6h (nombre de CUP),7.874170250413581e-10
Fibrinogène 6h,2.5380650367167584e-09
Cristalloïdes 24h,6.882262924367903e-08
Colloïdes 24h,0.7586675105261691
CGR 24h,1.0791432636847418e-07
PFC 24h,6.164369673449646e-07
Concentré plaquettaire 24h (nombre de CUP),2.2925384436187872e-07
Fibrinogène 24h,1.4553579642034606e-09
PaCO2 min,0.033564210807204994
pH min,4.28475449659236e-93
Lactate max,5.863277126315475e-93
Créatinine max,4.796399690463673e-05
Ca ionise min,3.399807682380713e-05
P/F min,1.0328573298540857e-19
Bicar min,1.0805668610660536e-68
BE max,4.4571733127670514e-54
TP min,1.408098865875768e-88
Fibrinogène min,6.77501739726169e-39
Hémoglobine min,3.1267840156211043e-07
Plaquettes min,0.002533315230914128
Osmothérapie_Mannitol,0.6859081616573849
Osmothérapie_Rien,0.7082157017515713
Osmothérapie_SSH,0.5598112077411883
Osmothérapie_nan,0.7100468840331176
Délai PIC : arrivée hôpital - pose de PIC,0.45942657396120345
Délai DVE : arrivée hôpital - pose de DVE,0.15243573003421404
DTC IP max (sur les premières 24 heures d HTIC),6.373458963941606e-133
Traumatisme médullaire le plus haut_Cervical,0.8280623738140802
Traumatisme médullaire le plus haut_Lombaire,0.47952061242543476
Traumatisme médullaire le plus haut_Sacrum,0.45637418368251514
Traumatisme médullaire le plus haut_Thoracique,0.18796201117284353
Traumatisme médullaire le plus haut_nan,0.28238255334233386
Score ASIA moteur,7.176121337769421e-08
"Durée de séjour en réa- si date de sortie connue, durée de séjour = (date sortie - date d entrée)- si date de sortie inconnue, d",0.8278234205754507
Cause du décès_A survécu,0.9397035714540614
Cause du décès_Autre (précisez ci-dessous),0.7212886757812356
Cause du décès_Choc hémorragique,0.1023321864876586
Cause du décès_Choc septique,0.8541132998124316
Cause du décès_Défaillance multi-viscérale,0.3154222651311018
Cause du décès_LATA,0.6075360677319026
Cause du décès_Mort encéphalique,0.7352952024867644
Cause du décès_Trauma cranien,0.7513302384634282
Cause du décès_nan,0.4340463177363977
"Transfert secondaire, pourquoi ?_Pas de transfert",0.9640894150365404
"Transfert secondaire, pourquoi ?_Plateau technique insuffisant",0.21555285840584518
"Transfert secondaire, pourquoi ?_Rapprochement familial",0.30236922058442556
"Transfert secondaire, pourquoi ?_nan",0.9673206755948878
Sortie_Autre réanimation,0.2879851118166929
Sortie_Centre de rééducation,0.4544106728012798
Sortie_Domicile,0.2298555302763886
Sortie_Service hospitalier,0.37088021004683325
Sortie_nan,0.5831747826426268
Nombre d intubations,4.319194201069525e-93
Glasgow de sortie,4.7832431258431506e-18
"Rachis récupération, score ASIA moteur",
Nombre de jours de VM,3.2453178383160415e-46
Créatinine max.1,1.2401575173425366e-73
CPK max,0.7917356425636812
Myoglobine max,1.0332512004546119e-13
Nombre jours d EER,0.00043268192759213903
Nombre total de CGR,3.239334076731583e-179
Nombre total de PFC,9.163834432489216e-212
Nombre total CP,3.300386701338103e-129
Délai jusqu à normalisation BEJour d entrée = 0,8.932605674925704e-13
Délai normalisation lactateJour d entrée = 0,1.908231117854285e-19
Nombre de pneumopathies,0.00024953683850462643
Jour de la première pneumopathie,0.06852850715427763
Nombre de jours à l'hôpital,3.4181503126435e-57
Situation professionnelle actuelle_Activité professionnelle à plein temps,0.9589260475346191
Situation professionnelle actuelle_Activité professionnelle à plein temps ,0.6885690789049007
Situation professionnelle actuelle_Activité professionnelle à temps partiel,0.30826706149071686
Situation professionnelle actuelle_Activité professionnelle à temps partiel ,0.7773640467201322
"Situation professionnelle actuelle_Autre, précisez ci-dessous",0.1747792816019235
Situation professionnelle actuelle_Chômage,0.7120596642801167
Situation professionnelle actuelle_Chômage ,0.12899788739361773
"Situation professionnelle actuelle_Lycéen, étudiant(e), élève, en formation",0.6374066783151449
Situation professionnelle actuelle_Sans activité professionnelle,0.5520161824846415
Situation professionnelle actuelle_nan,0.22609860469311718
Activité socioprofessionnelle récente_Agriculteurs exploitants,0.9716958257217138
"Activité socioprofessionnelle récente_Artisans, commerçants et chefs d'entreprises",0.6732786567552851
Activité socioprofessionnelle récente_Autre,0.7672874617422507
"Activité socioprofessionnelle récente_Cadres, professions intellectuelles supérieures",0.9905071340221153
Activité socioprofessionnelle récente_Employé de la fonction publique ou administratif des entreprises,0.5886345562970989
Activité socioprofessionnelle récente_Employés de commerce,0.52132675110377
"Activité socioprofessionnelle récente_Ouvriers qualifié, non qualifiés, chauffeurs",0.280090598097214
Activité socioprofessionnelle récente_Personnels de service pour les particuliers,0.7736001290730635
"Activité socioprofessionnelle récente_Professions intermédiaires (instituteur, technicien, contremaitre...)",0.30745311187286656
"Activité socioprofessionnelle récente_Professions intermédiaires¬¨‚Ä†(instituteur, technicien, contremaitre...)",0.836412400919064
Activité socioprofessionnelle récente_Retraités,0.4292924706387815
Activité socioprofessionnelle récente_Sans activité professionnelle ou inactif,0.46645180238872774
Activité socioprofessionnelle récente_nan,0.6388461364910176
"Activité au moment du traumatisme (OMS C5)_Activité vitale (sommeil, repos, manger, boire, s'habiller, se soigner, se laver...)",0.2991860883808147
Activité au moment du traumatisme (OMS C5)_Autre activité non spécifiée,0.7003148407790343
"Activité au moment du traumatisme (OMS C5)_Autre activité spécifiée, précisez ci-après",0.4930276723778807
"Activité au moment du traumatisme (OMS C5)_Education (école, lycée, université...)",0.8660609299631644
"Activité au moment du traumatisme (OMS C5)_Loisirs ou jeu (danse, télé, randonnée, trajets...)",0.6203404193213091
Activité au moment du traumatisme (OMS C5)_Sport ou exercice pendant temps de loisirs,0.3723277213010917
"Activité au moment du traumatisme (OMS C5)_Trajet non classé ailleurs (ex trajet pour sport pdt loisir, pour école)",0.5950962803400909
"Activité au moment du traumatisme (OMS C5)_Travail non rémunéré (ménage, courses, bricolage, soins aux enfants, trajets personnels)",0.3962677077856084
Activité au moment du traumatisme (OMS C5)_Travail rémunéré (trajets pour travail rémunéré),0.601183102986377
Activité au moment du traumatisme (OMS C5)_nan,0.22442810259880488
"Activité au moment du traumatisme (OMS C5)_Être soigné (soins, hygiène, aide aux mouvements par professionnel ou pas)",0.8403254325138756
Type de lieu_Autre non-spécifié,0.7227870468794326
"Type de lieu_Autre spécifié, précisez ci-dessous",0.7481765868159324
Type de lieu_Domicile (bâtiment et aire adjacente),0.906523847439258
"Type de lieu_Ecole, lieu d'éducation (crèche, bâtiment et aires adjacentes)",0.994362682215413
"Type de lieu_Ecole, lieu d'éducation (crèche, bâtiment et aires adjacentes) ",0.2864674871427025
Type de lieu_Institution médicale (bâtiment et aires adjacentes),0.4599441017911601
"Type de lieu_Nature, Forêt, Montagne (lac, plage...)",0.9431140752645552
"Type de lieu_Résidence, institution (maison de retraite, prison, terrain militaire...)",0.5973993776898394
Type de lieu_Zone Agriculture ou production primaire (ferme si domicile),0.20047291043670112
"Type de lieu_Zone commerciale (magasin, station service, restaurant, bureaux...)",0.0719274602370757
"Type de lieu_Zone de loisirs/divertissement/activité culturelle et bâtiment public (parc, église, musée, mairie...)",0.8178744728561358
"Type de lieu_Zone de sport (piscine publique, bâtiment et aires adjacentes)",0.15565789181018835
"Type de lieu_Zone de transport (autoroute, nationale, rue, piste cyclable, parking, gare, train, aéroport...)",0.13561971654632568
"Type de lieu_Zone industrielle ou de construction (chantier, usine...)",0.40561736616949473
Type de lieu_nan,0.31291594575964576
Niveau d études ou diplôme le plus élevé_Bac,0.5080986641923797
"Niveau d études ou diplôme le plus élevé_Collège, CAP, BEP",0.6505704224829663
"Niveau d études ou diplôme le plus élevé_Diplôme de l'enseignement supérieur 2ème cycle (licence, maitrise, master1, IUFM...)",0.6785832010220039
"Niveau d études ou diplôme le plus élevé_Diplôme de l'enseignement supérieur 3ème cycle (master2 ou doctorat, DEA ou DESS) ou école d'ingénieur ou « grandes écoles »",0.9735772091414272
"Niveau d études ou diplôme le plus élevé_Diplôme niveau bac + 2 (DEUG, DUT, BTS, PCEM)",0.16047809826454124
Niveau d études ou diplôme le plus élevé_Non scolarisé,0.04395367105673018
Niveau d études ou diplôme le plus élevé_Primaire,0.5926019233787239
Niveau d études ou diplôme le plus élevé_nan,0.44134403299947933
ISS  / Head_neck,0.0
ISS  / Face,1.5502705430157985e-25
ISS  / Chest,7.292039214987488e-51
ISS  / Abdomen,0.0010557859308310297
ISS  / Extremities,6.432337165072312e-07
ISS  / External,3.5604546871570063e-07
Score ISS,0.0
Trauma Injury Severity Score (TRISS),0.0
Random,0.20021445079885197
RTS,0.0
TRISS contondant,0.0
TRISS pénétrant,0.0
