Numéro de centre_1,0.31864895606656984
Numéro de centre_10,0.0433279198759878
Numéro de centre_11,0.6013436231908343
Numéro de centre_12,0.7659883136243333
Numéro de centre_13,0.6285047302474411
Numéro de centre_14,0.3868278570330633
Numéro de centre_16,0.5942010540437639
Numéro de centre_17,0.6647544998392405
Numéro de centre_19,0.20976013076938824
Numéro de centre_2,0.05301421812882374
Numéro de centre_21,0.5754924885339072
Numéro de centre_3,0.6673996747605124
Numéro de centre_4,0.9570371593124714
Numéro de centre_5,0.2982226927886377
Numéro de centre_6,0.18702812333724747
Numéro de centre_7,0.20781756610354585
Numéro de centre_8,0.95634178025247
"Mécanisme en cause_AVP (voiture, camion, bus)",0.8695239946067717
Mécanisme en cause_AVP 2 roues motorisé,0.3273648341902781
"Mécanisme en cause_AVP autre (avion, bateau, train, autres)",0.6155656494332447
Mécanisme en cause_AVP bicyclette,0.5730493389069444
Mécanisme en cause_AVP piéton,0.9791582178948116
Mécanisme en cause_Arme blanche,0.30499684846335545
Mécanisme en cause_Arme à feu,0.4607339128872886
Mécanisme en cause_Autre,0.2671625814831786
Mécanisme en cause_Chute (de sa hauteur),0.17691425989408982
Mécanisme en cause_Chute d'une hauteur,0.7069509395233198
Mécanisme en cause_Engin de déplacement personnel motorisé,
Mécanisme en cause_Inconnu,0.20470681002909527
Mécanisme en cause_Traumatisme par objet contondant (non pénétrant),0.6994123694706282
Mécanisme en cause_nan,
Intentionnalité_Accident (non intentionnel),0.8164657042699648
Intentionnalité_Agression,0.9559021087442082
"Intentionnalité_Auto-infligé (suicide, blessure)",0.5708472919207201
Intentionnalité_Autre,0.3276092905820204
Intentionnalité_Inconnue,0.8777786799406505
Intentionnalité_nan,0.5397634768053621
Origine du patient_GGNC,0.17409076558940112
Origine du patient_Primaire,0.4293498906323814
Origine du patient_SAU,0.1218758507595788
Origine du patient_Secondaire,0.019672813788366363
Origine du patient_nan,0.4341344137396561
SAMU: département_04 - Alpes de haute provence,0.5754924885339072
SAMU: département_05 - Hautes Alpes,0.015695050386721646
SAMU: département_06 - Alpes maritimes,
SAMU: département_08 - Ardennes,0.492890377659161
SAMU: département_09 - Ariège,0.6647544998392405
SAMU: département_10 - Aube,0.3570922571942265
SAMU: département_11 - Aude,0.5663087426289024
SAMU: département_12 - Aveyron,0.6647544998392405
SAMU: département_13 - Bouches du Rhône,0.9199957619174216
SAMU: département_14 - Calvados,0.6277504975000756
SAMU: département_27 - Eure,0.5663087426289024
SAMU: département_28 - Eure-et-Loir,0.3894234379713977
SAMU: département_31 - Haute-Garonne,0.3072601522672329
SAMU: département_32 - Gers,0.5954968652527057
SAMU: département_45 - Loiret,0.5397634768053621
SAMU: département_46 - Lot,0.7593356705442151
SAMU: département_50 - Manche,0.7853280211048139
SAMU: département_51 - Marne,0.6856597455698453
SAMU: département_52 - Haute Marne,0.7593356705442151
SAMU: département_54 - Meurthe-et-Moselle,0.7014058856884886
SAMU: département_55 - Meuse,0.5663087426289024
SAMU: département_57 - Moselle,0.10103467406243098
SAMU: département_58 - Nièvre,3.8144058406776673e-06
SAMU: département_59 - Nord,0.4302364509551387
SAMU: département_60 - Oise,0.9068795896543144
SAMU: département_61 - Orne,0.2020244936883638
SAMU: département_62 - Pas-de-Calais,0.3276092905820204
SAMU: département_65 - Hautes-Pyrénées,0.7074731032757448
SAMU: département_67 - Bas-Rhin,0.7356035364335504
SAMU: département_68 - Haut-Rhin,0.7322068357185427
SAMU: département_75 - Paris,0.7984531227001285
SAMU: département_77 - Seine-et-Marne,0.09206660346545836
SAMU: département_78 - Yvelines,0.1079173298618913
SAMU: département_81 - Tarn,0.5663087426289024
SAMU: département_82 - Tarn-et-Garonne,0.5154029489144749
SAMU: département_83 - Var,0.5968330508331199
SAMU: département_84 - Vaucluse,0.9107997671179009
SAMU: département_88 - Vosges,0.3853769221473961
SAMU: département_89 - Yonne,0.04109158712210942
SAMU: département_91 - Essonne,0.5248189857006935
SAMU: département_92 - Haut-de-Seine,0.200073580902028
SAMU: département_93 - Seine-Saint-Denis,0.9318951816207418
SAMU: département_94 - Val-de-Marne,0.4038727888346989
SAMU: département_95 - Val-d'Oise,0.2713907687239357
SAMU: département_BSPP,0.4501811059511357
SAMU: département_Hors IDF,0.010152638934076865
SAMU: département_nan,0.7331033324865073
SMUR (SAMU Ville)_Aix-en-provence,0.27277777142478177
SMUR (SAMU Ville)_Albi,0.627981089423018
SMUR (SAMU Ville)_Alençon,0.3986837513681618
SMUR (SAMU Ville)_Apt,
SMUR (SAMU Ville)_Argentan,0.5663087426289024
SMUR (SAMU Ville)_Argenteuil,0.3606643580754002
SMUR (SAMU Ville)_Arles,0.7593356705442151
SMUR (SAMU Ville)_Armenthieres,0.7074731032757448
SMUR (SAMU Ville)_Arpajon,0.02777894700977892
SMUR (SAMU Ville)_Arras,0.5754924885339072
SMUR (SAMU Ville)_Aubagne,0.8285222877855553
SMUR (SAMU Ville)_Auch,0.627981089423018
SMUR (SAMU Ville)_Aulnay-sous-Bois,0.3083780512266259
SMUR (SAMU Ville)_Autre,0.04726636298497517
SMUR (SAMU Ville)_Auxerre,0.7593356705442151
SMUR (SAMU Ville)_Avignon,0.4719690578403362
SMUR (SAMU Ville)_Avranches,0.5154029489144749
SMUR (SAMU Ville)_BAGNOL,
SMUR (SAMU Ville)_BRIGNOLES,0.8285222877855553
SMUR (SAMU Ville)_Bar-le-Duc,0.7593356705442151
SMUR (SAMU Ville)_Bayeux,0.7593356705442151
SMUR (SAMU Ville)_Beaujon,0.3710188850739167
SMUR (SAMU Ville)_Beaumont,0.3853769221473961
SMUR (SAMU Ville)_Beauvais,0.3361485059477555
SMUR (SAMU Ville)_Bobigny,0.1878489413723924
SMUR (SAMU Ville)_Boulogne sur mer,3.8144058406776673e-06
SMUR (SAMU Ville)_Brest,0.8285222877855553
SMUR (SAMU Ville)_Briançon,0.8285222877855553
SMUR (SAMU Ville)_Briey,0.0018550804733406363
SMUR (SAMU Ville)_Brignoles,0.5663087426289024
SMUR (SAMU Ville)_Brignolles,0.8285222877855553
SMUR (SAMU Ville)_Béthune,0.8285222877855553
SMUR (SAMU Ville)_CAEN,0.8285222877855553
SMUR (SAMU Ville)_CH Nevers,3.8144058406776673e-06
SMUR (SAMU Ville)_Caen,0.7593356705442151
SMUR (SAMU Ville)_Caen 1,0.41692708222898667
SMUR (SAMU Ville)_Caen 2,0.6647544998392405
SMUR (SAMU Ville)_Cahors,
SMUR (SAMU Ville)_Calais,0.8285222877855553
SMUR (SAMU Ville)_Cambrai,0.0018550804733406363
SMUR (SAMU Ville)_Canjuers,
SMUR (SAMU Ville)_Carcassonne,0.6647544998392405
SMUR (SAMU Ville)_Carpentras,0.8285222877855553
SMUR (SAMU Ville)_Castelnaudary,0.7593356705442151
SMUR (SAMU Ville)_Castres,0.8285222877855553
SMUR (SAMU Ville)_Cavaillon,0.8285222877855553
SMUR (SAMU Ville)_Champerret,0.4612898008349056
SMUR (SAMU Ville)_Charleville-Mézières,0.5954968652527057
SMUR (SAMU Ville)_Chartres,0.9107997671179009
SMUR (SAMU Ville)_Chateaudun,0.8285222877855553
SMUR (SAMU Ville)_Chaumont,
SMUR (SAMU Ville)_Cherbourg,0.6822509367333733
SMUR (SAMU Ville)_Châlons-en-Champagne,0.7593356705442151
SMUR (SAMU Ville)_Clermont (Oise),0.7074731032757448
SMUR (SAMU Ville)_Colmar,0.3986837513681618
SMUR (SAMU Ville)_Compiègne,
SMUR (SAMU Ville)_Corbeil,0.14486162488988494
SMUR (SAMU Ville)_Coulommiers,0.31969481957002643
SMUR (SAMU Ville)_Creil,0.7593356705442151
SMUR (SAMU Ville)_DAKAR,
SMUR (SAMU Ville)_DRAGUIGNAN,
SMUR (SAMU Ville)_Digne-les-Bains,0.27277777142478177
SMUR (SAMU Ville)_Dignes,
SMUR (SAMU Ville)_Douai,0.7593356705442151
SMUR (SAMU Ville)_Draguignan,0.7074731032757448
SMUR (SAMU Ville)_Dreux,0.04663467924241374
SMUR (SAMU Ville)_Dunkerque,3.8144058406776673e-06
SMUR (SAMU Ville)_Eaubonne,0.25882216141486203
SMUR (SAMU Ville)_Endoume,
SMUR (SAMU Ville)_Epinal,0.5663087426289024
SMUR (SAMU Ville)_Etampes,0.3606643580754002
SMUR (SAMU Ville)_Evreux,
SMUR (SAMU Ville)_FREJUS,0.0018550804733406363
SMUR (SAMU Ville)_Falaise,1.05556975967518e-05
SMUR (SAMU Ville)_Figeac,0.8285222877855553
SMUR (SAMU Ville)_Flers,0.7593356705442151
SMUR (SAMU Ville)_Foix,0.6647544998392405
SMUR (SAMU Ville)_Fontainebleau,0.7322068357185427
SMUR (SAMU Ville)_Forbach,0.8285222877855553
SMUR (SAMU Ville)_Fréjus,0.627981089423018
SMUR (SAMU Ville)_GASSIN,
SMUR (SAMU Ville)_Gap,0.0018550804733406363
SMUR (SAMU Ville)_Garches,0.5654457385439261
SMUR (SAMU Ville)_Gisors,0.7593356705442151
SMUR (SAMU Ville)_Gonesse,0.2501249357535313
SMUR (SAMU Ville)_Gourdon,
SMUR (SAMU Ville)_Granville,0.7074731032757448
SMUR (SAMU Ville)_Grasse,
SMUR (SAMU Ville)_Gérardmer,0.7074731032757448
SMUR (SAMU Ville)_HAUT VAR,
SMUR (SAMU Ville)_HYERES,0.8285222877855553
SMUR (SAMU Ville)_Haguenau,0.5397634768053621
SMUR (SAMU Ville)_Hyeres,0.8285222877855553
SMUR (SAMU Ville)_Hyères,0.627981089423018
SMUR (SAMU Ville)_Hôtel Dieu,0.6407508908907837
SMUR (SAMU Ville)_Joigny,0.8285222877855553
SMUR (SAMU Ville)_Juvisy,0.4613243631747388
SMUR (SAMU Ville)_L Aigle,0.015695050386721646
SMUR (SAMU Ville)_LE CASTELLET,3.8144058406776673e-06
SMUR (SAMU Ville)_La ferté Macé,0.8285222877855553
SMUR (SAMU Ville)_Lagny,0.4596641503107706
SMUR (SAMU Ville)_Lanemezan,0.8285222877855553
SMUR (SAMU Ville)_Lariboisière,0.7094912614010809
SMUR (SAMU Ville)_Lavaur,0.8285222877855553
SMUR (SAMU Ville)_Laveran,0.7593356705442151
SMUR (SAMU Ville)_Le Havre,
SMUR (SAMU Ville)_Le Luc,
SMUR (SAMU Ville)_Lens,0.6647544998392405
SMUR (SAMU Ville)_Ligny-en-Barrois,
SMUR (SAMU Ville)_Lille,0.7853280211048139
SMUR (SAMU Ville)_Lisieux,0.7074731032757448
SMUR (SAMU Ville)_Longjumeau,0.23376626756327296
SMUR (SAMU Ville)_Louvain,0.8285222877855553
SMUR (SAMU Ville)_Lunéville,0.627981089423018
SMUR (SAMU Ville)_Manosque,0.8285222877855553
SMUR (SAMU Ville)_Mantes-la-Jolie,0.7236985709142671
SMUR (SAMU Ville)_Marignane,0.5954968652527057
SMUR (SAMU Ville)_Marne la vallée,0.4949804714593017
SMUR (SAMU Ville)_Marne-la-Vallée,0.5154029489144749
SMUR (SAMU Ville)_Marseille,0.09703818969426496
SMUR (SAMU Ville)_Marseille - Nord,0.41692708222898667
SMUR (SAMU Ville)_Marseille - Timone,0.6647544998392405
SMUR (SAMU Ville)_Martigues,0.8285222877855553
SMUR (SAMU Ville)_Masséna,0.4920421198173616
SMUR (SAMU Ville)_Maubeuge,0.8285222877855553
SMUR (SAMU Ville)_Meaux,0.4467285936846575
SMUR (SAMU Ville)_Melun,0.4048623429068449
SMUR (SAMU Ville)_Metz,0.07582380350355714
SMUR (SAMU Ville)_Moissac,0.8285222877855553
SMUR (SAMU Ville)_Mondor,0.4687792695142081
SMUR (SAMU Ville)_Mont-Saint-Martin,0.8285222877855553
SMUR (SAMU Ville)_Montargis,0.8285222877855553
SMUR (SAMU Ville)_Montauban,0.5663087426289024
SMUR (SAMU Ville)_Montereau,0.4719690578403362
SMUR (SAMU Ville)_Montfermeil,0.4007055401745265
SMUR (SAMU Ville)_Montreuil,0.7236985709142671
SMUR (SAMU Ville)_Mulhouse,0.627981089423018
SMUR (SAMU Ville)_Ménilmontant,0.7236985709142671
SMUR (SAMU Ville)_Nancy,0.6195861874635239
SMUR (SAMU Ville)_Necker,0.9232843570581182
SMUR (SAMU Ville)_Nemours,0.4524376274307319
SMUR (SAMU Ville)_Neuchâteau,0.7593356705442151
SMUR (SAMU Ville)_Nogent-le-Rotrou,0.7593356705442151
SMUR (SAMU Ville)_OPEX STRAT AE,0.8285222877855553
SMUR (SAMU Ville)_Orange,0.7593356705442151
SMUR (SAMU Ville)_Orléans,0.8285222877855553
SMUR (SAMU Ville)_Orsay,0.6601576473808326
SMUR (SAMU Ville)_Pertuis,0.8285222877855553
SMUR (SAMU Ville)_Pithiviers,0.8285222877855553
SMUR (SAMU Ville)_Pitié Salpêtrière,0.2603926561222017
SMUR (SAMU Ville)_Plessis-Clamart,0.25882216141486203
SMUR (SAMU Ville)_Plombières,0.7593356705442151
SMUR (SAMU Ville)_Poissy,0.6195861874635239
SMUR (SAMU Ville)_Pompiers des Bouches du Rhône,0.7074731032757448
SMUR (SAMU Ville)_Pont-à-Mousson,0.7593356705442151
SMUR (SAMU Ville)_Pontoise,0.2404842410871717
SMUR (SAMU Ville)_Provins,0.8151539984811037
SMUR (SAMU Ville)_Rambouillet,0.8151539984811037
SMUR (SAMU Ville)_Reims,0.9068795896543144
SMUR (SAMU Ville)_Remiremont,0.7593356705442151
SMUR (SAMU Ville)_Rethel,
SMUR (SAMU Ville)_Rodez,0.7593356705442151
SMUR (SAMU Ville)_Romilly,0.8285222877855553
SMUR (SAMU Ville)_Romilly sur Seine (GHAM),0.7074731032757448
SMUR (SAMU Ville)_Roubaix,0.7593356705442151
SMUR (SAMU Ville)_Rouen,
SMUR (SAMU Ville)_SAMU 83,
SMUR (SAMU Ville)_ST TROPEZ,0.8285222877855553
SMUR (SAMU Ville)_Saint Raphael,
SMUR (SAMU Ville)_Saint-Avold,0.015695050386721646
SMUR (SAMU Ville)_Saint-Céré,
SMUR (SAMU Ville)_Saint-Denis,0.16333388640551308
SMUR (SAMU Ville)_Saint-Dizier,0.7593356705442151
SMUR (SAMU Ville)_Saint-Dié-des-Vosges,
SMUR (SAMU Ville)_Saint-Gaudens,0.7593356705442151
SMUR (SAMU Ville)_Saint-Germain-en-Laye,0.9401874898469316
SMUR (SAMU Ville)_Saint-Girons,
SMUR (SAMU Ville)_Saint-Mihiel,0.8285222877855553
SMUR (SAMU Ville)_Saint-Tropez,0.627981089423018
SMUR (SAMU Ville)_Sainte-Menehould,
SMUR (SAMU Ville)_Salon,0.5954968652527057
SMUR (SAMU Ville)_Sarrebourg,0.5154029489144749
SMUR (SAMU Ville)_Sarreguemines,0.627981089423018
SMUR (SAMU Ville)_Saverne,0.627981089423018
SMUR (SAMU Ville)_Sedan,0.7074731032757448
SMUR (SAMU Ville)_Senlis,0.7074731032757448
SMUR (SAMU Ville)_Sens,0.015695050386721646
SMUR (SAMU Ville)_Sisteron,0.7593356705442151
SMUR (SAMU Ville)_St Lo,0.3986837513681618
SMUR (SAMU Ville)_Strasbourg,0.8613108933449272
SMUR (SAMU Ville)_Sélestat,0.627981089423018
SMUR (SAMU Ville)_Sézanne,0.8285222877855553
SMUR (SAMU Ville)_TOULON,3.8144058406776673e-06
SMUR (SAMU Ville)_TROYS,
SMUR (SAMU Ville)_Tarbes,0.7593356705442151
SMUR (SAMU Ville)_Thionville,0.5954968652527057
SMUR (SAMU Ville)_Toul,0.627981089423018
SMUR (SAMU Ville)_Toulon,0.2432792216118234
SMUR (SAMU Ville)_Toulon83,
SMUR (SAMU Ville)_Toulouse,0.2404842410871717
SMUR (SAMU Ville)_Tourcoing,0.7593356705442151
SMUR (SAMU Ville)_Troyes,0.41692708222898667
SMUR (SAMU Ville)_Vaison,0.8285222877855553
SMUR (SAMU Ville)_Valenciennes,0.7593356705442151
SMUR (SAMU Ville)_Vandoeuvre-lès-Nancy,0.8285222877855553
SMUR (SAMU Ville)_Verdun,0.7074731032757448
SMUR (SAMU Ville)_Versailles,0.5405576289650544
SMUR (SAMU Ville)_Villefranche de Rouergue,0.7593356705442151
SMUR (SAMU Ville)_Villeneuve-Saint-Georges,0.20470681002909527
SMUR (SAMU Ville)_Vire,0.6647544998392405
SMUR (SAMU Ville)_Vitry,0.8012379236662326
SMUR (SAMU Ville)_Vitry-le-François,0.8285222877855553
SMUR (SAMU Ville)_Vittel,0.8285222877855553
SMUR (SAMU Ville)_Vouziers,0.8285222877855553
SMUR (SAMU Ville)_Wissembourg,0.8285222877855553
SMUR (SAMU Ville)_argentan,0.7593356705442151
SMUR (SAMU Ville)_armentière,0.8285222877855553
SMUR (SAMU Ville)_arras,
SMUR (SAMU Ville)_avranches,0.8285222877855553
SMUR (SAMU Ville)_bayeux,
SMUR (SAMU Ville)_brignoles,0.8285222877855553
SMUR (SAMU Ville)_caen,0.7074731032757448
SMUR (SAMU Ville)_cherbourg,0.8285222877855553
SMUR (SAMU Ville)_cote fleurie,0.8285222877855553
SMUR (SAMU Ville)_granville,
SMUR (SAMU Ville)_l'Aigle,
SMUR (SAMU Ville)_lens,0.8285222877855553
SMUR (SAMU Ville)_lille,0.8285222877855553
SMUR (SAMU Ville)_nan,0.9453189982164906
SMUR (SAMU Ville)_pompiers 83,
SMUR (SAMU Ville)_rang du fliers,
SMUR (SAMU Ville)_rapasan militaire,
SMUR (SAMU Ville)_romilly,0.8285222877855553
SMUR (SAMU Ville)_saint hilaire du Harcouet,0.8285222877855553
SMUR (SAMU Ville)_saint lo,0.8285222877855553
SMUR (SAMU Ville)_smur 83,
SMUR (SAMU Ville)_toulon,0.12051872536166025
SMUR (SAMU Ville)_tourcoing,
SMUR (SAMU Ville)_Épernay,0.7074731032757448
Anomalie pupillaire (Pré-hospitalier)_Anisocorie (unilatérale),0.7323139680675688
Anomalie pupillaire (Pré-hospitalier)_Mydriase Bilatérale,0.25054570996419384
Anomalie pupillaire (Pré-hospitalier)_Non,0.7384979271764309
Anomalie pupillaire (Pré-hospitalier)_Pas précisé,0.9675955272015654
Anomalie pupillaire (Pré-hospitalier)_nan,0.8012379236662326
Anomalie pupillaire (Phase hospitalière)_Anisocorie (unilatérale),0.5725996211453674
Anomalie pupillaire (Phase hospitalière)_Mydriase (bilatérale),0.5132015249547566
Anomalie pupillaire (Phase hospitalière)_Non,0.9115868105983196
Anomalie pupillaire (Phase hospitalière)_nan,0.9152401141977118
Ventilation (FiO2)_Contrôlée,0.6705024635520027
Ventilation (FiO2)_Spontanée air ambiant,0.7885327197237908
Ventilation (FiO2)_Spontanée sous lunettes,0.6435903192441499
Ventilation (FiO2)_Spontanée sous masque HC,0.5887494913833775
Ventilation (FiO2)_Spontanée sous masque MC,0.5579746584781924
Ventilation (FiO2)_nan,0.3993806358152005
Maladies chroniques_Aucune,0.6055166321278274
Maladies chroniques_Cancer métastasé,0.492890377659161
Maladies chroniques_Maladie hémato.,0.492890377659161
Maladies chroniques_SIDA,0.5663087426289024
Maladies chroniques_nan,0.4831637537993992
SOFA Cardiovasculaire_Dopamine > 15 ou Adrénaline / Noradrénaline > 0.1,0.6252720046452853
SOFA Cardiovasculaire_Dopamine > 5 ou Adrénaline / Noradrénaline ? 0.1,0.8649954712320564
SOFA Cardiovasculaire_Dopamine ?5 ou Dobutamine,0.3986837513681618
SOFA Cardiovasculaire_PAM < 70 mmHg,0.9825487036820382
SOFA Cardiovasculaire_Pas d'hypotension,0.4134559985587163
SOFA Cardiovasculaire_nan,0.31359316468688403
Osmothérapie_Mannitol,0.4185231038046635
Osmothérapie_Rien,0.1312500625541473
Osmothérapie_SSH,0.3776656135706253
Osmothérapie_nan,0.16218627683525194
Traumatisme médullaire le plus haut_Cervical,0.13595391901112264
Traumatisme médullaire le plus haut_Lombaire,0.535671075188419
Traumatisme médullaire le plus haut_Sacrum,0.5663087426289024
Traumatisme médullaire le plus haut_Thoracique,0.2797049429561509
Traumatisme médullaire le plus haut_nan,0.9128154995558346
"Transfert secondaire, pourquoi ?_Pas de transfert",0.8792627450152293
"Transfert secondaire, pourquoi ?_Plateau technique insuffisant",0.9910454939030592
"Transfert secondaire, pourquoi ?_Rapprochement familial",0.8798589608705242
"Transfert secondaire, pourquoi ?_nan",0.7662346309044623
Situation professionnelle actuelle_Activité professionnelle à plein temps,0.4778358114255158
Situation professionnelle actuelle_Activité professionnelle à plein temps ,0.4219636122073873
Situation professionnelle actuelle_Activité professionnelle à temps partiel,0.6407508908907837
Situation professionnelle actuelle_Activité professionnelle à temps partiel ,0.2260681826785817
"Situation professionnelle actuelle_Autre, précisez ci-dessous",0.8181435489173605
Situation professionnelle actuelle_Chômage,0.32860501596594793
Situation professionnelle actuelle_Chômage ,0.931758125734234
"Situation professionnelle actuelle_Lycéen, étudiant(e), élève, en formation",0.7426613148355616
Situation professionnelle actuelle_Sans activité professionnelle,0.2880117105726164
Situation professionnelle actuelle_nan,0.009951014510621713
Activité socioprofessionnelle récente_Agriculteurs exploitants,0.8691586040002516
"Activité socioprofessionnelle récente_Artisans, commerçants et chefs d'entreprises",0.8800933645463209
Activité socioprofessionnelle récente_Autre,0.21340317067763853
"Activité socioprofessionnelle récente_Cadres, professions intellectuelles supérieures",0.13783602515239932
Activité socioprofessionnelle récente_Employé de la fonction publique ou administratif des entreprises,0.4545920312455586
Activité socioprofessionnelle récente_Employés de commerce,0.5395347577239915
"Activité socioprofessionnelle récente_Ouvriers qualifié, non qualifiés, chauffeurs",0.3155990945887148
Activité socioprofessionnelle récente_Personnels de service pour les particuliers,0.6270028808253028
"Activité socioprofessionnelle récente_Professions intermédiaires (instituteur, technicien, contremaitre...)",0.16785072905276627
"Activité socioprofessionnelle récente_Professions intermédiaires¬¨‚Ä†(instituteur, technicien, contremaitre...)",0.4806606374616805
Activité socioprofessionnelle récente_Retraités,0.5477585669532512
Activité socioprofessionnelle récente_Sans activité professionnelle ou inactif,0.3864037492076212
Activité socioprofessionnelle récente_nan,0.001603339133762994
"Activité au moment du traumatisme (OMS C5)_Activité vitale (sommeil, repos, manger, boire, s'habiller, se soigner, se laver...)",0.030660179621326382
Activité au moment du traumatisme (OMS C5)_Autre activité non spécifiée,0.5299840121289664
"Activité au moment du traumatisme (OMS C5)_Autre activité spécifiée, précisez ci-après",0.43204935599948735
"Activité au moment du traumatisme (OMS C5)_Education (école, lycée, université...)",0.33155788566916033
"Activité au moment du traumatisme (OMS C5)_Loisirs ou jeu (danse, télé, randonnée, trajets...)",0.16355179424058375
Activité au moment du traumatisme (OMS C5)_Sport ou exercice pendant temps de loisirs,0.07313075509253471
"Activité au moment du traumatisme (OMS C5)_Trajet non classé ailleurs (ex trajet pour sport pdt loisir, pour école)",0.18584367071062816
"Activité au moment du traumatisme (OMS C5)_Travail non rémunéré (ménage, courses, bricolage, soins aux enfants, trajets personnels)",0.8431939561555841
Activité au moment du traumatisme (OMS C5)_Travail rémunéré (trajets pour travail rémunéré),0.5166154182379338
Activité au moment du traumatisme (OMS C5)_nan,0.6797054380452883
"Activité au moment du traumatisme (OMS C5)_Être soigné (soins, hygiène, aide aux mouvements par professionnel ou pas)",0.8255750439882992
Type de lieu_Autre non-spécifié,0.5738962539124663
"Type de lieu_Autre spécifié, précisez ci-dessous",0.9838825980919956
Type de lieu_Domicile (bâtiment et aire adjacente),0.8663024621853943
"Type de lieu_Ecole, lieu d'éducation (crèche, bâtiment et aires adjacentes)",0.04726636298497517
"Type de lieu_Ecole, lieu d'éducation (crèche, bâtiment et aires adjacentes) ",0.6647544998392405
Type de lieu_Institution médicale (bâtiment et aires adjacentes),0.33155788566916033
"Type de lieu_Nature, Forêt, Montagne (lac, plage...)",0.9199957619174216
"Type de lieu_Résidence, institution (maison de retraite, prison, terrain militaire...)",0.9299918049750516
Type de lieu_Zone Agriculture ou production primaire (ferme si domicile),0.8151539984811037
"Type de lieu_Zone commerciale (magasin, station service, restaurant, bureaux...)",0.8233676311089326
"Type de lieu_Zone de loisirs/divertissement/activité culturelle et bâtiment public (parc, église, musée, mairie...)",0.5738962539124663
"Type de lieu_Zone de sport (piscine publique, bâtiment et aires adjacentes)",0.4766199919730265
"Type de lieu_Zone de transport (autoroute, nationale, rue, piste cyclable, parking, gare, train, aéroport...)",0.8399889866578603
"Type de lieu_Zone industrielle ou de construction (chantier, usine...)",0.7627339900464566
Type de lieu_nan,0.9000059736131647
Niveau d études ou diplôme le plus élevé_Bac,0.13065051526958538
"Niveau d études ou diplôme le plus élevé_Collège, CAP, BEP",0.9277022295184492
"Niveau d études ou diplôme le plus élevé_Diplôme de l'enseignement supérieur 2ème cycle (licence, maitrise, master1, IUFM...)",0.5803646786306371
"Niveau d études ou diplôme le plus élevé_Diplôme de l'enseignement supérieur 3ème cycle (master2 ou doctorat, DEA ou DESS) ou école d'ingénieur ou « grandes écoles »",0.4570735209324448
"Niveau d études ou diplôme le plus élevé_Diplôme niveau bac + 2 (DEUG, DUT, BTS, PCEM)",0.5131371389223225
Niveau d études ou diplôme le plus élevé_Non scolarisé,0.4949804714593017
Niveau d études ou diplôme le plus élevé_Primaire,0.7799545802706742
Niveau d études ou diplôme le plus élevé_nan,0.5244443911807892
Age du patient (ans),4.891185116638023e-08
BMI,0.0004852772222004473
Durée de l incarcération (min),0.4352472827802767
Surface corporelle brulée,3.128887904518637e-05
Pression Artérielle Systolique (PAS) à l arrivée du SMUR,5.661436520307179e-05
Pression Artérielle Diastolique (PAD) à l arrivée du SMUR,0.00034232554768129283
Fréquence cardiaque (FC) à l arrivée du SMUR,3.073820612899724e-05
Pression Artérielle Systolique (PAS) minimum,1.4245194571892816e-14
Pression Artérielle Diastolique (PAD) minimum,2.733516312842938e-13
Fréquence cardiaque (FC) maximum,8.742053323966192e-08
Lactates pré-hospitalier,0.12084673838620315
Cristalloïdes,1.798348422282486e-12
Colloïdes,3.14267703676626e-09
Hémocue initial,6.966237200616407e-05
"Hémocue, à l arrivée hôpital par équipe hôpital",2.86364463240758e-22
Delta Hémocue,5.6193659006825376e-05
SpO2 min,9.477417328718637e-10
Délai « départ base - arrivée sur les lieux »,0.12484265234473815
Délai « arrivée sur les lieux - arrivée hôpital »,0.5854258733862343
FC en phase hospitalière,5.188726542337295e-05
Pression Artérielle Systolique - PAS,2.624479479051232e-12
Pression Artérielle Diastolique - PAD,8.032176059007816e-10
Saturation périphérique oxygène - SpO2,7.500440958558657e-14
Température,4.2690989154279705e-17
"Doppler TransCrânien (DTC), Index de Pulsatilité (IP) max",0.051637358908869134
pH,7.479055495516844e-43
PaO2,0.09042514650468418
pCO2,7.068515415237418e-10
Lactates,2.4535192485500014e-29
Lactates H2,1.3642837972446615e-11
"Sinon, lactates > H2",9.840642952360767e-08
Excès de base,4.922869655897896e-16
FiO2,1.3169072112248766e-37
Hb conventionnelle laboratoire,1.2176554881698993e-19
Plaquettes,2.328986534089085e-07
TP,1.3303148050926355e-38
Fibrinogène,2.9079422384197626e-05
Créatinine,8.439625997901505e-17
Bicar mesuré,9.688096637138966e-28
Troponine standard,0.001607790420009161
Troponine ultrasensible,0.038331451075698034
Alcoolémie (g/L),0.11029489113709563
Total Score IGS,4.96666804597575e-76
 Total Score SOFA,3.4175527166630996e-94
Température min,0.38991031321541997
Délai « admission trauma center - incision/ponction pour geste »,0.5913873046703881
Délai introduction catécholamines dans choc hémorragique,0.3716354642575795
Catécholamines max dans choc hémorragique,3.3787744800780565e-09
CGR 6h,9.022328656602416e-10
PFC 6h,1.4805426382298413e-07
Fibrinogène 6h,0.0008993060604624033
Cristalloïdes 24h,0.0017275789771565287
Colloïdes 24h,0.3264899704191252
CGR 24h,4.739722380983232e-11
PFC 24h,2.334887778603455e-09
Fibrinogène 24h,3.511428565146334e-06
PaCO2 min,0.669326699396978
pH min,1.4458158915786382e-08
Lactate max,2.0690070106392466e-05
Créatinine max,1.7659345510254513e-07
Ca ionise min,0.889222649389808
P/F min,5.48712338924841e-05
Bicar min,0.0021185298663662032
BE max,0.0007729513907685895
TP min,1.1581844182751241e-05
Fibrinogène min,0.0066191665315703425
Hémoglobine min,0.5281369760367534
Plaquettes min,0.8348576922784693
Délai PIC : arrivée hôpital - pose de PIC,0.465184181514221
DTC IP max (sur les premières 24 heures d HTIC),0.0898569833647602
Score ASIA moteur,0.15335225932940208
"Durée de séjour en réa- si date de sortie connue, durée de séjour = (date sortie - date d entrée)- si date de sortie inconnue, d",1.3565066705301228e-196
"Rachis récupération, score ASIA moteur",0.343150548854658
Créatinine max.1,2.58025043925477e-76
CPK max,2.018883662041369e-43
Myoglobine max,1.6758139718258508e-18
Score ISS,2.1864507709273888e-58
Trauma Injury Severity Score (TRISS),1.4333968663754642e-17
Random,0.8655390083180887
RTS,1.7407721508812847e-20
TRISS contondant,3.5541217831118296e-36
TRISS pénétrant,1.1426080041426758e-32
Sexe_0.0,0.33223710564680986
Sexe_1.0,0.3666560169546308
Sexe_nan,0.5397634768053621
Casque_0.0,0.6767365053939793
Casque_1.0,0.6921524769086691
Casque_nan,0.5646368101969592
Gants_0.0,0.7034219366745655
Gants_1.0,0.6803707092741382
Gants_nan,0.9376404627908836
Éjection du véhicule_0.0,0.3209376678890762
Éjection du véhicule_1.0,0.9046097205000408
Éjection du véhicule_nan,0.33719832435295705
Appréciation globale_0.0,0.5290943658568132
Appréciation globale_1.0,0.6261855497516275
Appréciation globale_nan,0.3823419392978036
Incarcération_0.0,0.9654036354241612
Incarcération_1.0,0.7093101560210973
Incarcération_nan,0.7742303616322208
Cinétique non-spécifié/non-évaluable_0.0,0.5263698740811836
Cinétique non-spécifié/non-évaluable_1.0,0.6872001588419511
Cinétique non-spécifié/non-évaluable_nan,0.7021942915615575
Écrasé/projeté_0.0,0.7823238888168207
Écrasé/projeté_1.0,0.6794735594753722
Écrasé/projeté_nan,0.5357888128909001
Chute_0.0,0.5396835240884963
Chute_1.0,0.9362873067326763
Chute_nan,0.6550276389880372
Blast_0.0,0.9552399424590344
Blast_1.0,0.040247139362258405
Blast_nan,0.6201021720940338
Ischémie du membre_0.0,0.6584075297526777
Ischémie du membre_1.0,0.36636174915084585
Ischémie du membre_nan,0.06461543989660193
Fracas du bassin_0.0,0.3103335026664995
Fracas du bassin_1.0,0.996639414779518
Fracas du bassin_nan,0.01544587111650514
Brulûre_0.0,0.7665438657672791
Brulûre_1.0,0.17944618282200933
Brulûre_nan,0.5655851968545932
Annoncé comme instable_0.0,0.0016041692307809205
Annoncé comme instable_1.0,0.001238338741746292
Annoncé comme instable_nan,0.9838825980919956
"Grossesse, 2e ou 3e trimestre_0.0",0.3481170921033181
"Grossesse, 2e ou 3e trimestre_1.0",0.4596641503107706
"Grossesse, 2e ou 3e trimestre_nan",0.30488223360430033
Traitement anticoagulant_0.0,0.9682660949243148
Traitement anticoagulant_1.0,0.8163606696390945
Traitement anticoagulant_nan,0.6918215259989098
Traitement antiagrégants_0.0,0.5302976276364941
Traitement antiagrégants_1.0,0.32812881741675026
Traitement antiagrégants_nan,0.8002490515832252
Mode de transport à l'hôpital_0.0,0.29049907228924204
Mode de transport à l'hôpital_1.0,0.7129258724614541
Mode de transport à l'hôpital_nan,0.1492492023706791
Suspicion d atteinte neurologique à l examen_0.0,0.7059583695401802
Suspicion d atteinte neurologique à l examen_1.0,0.9178187695285612
Suspicion d atteinte neurologique à l examen_nan,0.4710915303137535
Régression mydriase sous osmothérapie_0.0,0.7122443579460807
Régression mydriase sous osmothérapie_1.0,0.9117072950779456
Régression mydriase sous osmothérapie_nan,0.7139983308372955
Arrêt cardio-respiratoire (massage)_0.0,0.4238516649853916
Arrêt cardio-respiratoire (massage)_1.0,0.14273563217423152
Arrêt cardio-respiratoire (massage)_nan,0.6083276960931341
Catécholamines_0.0,0.39092569791077225
Catécholamines_1.0,0.2105929889976907
Catécholamines_2.0,0.4312253740695715
Catécholamines_nan,0.9858316772540894
Intubation orotrachéale (IOT) SMUR_0.0,0.5123194259957655
Intubation orotrachéale (IOT) SMUR_1.0,0.5359356112954496
Intubation orotrachéale (IOT) SMUR_nan,0.8764749858695472
Transfusion de PLYO (plasma lyophilisé)_0.0,0.7513333517068214
Transfusion de PLYO (plasma lyophilisé)_1.0,0.002690791708268741
Transfusion de PLYO (plasma lyophilisé)_nan,0.8939160424800799
Période de travail_0.0,0.019245705107519044
Période de travail_1.0,0.01520837282190068
Période de travail_nan,0.4719690578403362
Echographie d orientation (FAST)_0.0,0.8073844925470333
Echographie d orientation (FAST)_1.0,0.2863461795690081
Echographie d orientation (FAST)_nan,0.08820003022644914
Résultat de la FAST écho_0.0,0.23312430645765425
Résultat de la FAST écho_1.0,0.7685115542230374
Résultat de la FAST écho_nan,0.28472927757124844
Si anormale préciser   / Hémopéritoine_0.0,0.3117699786142059
Si anormale préciser   / Hémopéritoine_1.0,0.9585808727543572
Si anormale préciser   / Hémopéritoine_nan,0.2883140211611309
Si anormale préciser   / Hémothorax_0.0,0.08577321520121323
Si anormale préciser   / Hémothorax_1.0,0.10630425220352872
Si anormale préciser   / Hémothorax_nan,0.2883140211611309
Si anormale préciser   / Pneumothorax_0.0,0.2717470274208096
Si anormale préciser   / Pneumothorax_1.0,0.8466922106695629
Si anormale préciser   / Pneumothorax_nan,0.2883140211611309
Si anormale préciser   / Epanchement péricardique_0.0,0.18447323815425373
Si anormale préciser   / Epanchement péricardique_1.0,0.2603926561222017
Si anormale préciser   / Epanchement péricardique_nan,0.2883140211611309
Si anormale préciser   / Autre diagnostic_0.0,0.3101664804555493
Si anormale préciser   / Autre diagnostic_1.0,0.8914419151507013
Si anormale préciser   / Autre diagnostic_nan,0.2883140211611309
Radiographie pulmonaire_0.0,0.011840135521387216
Radiographie pulmonaire_1.0,0.07762100872060235
Radiographie pulmonaire_nan,0.43410523528396106
Résultat de la radiographie pulmonaire_0.0,0.22170086426477995
Résultat de la radiographie pulmonaire_1.0,0.5506870873376638
Résultat de la radiographie pulmonaire_nan,0.12826242669450535
Si anormale préciser   / Pneumothorax.1_0.0,0.1626839429830606
Si anormale préciser   / Pneumothorax.1_1.0,0.8024650180260589
Si anormale préciser   / Pneumothorax.1_nan,0.1408726982423686
Si anormale préciser   / Hémothorax.1_0.0,0.10729840472591164
Si anormale préciser   / Hémothorax.1_1.0,0.7488160776065002
Si anormale préciser   / Hémothorax.1_nan,0.1408726982423686
Si anormale préciser   / Contusion_0.0,0.2965690707603309
Si anormale préciser   / Contusion_1.0,0.30444656919919016
Si anormale préciser   / Contusion_nan,0.1408726982423686
Si anormale préciser   / Elargissement du médiastin_0.0,0.16710503128167306
Si anormale préciser   / Elargissement du médiastin_1.0,0.3361485059477555
Si anormale préciser   / Elargissement du médiastin_nan,0.1408726982423686
Radiographie bassin_0.0,0.055740182856830564
Radiographie bassin_1.0,0.2637115407700435
Radiographie bassin_nan,0.3224730796034906
Si fait_0.0,0.09785393502508068
Si fait_1.0,0.3066023844713892
Si fait_nan,0.33794861169536505
Si anormale préciser   / Fracture pelvienne_0.0,0.058332159760513966
Si anormale préciser   / Fracture pelvienne_1.0,0.12571006709361152
Si anormale préciser   / Fracture pelvienne_nan,0.33794861169536505
Si anormale préciser   / Disjonction symphyse pubienne_0.0,0.3087467680375271
Si anormale préciser   / Disjonction symphyse pubienne_1.0,0.8764749858695472
Si anormale préciser   / Disjonction symphyse pubienne_nan,0.33794861169536505
Fibrinogène (au déchoc)_0.0,0.10323124998703707
Fibrinogène (au déchoc)_1.0,0.14484942955362853
Fibrinogène (au déchoc)_nan,0.3646979453943864
Etude PROCOAG_0.0,0.7300133633464301
Etude PROCOAG_1.0,0.3853769221473961
Etude PROCOAG_nan,0.6478120135544672
Fractures ouvertes_0.0,0.6037207395804465
Fractures ouvertes_1.0,0.6813102084097342
Fractures ouvertes_nan,0.0006655500087457415
Bloc dans les premières 24h  / Neurochirurgie (ex. : Craniotomie ou DVE)_0.0,0.7383804990791384
Bloc dans les premières 24h  / Neurochirurgie (ex. : Craniotomie ou DVE)_1.0,0.4024934671590894
Bloc dans les premières 24h  / Neurochirurgie (ex. : Craniotomie ou DVE)_nan,0.37046993415399854
Température.1_0.0,0.4053929841602072
Température.1_1.0,0.6519275649596963
Température.1_nan,0.4683683736549066
Choc hémorragique (? 4 CGR sur 6h)_0.0,0.1151675621642532
Choc hémorragique (? 4 CGR sur 6h)_1.0,0.08416060332527771
Choc hémorragique (? 4 CGR sur 6h)_nan,0.4341344137396561
Origine du saignement  / Hémopéritoine_0.0,0.5496225377942336
Origine du saignement  / Hémopéritoine_1.0,0.02406824215199966
Origine du saignement  / Hémopéritoine_nan,0.08416060332534225
Origine du saignement  / Hémorétropéritoine_0.0,0.02518482329532673
Origine du saignement  / Hémorétropéritoine_1.0,0.5032178972244993
Origine du saignement  / Hémorétropéritoine_nan,0.08416060332534225
Origine du saignement  / Hémothorax_0.0,0.09750733344713322
Origine du saignement  / Hémothorax_1.0,0.6572316136247965
Origine du saignement  / Hémothorax_nan,0.08416060332534225
Origine du saignement  / Orthopédique_0.0,0.17303658386701698
Origine du saignement  / Orthopédique_1.0,0.32581463822679424
Origine du saignement  / Orthopédique_nan,0.08416060332534225
Origine du saignement  / Autres_0.0,0.06011887398387966
Origine du saignement  / Autres_1.0,0.940421273558845
Origine du saignement  / Autres_nan,0.08416060332534225
Novoseven_0.0,0.1665696065609081
Novoseven_1.0,0.5186739597147939
Novoseven_nan,0.13947832790231804
Trauma crânien (lésion cérébrale TDM)_0.0,0.20631314116571348
Trauma crânien (lésion cérébrale TDM)_1.0,0.23447361126169455
Trauma crânien (lésion cérébrale TDM)_nan,0.4719690578403362
Pression intracrânienne (PIC)_0.0,0.0539819956100084
Pression intracrânienne (PIC)_1.0,0.5438585318241456
Pression intracrânienne (PIC)_2.0,0.3083780512266259
Pression intracrânienne (PIC)_nan,0.2137333508940879
Dérivation ventriculaire externe (DVE)_0.0,0.09417157431541597
Dérivation ventriculaire externe (DVE)_1.0,0.2713907687239357
Dérivation ventriculaire externe (DVE)_2.0,0.5992273585274588
Dérivation ventriculaire externe (DVE)_nan,0.2137333508940879
Fracture du rachis et/ ou lésion médullaire_0.0,0.8140308245389422
Fracture du rachis et/ ou lésion médullaire_1.0,0.7650824254162356
Fracture du rachis et/ ou lésion médullaire_nan,0.6822509367333733
Rachis neurologique_0.0,0.6994873994065091
Rachis neurologique_1.0,0.9814539311531816
Rachis neurologique_nan,0.754311081877493
Lésion complète_0.0,0.5585483619245
Lésion complète_1.0,0.31667783840428604
Lésion complète_nan,0.8664755139635152
Lésion médullaire sans fracture ( SCYWORA )_0.0,0.3594909860902755
Lésion médullaire sans fracture ( SCYWORA )_1.0,0.627981089423018
Lésion médullaire sans fracture ( SCYWORA )_nan,0.42631640758382494
Procédure limitations de soins (LATA)_0.0,0.21086008933759487
Procédure limitations de soins (LATA)_1.0,0.7225720133512926
Procédure limitations de soins (LATA)_nan,0.11392663226634155
HTIC (>25 PIC simple sédation)_0.0,0.1328012823819949
HTIC (>25 PIC simple sédation)_1.0,0.13377083451608146
HTIC (>25 PIC simple sédation)_nan,0.7816096902795493
Plaquettes < 150 000_0.0,0.2801490025889584
Plaquettes < 150 000_1.0,0.5269970717881747
Plaquettes < 150 000_nan,0.5767809827814304
Épisode diurèse < 500 mL/j_0.0,0.760376013753549
Épisode diurèse < 500 mL/j_1.0,0.8446165407781775
Épisode diurèse < 500 mL/j_nan,0.6671594367786386
Epuration extrarénale (EER)_0.0,0.028181551420280226
Epuration extrarénale (EER)_1.0,0.9743068221885588
Epuration extrarénale (EER)_nan,0.003020734670579107
Infection_0.0,0.32386915254790194
Infection_1.0,0.909344504493538
Infection_nan,0.5354016253572158
Cause  / Respiratoire_0.0,0.2803361008388984
Cause  / Respiratoire_1.0,0.7665538927398784
Cause  / Respiratoire_nan,0.5354016253572158
Cause  / Urinaire_0.0,0.4500627697930436
Cause  / Urinaire_1.0,0.721524622421952
Cause  / Urinaire_nan,0.5354016253572158
Cause  / Abdominal_0.0,0.5328386134657914
Cause  / Abdominal_1.0,0.9983625411395366
Cause  / Abdominal_nan,0.5354016253572158
Cause  / Cérébral (méningite...)_0.0,0.460824349840354
Cause  / Cérébral (méningite...)_1.0,0.3708619540108887
Cause  / Cérébral (méningite...)_nan,0.5354016253572158
Cause  / Site opératoire_0.0,0.7972356721073431
Cause  / Site opératoire_1.0,0.25054570996419384
Cause  / Site opératoire_nan,0.5354016253572158
"Cause  / Matérielle (KT, DVE...)_0.0",0.8363214845933945
"Cause  / Matérielle (KT, DVE...)_1.0",0.22116534606713226
"Cause  / Matérielle (KT, DVE...)_nan",0.5354016253572158
Choc septique_0.0,0.04780125727227655
Choc septique_1.0,0.04780125727221904
Acquisitions BMR_0.0,0.8036694567334588
Acquisitions BMR_1.0,0.3231339584111148
Acquisitions BMR_nan,0.0345251637284938
Patient vivant en couple_0.0,0.9170377154497484
Patient vivant en couple_1.0,0.42990980695822456
Patient vivant en couple_nan,0.32582808744972835
Lieu du traumatisme_0.0,0.924203123160414
Lieu du traumatisme_1.0,0.4758703059801848
Lieu du traumatisme_nan,0.3052692094105788
ASA-PS,1.0491384038542283e-07
Score de Glasgow en phase hospitalière,1.4651437197762403e-29
Score de Glasgow IGS II,1.485314571910935e-07
Pression artérielle systolique IGS II,3.091594764998395e-16
FC IGS II,3.310904431276506e-05
PaO2/FIO2 (mmHg) si VM ou CPAP,1.931889561302012e-13
Diurèse (L/24h),3.5001642861093466e-05
Urée sanguine,0.0008778618990430509
Leucocytes,0.4000229251554408
Kaliémie,6.035287426115279e-09
Natrémie,1.0113675305908647e-13
HCO3-,1.0114700062071225e-12
Bilirubine,0.09678029505481606
SOFA Respiration (PaO2/FiO2 (mmHg)),4.9912303497460995e-25
SOFA Coagulation (plaquette x 10^3/mm3),7.78100798296735e-09
Glasgow,3.688877686270876e-08
Hépatique (bilirubine),8.992223144358421e-09
Rein (créat ou diurèse),1.3539849772009812e-11
Sévérité ARDS,5.165426268567631e-15
Glasgow initial,2.563692125721629e-15
Glasgow moteur initial,9.337909514135068e-12
Glasgow moteur,5.356817623077121e-15
Nombre culots globulaires (avant départ scanner ou bloc),7.015721165878432e-32
Nombre plasma frais congelés (avant départ scanner ou bloc),1.5941845217713826e-24
Nombre concentré plaquettaire (avant départ scanner ou bloc),1.453849421321853e-10
Concentré plaquettaire 6h (nombre de CUP),0.015189440847097963
Concentré plaquettaire 24h (nombre de CUP),0.00011582736668899521
Nombre de pneumopathies,0.012989996181309315
Jour de la première pneumopathie,0.048304574755017336
ISS  / Head_neck,4.422322435201443e-12
ISS  / Face,0.011177073777291466
ISS  / Chest,7.628007486154715e-23
ISS  / Abdomen,1.7881063188467102e-17
ISS  / Extremities,1.627569164881748e-07
ISS  / External,0.0931285130889428
